date,time_index,period_start,period_end,actual_load_kw,actual_load_kwh,actual_pv_kw,actual_pv_kwh,load_forecast_kwh,pv_forecast_used_kw,pv_forecast_used_kwh,forecast_issue_time,forecast_horizon_minutes,pv_forecast_source,load_forecast_source_time,base_plan_grid_kwh,scheduled_grid_kwh,up_adjustment_kwh,down_adjustment_kwh,emergency_purchase_kwh,total_grid_purchase_kwh,grid_purchase_kwh,charge_input_kwh,discharge_output_kwh,curtailed_pv_kwh,overpurchase_spill_kwh,soc_start_kwh,soc_end_kwh,charge_state_binary,price_yuan_per_kwh,base_plan_cost_yuan,adjustment_cost_yuan,emergency_cost_yuan,grid_cost_yuan,strategy,cumulative_grid_cost_yuan,cumulative_grid_kwh,cumulative_emergency_kwh,cumulative_curtailed_pv_kwh
2025-03-20,0,2025-03-20 00:00:00,2025-03-20 00:10:00,3299.0689,549.8448166666667,0.0,0.0,580.17906,0.0,0.0,2025-03-20 00:00:00,10,observed_anchor_linear_to_h1,2025-03-13 00:10:00,1380.17906,1380.17906,0.0,0.0,0.0,1380.17906,1380.17906,800.0,0.0,0.0,30.334243333333234,1200.0,1920.0,1,0.4248,586.300064688,0.0,0.0,586.300064688,rolling,586.300064688,1380.17906,0.0,0.0
2025-03-20,1,2025-03-20 00:10:00,2025-03-20 00:20:00,3421.881,570.3135,0.0,0.0,574.4108266666667,0.0,0.0,2025-03-20 00:00:00,20,observed_anchor_linear_to_h1,2025-03-13 00:20:00,1374.4108266666667,1374.4108266666667,0.0,0.0,0.0,1374.4108266666667,1374.4108266666667,800.0,0.0,0.0,4.097326666666731,1920.0,2640.0,1,0.4245,583.43739592,0.0,0.0,583.43739592,rolling,1169.737460608,2754.5898866666666,0.0,0.0
2025-03-20,2,2025-03-20 00:20:00,2025-03-20 00:30:00,3683.11,613.8516666666667,0.0,0.0,574.2561666666668,0.0,0.0,2025-03-20 00:00:00,30,observed_anchor_linear_to_h1,2025-03-13 00:30:00,1374.2561666666668,1374.2561666666668,0.0,0.0,39.5954999999999,1413.8516666666667,1413.8516666666667,800.0,0.0,0.0,0.0,2640.0,3360.0,1,0.4269,586.66995755,0.0,84.5165947499998,671.1865522999999,rolling,1840.924012908,4168.441553333333,39.5954999999999,0.0
2025-03-20,3,2025-03-20 00:30:00,2025-03-20 00:40:00,3476.737,579.4561666666667,0.0,0.0,585.8734283333335,0.0,0.0,2025-03-20 00:00:00,40,observed_anchor_linear_to_h1,2025-03-13 00:40:00,1385.8734283333335,1385.8734283333335,0.0,0.0,0.0,1385.8734283333335,1385.8734283333335,800.0,0.0,0.0,6.417261666666718,3360.0,4080.0,1,0.4272,592.0451285840002,0.0,0.0,592.0451285840002,rolling,2432.969141492,5554.314981666666,39.5954999999999,0.0
2025-03-20,4,2025-03-20 00:40:00,2025-03-20 00:50:00,3302.6695,550.4449166666667,0.0,0.0,589.6674800000001,0.0,0.0,2025-03-20 00:00:00,50,observed_anchor_linear_to_h1,2025-03-13 00:50:00,1389.66748,1389.66748,0.0,0.0,0.0,1389.66748,1389.66748,800.0,0.0,0.0,39.222563333333255,4080.0,4800.0,1,0.4271,593.526980708,0.0,0.0,593.526980708,rolling,3026.4961221999997,6943.9824616666665,39.5954999999999,0.0
2025-03-20,5,2025-03-20 00:50:00,2025-03-20 01:00:00,3426.94,571.1566666666666,0.0,0.0,584.7841666666668,0.0,0.0,2025-03-20 00:00:00,60,attachment3_10min_interpolation,2025-03-13 01:00:00,1384.7841666666668,1384.7841666666668,0.0,0.0,0.0,1384.7841666666668,1384.7841666666668,800.0,0.0,0.0,13.627500000000055,4800.0,5520.0,1,0.4285,593.3800154166668,0.0,0.0,593.3800154166668,rolling,3619.8761376166667,8328.766628333333,39.5954999999999,0.0
2025-03-20,6,2025-03-20 01:00:00,2025-03-20 01:10:00,3609.5343,601.5890499999999,0.0,0.0,586.794245,0.0,0.0,2025-03-20 00:00:00,70,attachment3_10min_interpolation,2025-03-13 01:10:00,1386.794245,1386.794245,0.0,0.0,14.794804999999997,1401.58905,1401.58905,800.0,0.0,0.0,0.0,5520.0,6240.0,1,0.4311,597.8469990195,0.0,31.890202177499994,629.737201197,rolling,4249.613338813667,9730.355678333333,54.3903049999999,0.0
2025-03-20,7,2025-03-20 01:10:00,2025-03-20 01:20:00,3668.9025,611.48375,0.0,0.0,577.6963900000001,0.0,0.0,2025-03-20 00:00:00,80,attachment3_10min_interpolation,2025-03-13 01:20:00,1377.69639,1377.69639,0.0,0.0,33.78735999999981,1411.4837499999999,1411.4837499999999,800.0,0.0,0.0,0.0,6240.0,6960.0,1,0.4302,592.6849869780001,0.0,72.6766113599996,665.3615983379997,rolling,4914.974937151666,11141.839428333333,88.1776649999997,0.0
2025-03-20,8,2025-03-20 01:20:00,2025-03-20 01:30:00,3589.3,598.2166666666667,0.0,0.0,563.6245000000001,0.0,0.0,2025-03-20 00:00:00,90,attachment3_10min_interpolation,2025-03-13 01:30:00,1363.6245000000001,1363.6245000000001,0.0,0.0,34.59216666666657,1398.2166666666667,1398.2166666666667,800.0,0.0,0.0,0.0,6960.0,7680.0,1,0.4279,583.4949235500001,0.0,74.00994058333313,657.5048641333332,rolling,5572.479801285,12540.056095,122.76983166666628,0.0
2025-03-20,9,2025-03-20 01:30:00,2025-03-20 01:40:00,3503.6157,583.9359499999999,0.0,0.0,572.6025000000001,0.0,0.0,2025-03-20 00:00:00,100,attachment3_10min_interpolation,2025-03-13 01:40:00,839.2691666666667,839.2691666666667,0.0,0.0,11.333449999999857,850.6026166666666,850.6026166666666,266.6666666666667,0.0,0.0,0.0,7680.0,7920.0,1,0.4312,361.8928646666667,0.0,24.434918199999693,386.3277828666664,rolling,5958.807584151666,13390.658711666667,134.10328166666613,0.0
2025-03-20,10,2025-03-20 01:40:00,2025-03-20 01:50:00,3545.9703,590.99505,0.0,0.0,589.2884416666668,0.0,0.0,2025-03-20 00:00:00,110,attachment3_10min_interpolation,2025-03-13 01:50:00,589.2884416666668,589.2884416666668,0.0,0.0,1.706608333333179,590.99505,590.99505,0.0,0.0,0.0,0.0,7920.0,7920.0,0,0.4333,255.33868177416673,0.0,3.6973669541663323,259.03604872833307,rolling,6217.843632879999,13981.653761666666,135.8098899999993,0.0
2025-03-20,11,2025-03-20 01:50:00,2025-03-20 02:00:00,3590.66,598.4433333333333,0.0,0.0,593.8290000000001,0.0,0.0,2025-03-20 00:00:00,120,attachment3_10min_interpolation,2025-03-13 02:00:00,1393.8290000000002,1393.8290000000002,0.0,0.0,4.614333333332979,1398.4433333333332,1398.4433333333332,800.0,0.0,0.0,0.0,7920.0,8640.0,1,0.4311,600.8796819,0.0,9.946195499999236,610.8258773999993,rolling,6828.669510279999,15380.097095,140.4242233333323,0.0
2025-03-20,12,2025-03-20 02:00:00,2025-03-20 02:10:00,3395.9017,565.9836166666666,0.0,0.0,581.3170950000001,0.0,0.0,2025-03-20 00:00:00,130,attachment3_10min_interpolation,2025-03-13 02:10:00,1381.317095,1381.317095,0.0,0.0,0.0,1381.317095,1381.317095,800.0,0.0,0.0,15.33347833333346,8640.0,9360.0,1,0.4293,592.9994288835001,0.0,0.0,592.9994288835001,rolling,7421.668939163499,16761.41419,140.4242233333323,0.0
2025-03-20,13,2025-03-20 02:10:00,2025-03-20 02:20:00,3276.7246,546.1207666666667,0.0,0.0,578.5219383333334,0.0,0.0,2025-03-20 00:00:00,140,attachment3_10min_interpolation,2025-03-13 02:20:00,578.5219383333334,578.5219383333334,0.0,0.0,0.0,578.5219383333334,578.5219383333334,0.0,0.0,0.0,32.401171666666755,9360.0,9360.0,0,0.4324,250.15288613533338,0.0,0.0,250.15288613533338,rolling,7671.821825298833,17339.936128333335,140.4242233333323,0.0
2025-03-20,14,2025-03-20 02:20:00,2025-03-20 02:30:00,3394.28,565.7133333333334,0.0,0.0,589.4313333333334,0.0,0.0,2025-03-20 00:00:00,150,attachment3_10min_interpolation,2025-03-13 02:30:00,589.4313333333334,589.4313333333334,0.0,0.0,0.0,589.4313333333334,589.4313333333334,0.0,0.0,0.0,23.718000000000075,9360.0,9360.0,0,0.4367,257.4046632666667,0.0,0.0,257.4046632666667,rolling,7929.2264885654995,17929.36746166667,140.4242233333323,0.0
2025-03-20,15,2025-03-20 02:30:00,2025-03-20 02:40:00,3587.5594,597.9265666666666,0.0,0.0,594.9057200000001,0.0,0.0,2025-03-20 00:00:00,160,attachment3_10min_interpolation,2025-03-13 02:40:00,594.9057200000001,594.9057200000001,0.0,0.0,3.020846666666557,597.9265666666666,597.9265666666666,0.0,0.0,0.0,0.0,9360.0,9360.0,0,0.4348,258.66500705600004,0.0,6.567320653333095,265.2323277093331,rolling,8194.458816274833,18527.294028333334,143.44506999999885,0.0
2025-03-20,16,2025-03-20 02:40:00,2025-03-20 02:50:00,3605.7268,600.9544666666667,0.0,0.0,604.6617350000001,0.0,0.0,2025-03-20 00:00:00,170,attachment3_10min_interpolation,2025-03-13 02:50:00,604.6617350000001,604.6617350000001,0.0,0.0,0.0,604.6617350000001,604.6617350000001,0.0,0.0,0.0,3.7072683333334453,9360.0,9360.0,0,0.4335,262.12086212250006,0.0,0.0,262.12086212250006,rolling,8456.579678397333,19131.955763333335,143.44506999999885,0.0
2025-03-20,17,2025-03-20 02:50:00,2025-03-20 03:00:00,3522.79,587.1316666666667,0.0,0.0,609.9875000000002,0.0,0.0,2025-03-20 00:00:00,180,attachment3_10min_interpolation,2025-03-13 03:00:00,609.9875000000002,609.9875000000002,0.0,0.0,0.0,609.9875000000002,609.9875000000002,0.0,0.0,0.0,22.85583333333352,9360.0,9360.0,0,0.4357,265.77155375000007,0.0,0.0,265.77155375000007,rolling,8722.351232147334,19741.943263333334,143.44506999999885,0.0
2025-03-20,18,2025-03-20 03:00:00,2025-03-20 03:10:00,3631.2618,605.2103000000001,0.0,0.0,590.5894450000001,0.0,0.0,2025-03-20 00:00:00,190,attachment3_10min_interpolation,2025-03-13 03:10:00,590.5894450000001,590.5894450000001,0.0,0.0,14.620855000000006,605.2103000000001,605.2103000000001,0.0,0.0,0.0,0.0,9360.0,9360.0,0,0.4374,258.32382324300005,0.0,31.975809885000018,290.2996331280001,rolling,9012.650865275333,20347.153563333333,158.06592499999886,0.0
2025-03-20,19,2025-03-20 03:10:00,2025-03-20 03:20:00,3731.3543,621.8923833333333,0.0,0.0,582.2390016666667,0.0,0.0,2025-03-20 00:00:00,200,attachment3_10min_interpolation,2025-03-13 03:20:00,582.2390016666667,582.2390016666667,0.0,0.0,39.65338166666663,621.8923833333333,621.8923833333333,0.0,0.0,0.0,0.0,9360.0,9360.0,0,0.4371,254.4966676285,0.0,86.66246563249992,341.1591332609999,rolling,9353.809998536333,20969.045946666665,197.7193066666655,0.0
2025-03-20,20,2025-03-20 03:20:00,2025-03-20 03:30:00,3721.01,620.1683333333334,0.0,0.0,600.3231666666668,0.0,0.0,2025-03-20 00:00:00,210,attachment3_10min_interpolation,2025-03-13 03:30:00,600.3231666666668,600.3231666666668,0.0,0.0,19.845166666666614,620.1683333333334,620.1683333333334,0.0,0.0,0.0,0.0,9360.0,9360.0,0,0.4356,261.5007714,0.0,43.22277299999988,304.7235443999999,rolling,9658.533542936333,21589.21428,217.5644733333321,0.0
2025-03-20,21,2025-03-20 03:30:00,2025-03-20 03:40:00,3699.7385,616.6230833333333,0.0,0.0,622.7539000000002,0.0,0.0,2025-03-20 00:00:00,220,attachment3_10min_interpolation,2025-03-13 03:40:00,622.7539000000002,622.7539000000002,0.0,0.0,0.0,622.7539000000002,622.7539000000002,0.0,0.0,0.0,6.130816666666874,9360.0,9360.0,0,0.4353,271.08477267000006,0.0,0.0,271.08477267000006,rolling,9929.618315606333,22211.96818,217.5644733333321,0.0
2025-03-20,22,2025-03-20 03:40:00,2025-03-20 03:50:00,3674.7825,612.46375,0.0,0.0,618.5065700000001,0.0,0.0,2025-03-20 00:00:00,230,attachment3_10min_interpolation,2025-03-13 03:50:00,618.5065700000001,618.5065700000001,0.0,0.0,0.0,618.5065700000001,618.5065700000001,0.0,0.0,0.0,6.04282000000012,9360.0,9360.0,0,0.436,269.66886452000006,0.0,0.0,269.66886452000006,rolling,10199.287180126332,22830.47475,217.5644733333321,0.0
2025-03-20,23,2025-03-20 03:50:00,2025-03-20 04:00:00,3623.58,603.93,0.0,0.0,605.1790000000001,0.0,0.0,2025-03-20 00:00:00,240,attachment3_10min_interpolation,2025-03-13 04:00:00,605.1790000000001,605.1790000000001,0.0,0.0,0.0,605.1790000000001,605.1790000000001,0.0,0.0,0.0,1.2490000000001373,9360.0,9360.0,0,0.4378,264.94736620000003,0.0,0.0,264.94736620000003,rolling,10464.234546326332,23435.65375,217.5644733333321,0.0
2025-03-20,24,2025-03-20 04:00:00,2025-03-20 04:10:00,3538.7697,589.79495,0.0019,0.0003166666666666,626.1509300000001,0.0,0.0,2025-03-20 00:00:00,250,attachment3_10min_interpolation,2025-03-13 04:10:00,626.1509300000001,626.1509300000001,0.0,0.0,0.0,626.1509300000001,626.1509300000001,0.0,0.0,0.0003166666666666,36.35598000000016,9360.0,9360.0,0,0.4401,275.56902429300004,0.0,0.0,275.56902429300004,rolling,10739.803570619331,24061.80468,217.5644733333321,0.0003166666666666
2025-03-20,25,2025-03-20 04:10:00,2025-03-20 04:20:00,3488.7843,581.4640499999999,0.0,0.0,629.1889066666668,0.0,0.0,2025-03-20 00:00:00,260,attachment3_10min_interpolation,2025-03-13 04:20:00,629.1889066666668,629.1889066666668,0.0,0.0,0.0,629.1889066666668,629.1889066666668,0.0,0.0,0.0,47.724856666666824,9360.0,9360.0,0,0.4389,276.151011136,0.0,0.0,276.151011136,rolling,11015.954581755332,24690.993586666667,217.5644733333321,0.0003166666666666
2025-03-20,26,2025-03-20 04:20:00,2025-03-20 04:30:00,3513.51,585.585,0.0,0.0,609.5111666666669,0.0,0.0,2025-03-20 00:00:00,270,attachment3_10min_interpolation,2025-03-13 04:30:00,609.5111666666669,609.5111666666669,0.0,0.0,0.0,609.5111666666669,609.5111666666669,0.0,0.0,0.0,23.92616666666686,9360.0,9360.0,0,0.4364,265.9906731333334,0.0,0.0,265.9906731333334,rolling,11281.945254888666,25300.504753333335,217.5644733333321,0.0003166666666666
2025-03-20,27,2025-03-20 04:30:00,2025-03-20 04:40:00,3598.3779,599.72965,0.0271,0.0045166666666666,616.4263216666668,0.0,0.0,2025-03-20 00:00:00,280,attachment3_10min_interpolation,2025-03-13 04:40:00,616.4263216666668,616.4263216666668,0.0,0.0,0.0,616.4263216666668,616.4263216666668,0.0,0.0,0.0045166666666666,16.696671666666816,9360.0,9360.0,0,0.4393,270.7960831081667,0.0,0.0,270.7960831081667,rolling,11552.741337996833,25916.931075,217.5644733333321,0.0048333333333332
2025-03-20,28,2025-03-20 04:40:00,2025-03-20 04:50:00,3700.4359,616.7393166666667,0.0,0.0,628.8472250000002,0.0,0.0,2025-03-20 00:00:00,290,attachment3_10min_interpolation,2025-03-13 04:50:00,628.8472250000002,628.8472250000002,0.0,0.0,0.0,628.8472250000002,628.8472250000002,0.0,0.0,0.0,12.107908333333512,9360.0,9360.0,0,0.4422,278.07624289500006,0.0,0.0,278.07624289500006,rolling,11830.817580891833,26545.7783,217.5644733333321,0.0048333333333332
2025-03-20,29,2025-03-20 04:50:00,2025-03-20 05:00:00,3753.57,625.595,0.0,0.0,627.3486666666668,0.0,0.0,2025-03-20 00:00:00,300,attachment3_10min_interpolation,2025-03-13 05:00:00,627.3486666666668,627.3486666666668,0.0,0.0,0.0,627.3486666666668,627.3486666666668,0.0,0.0,0.0,1.7536666666667315,9360.0,9360.0,0,0.4395,275.71973900000006,0.0,0.0,275.71973900000006,rolling,12106.537319891833,27173.12696666667,217.5644733333321,0.0048333333333332
2025-03-20,30,2025-03-20 05:00:00,2025-03-20 05:10:00,3716.9811,619.49685,0.3776,0.0629333333333333,617.3538466666668,0.0,0.0,2025-03-20 00:00:00,310,attachment3_10min_interpolation,2025-03-13 05:10:00,617.3538466666668,617.3538466666668,0.0,0.0,2.080069999999907,619.4339166666666,619.4339166666666,0.0,0.0,0.0,0.0,9360.0,9360.0,0,0.4333,267.49942176066673,0.0,4.506471654999799,272.00589341566655,rolling,12378.5432133075,27792.560883333335,219.64454333333202,0.0048333333333332
2025-03-20,31,2025-03-20 05:10:00,2025-03-20 05:20:00,3707.0664,617.8444000000001,0.0,0.0,621.8147033333335,0.0,0.0,2025-03-20 00:00:00,320,attachment3_10min_interpolation,2025-03-13 05:20:00,621.8147033333335,621.8147033333335,0.0,0.0,0.0,621.8147033333335,621.8147033333335,0.0,0.0,0.0,3.9703033333333906,9360.0,9360.0,0,0.4439,276.02354680966675,0.0,0.0,276.02354680966675,rolling,12654.566760117166,28414.37558666667,219.64454333333202,0.0048333333333332
2025-03-20,32,2025-03-20 05:20:00,2025-03-20 05:30:00,3642.69,607.115,0.0,0.0,630.0683333333334,0.0,0.0,2025-03-20 00:00:00,330,attachment3_10min_interpolation,2025-03-13 05:30:00,1430.0683333333334,1430.0683333333334,0.0,0.0,0.0,1430.0683333333334,1430.0683333333334,800.0,0.0,0.0,22.953333333333376,9360.0,10080.0,1,0.4301,615.0723901666667,0.0,0.0,615.0723901666667,rolling,13269.639150283832,29844.44392,219.64454333333202,0.0048333333333332
2025-03-20,33,2025-03-20 05:30:00,2025-03-20 05:40:00,3457.8398,576.3066333333334,5.2594,0.8765666666666667,624.3306100000001,0.0,0.0,2025-03-20 00:00:00,340,attachment3_10min_interpolation,2025-03-13 05:40:00,1424.33061,1424.33061,0.0,0.0,0.0,1424.33061,1424.33061,800.0,0.0,0.8765666666666667,48.02397666666661,10080.0,10800.0,1,0.3713,528.8539554930001,0.0,0.0,528.8539554930001,rolling,13798.493105776832,31268.774530000002,219.64454333333202,0.8814
2025-03-20,34,2025-03-20 05:40:00,2025-03-20 05:50:00,4028.7787,671.4631166666667,0.0,0.0,701.9729483333335,0.0,0.0,2025-03-20 00:00:00,350,attachment3_10min_interpolation,2025-03-13 05:50:00,701.9729483333335,701.9729483333335,0.0,0.0,0.0,701.9729483333335,701.9729483333335,0.0,0.0,0.0,30.509831666666855,10800.0,10800.0,0,0.5708,400.68615890866675,0.0,0.0,400.68615890866675,rolling,14199.1792646855,31970.747478333335,219.64454333333202,0.8814
2025-03-20,35,2025-03-20 05:50:00,2025-03-20 06:00:00,4962.09,827.015,0.0,0.0,819.7150000000001,0.0,0.0,2025-03-20 00:00:00,360,attachment3_10min_interpolation,2025-03-13 06:00:00,63.715000000000146,63.715000000000146,0.0,0.0,7.299999999999841,71.01499999999999,71.01499999999999,0.0,756.0,0.0,0.0,10800.0,9960.0,0,0.9099,57.97427850000013,0.0,33.21134999999928,91.18562849999941,rolling,14290.364893185499,32041.762478333334,226.94454333333186,0.8814
2025-03-20,36,2025-03-20 06:00:00,2025-03-20 06:10:00,4905.1198,817.5199666666667,153.4202,25.57003333333333,826.5042566666668,287.91468333333336,47.98578055555556,2025-03-20 06:00:00,10,observed_anchor_linear_to_h1,2025-03-13 06:10:00,22.04705388888908,22.518476111111227,0.47142222222214514,0.0,13.431457222222207,35.94993333333343,35.94993333333343,0.0,756.0,0.0,0.0,9960.0,9120.0,0,0.9368,20.65368008311129,0.6624425066665584,62.91294562888882,84.22906821866667,rolling,14374.593961404165,32077.712411666667,240.37600055555407,0.8814
2025-03-20,37,2025-03-20 06:10:00,2025-03-20 06:20:00,4660.8239,776.8039833333333,401.044,66.84066666666666,814.7726300000002,575.8293666666667,95.97156111111111,2025-03-20 06:00:00,20,observed_anchor_linear_to_h1,2025-03-13 06:20:00,69.85822444444466,70.80106888888906,0.942844444444404,0.0,0.0,70.80106888888906,70.80106888888906,0.0,648.0,8.837752222222434,0.0,9120.0,8400.0,0,0.8758,61.18183296844463,1.2386147466666135,0.0,62.420447715111244,rolling,14437.014409119276,32148.513480555557,240.37600055555407,9.719152222222434
2025-03-20,38,2025-03-20 06:20:00,2025-03-20 06:30:00,4703.75,783.9583333333334,675.525,112.5875,829.3498333333334,863.74405,143.95734166666668,2025-03-20 06:00:00,30,observed_anchor_linear_to_h1,2025-03-13 06:30:00,35.978225000000066,37.39249166666673,1.4142666666666628,0.0,0.0,37.39249166666673,37.39249166666673,0.0,648.0,14.021658333333335,0.0,8400.0,7680.0,0,0.8759,31.513327277500057,1.8581342599999948,0.0,33.37146153750005,rolling,14470.385870656775,32185.905972222223,240.37600055555407,23.74081055555577
2025-03-20,39,2025-03-20 06:30:00,2025-03-20 06:40:00,4726.9008,787.8168000000001,952.6316,158.77193333333335,823.2632333333335,1151.6587333333334,191.94312222222223,2025-03-20 06:00:00,40,observed_anchor_linear_to_h1,2025-03-13 06:40:00,0.0,0.0,0.0,0.0,0.0,0.0,0.0,0.0,648.0,18.955133333333265,0.0,7680.0,6960.0,0,0.8601,0.0,0.0,0.0,0.0,rolling,14470.385870656775,32185.905972222223,240.37600055555407,42.69594388888903
2025-03-20,40,2025-03-20 06:40:00,2025-03-20 06:50:00,4819.4733,803.24555,1302.5378,217.08963333333332,821.9850783333334,1439.5734166666666,239.92890277777778,2025-03-20 06:00:00,50,observed_anchor_linear_to_h1,2025-03-13 06:50:00,39.69906444444439,42.05617555555557,2.3571111111111804,0.0,4.099741111111143,46.15591666666671,46.15591666666671,0.0,540.0,0.0,0.0,6960.0,6360.0,0,0.8442,33.513950203999954,2.9848098000000878,17.305007230000136,53.803767234000176,rolling,14524.189637890775,32232.06188888889,244.47574166666521,42.69594388888903
2025-03-20,41,2025-03-20 06:50:00,2025-03-20 07:00:00,4880.33,813.3883333333333,1693.2375,282.20625,831.5241666666668,1727.4881,287.91468333333336,2025-03-20 06:00:00,60,attachment3_10min_interpolation,2025-03-13 07:00:00,0.7809500000000753,3.609483333333401,2.8285333333333256,0.0,0.0,3.609483333333401,3.609483333333401,0.0,540.0,12.427400000000034,0.0,6360.0,5760.0,0,0.8334,0.6508437300000628,3.53594951999999,0.0,4.186793250000053,rolling,14528.376431140776,32235.671372222223,244.47574166666521,55.12334388888907
2025-03-20,42,2025-03-20 07:00:00,2025-03-20 07:10:00,4689.3761,781.5626833333334,2009.9231,334.98718333333335,829.4203700000003,2033.660033333333,338.94333888888883,2025-03-20 06:00:00,70,attachment3_10min_interpolation,2025-03-13 07:10:00,49.58583111111142,58.477031111111444,8.891200000000026,0.0,0.0,58.477031111111444,58.477031111111444,0.0,432.0,43.9015311111113,0.0,5760.0,5280.0,0,0.8092,40.12485453511136,10.792138560000032,0.0,50.916993095111394,rolling,14579.293424235888,32294.148403333333,244.47574166666521,99.02487500000036
2025-03-20,43,2025-03-20 07:10:00,2025-03-20 07:20:00,4713.3646,785.5607666666666,2305.9149,384.31915,832.5021883333335,2339.831966666666,389.97199444444436,2025-03-20 06:00:00,80,attachment3_10min_interpolation,2025-03-13 07:20:00,0.0,10.53019388888913,10.53019388888913,0.0,0.0,10.53019388888913,10.53019388888913,0.0,432.0,41.2885772222225,0.0,5280.0,4800.0,0,0.7972,0.0,12.592005852333621,0.0,12.592005852333621,rolling,14591.885430088221,32304.67859722222,244.47574166666521,140.31345222222285
2025-03-20,44,2025-03-20 07:20:00,2025-03-20 07:30:00,4827.2,804.5333333333333,2609.7375,434.95625,822.7058333333334,2646.0039,441.00065,2025-03-20 06:00:00,90,attachment3_10min_interpolation,2025-03-13 07:30:00,36.68865000000005,57.70518333333342,21.01653333333337,0.0,0.0,57.70518333333342,57.70518333333342,0.0,324.0,12.128100000000188,0.0,4800.0,4440.0,0,0.7644,28.04480406000004,24.09755712000004,0.0,52.14236118000008,rolling,14644.027791268221,32362.383780555552,244.47574166666521,152.44155222222304
2025-03-20,45,2025-03-20 07:30:00,2025-03-20 07:40:00,4578.156,763.026,2894.0148,482.3358,789.7944600000001,2952.175833333333,492.0293055555555,2025-03-20 06:00:00,100,attachment3_10min_interpolation,2025-03-13 07:40:00,270.6859544444445,297.7651544444446,27.07920000000007,0.0,0.0,297.7651544444446,297.7651544444446,0.0,0.0,17.074954444444643,0.0,4440.0,4440.0,0,0.6899,186.74623997122225,28.022910120000073,0.0,214.76915009122231,rolling,14858.796941359444,32660.148934999997,244.47574166666521,169.51650666666768
2025-03-20,46,2025-03-20 07:40:00,2025-03-20 07:50:00,5187.0368,864.5061333333333,3179.5684,529.9280666666667,921.0593833333335,3258.3477666666663,543.057961111111,2025-03-20 06:00:00,110,attachment3_10min_interpolation,2025-03-13 07:50:00,20.85955555555563,54.00142222222246,33.14186666666683,0.0,0.0,54.00142222222246,54.00142222222246,0.0,324.0,43.42335555555587,0.0,4440.0,4080.0,0,0.86,17.93921777777784,42.75300800000021,0.0,60.69222577777805,rolling,14919.489167137222,32714.15035722222,244.47574166666521,212.93986222222355
2025-03-20,47,2025-03-20 07:50:00,2025-03-20 08:00:00,6405.59,1067.5983333333334,3476.5125,579.4187499999999,1127.3826666666669,3564.5197,594.0866166666666,2025-03-20 06:00:00,120,attachment3_10min_interpolation,2025-03-13 08:00:00,62.09151666666685,0.0,0.0,62.09151666666685,0.0,0.0,0.0,0.0,540.0,51.820416666666574,0.0,4080.0,3480.0,0,1.1617,72.13171491166688,-36.06585745583344,0.0,36.06585745583344,rolling,14955.555024593055,32714.15035722222,244.47574166666521,264.7602788888901
2025-03-20,48,2025-03-20 08:00:00,2025-03-20 08:10:00,6658.0486,1109.6747666666668,3761.2255,626.8709166666666,1117.6282250000002,3881.1197166666666,646.8532861111111,2025-03-20 06:00:00,130,attachment3_10min_interpolation,2025-03-13 08:10:00,3.9139472222224185,38.774938888889096,34.86099166666668,0.0,12.028911111111142,50.80385000000024,50.80385000000024,0.0,432.0,0.0,0.0,3480.0,3000.0,0,1.1683,4.572664539722451,61.092144846250015,70.26688425555574,135.9316936415282,rolling,15091.486718234584,32764.95420722222,256.50465277777636,264.7602788888901
2025-03-20,49,2025-03-20 08:10:00,2025-03-20 08:20:00,6606.6001,1101.1000166666663,3976.3717,662.7286166666667,1087.2567500000002,4197.719733333333,699.6199555555555,2025-03-20 06:00:00,140,attachment3_10min_interpolation,2025-03-13 08:20:00,33.119344444444664,63.63679444444472,30.517450000000053,0.0,50.73460555555505,114.37139999999977,114.37139999999977,0.0,324.0,0.0,0.0,3000.0,2640.0,0,1.0956,36.28555377333357,50.15237733000008,277.92416923333053,364.3621003366642,rolling,15455.848818571249,32879.32560722222,307.2392583333314,264.7602788888901
2025-03-20,50,2025-03-20 08:20:00,2025-03-20 08:30:00,6687.27,1114.545,4220.325,703.3874999999999,1118.5365000000002,4514.31975,752.386625,2025-03-20 06:00:00,150,attachment3_10min_interpolation,2025-03-13 08:30:00,15.975966666666864,42.14987500000018,26.173908333333316,0.0,45.007625000000075,87.15750000000025,87.15750000000025,0.0,324.0,0.0,0.0,2640.0,2280.0,0,1.0849,17.33232623666688,42.59410972624997,244.1438618125004,304.07029777541726,rolling,15759.919116346666,32966.48310722222,352.2468833333315,264.7602788888901
2025-03-20,51,2025-03-20 08:30:00,2025-03-20 08:40:00,6649.776,1108.296,4653.7429,775.6238166666667,1101.4041300000001,4830.919766666667,805.1532944444444,2025-03-20 06:00:00,160,attachment3_10min_interpolation,2025-03-13 08:40:00,58.42046888888888,80.25083555555568,21.830366666666805,0.0,36.421347777777555,116.67218333333324,116.67218333333324,0.0,216.0,0.0,0.0,2280.0,2040.0,0,1.061,61.98411749111109,34.74302855000022,193.21524996110992,289.94239600222124,rolling,16049.861512348887,33083.15529055556,388.66823111110904,264.7602788888901
2025-03-20,52,2025-03-20 08:40:00,2025-03-20 08:50:00,6705.5335,1117.5889166666666,5037.5027,839.5837833333334,1105.2586150000002,5147.519783333333,857.9199638888889,2025-03-20 06:00:00,170,attachment3_10min_interpolation,2025-03-13 08:50:00,13.851826111111222,31.33865111111129,17.486825000000067,0.0,30.666482222222044,62.00513333333333,62.00513333333333,0.0,216.0,0.0,0.0,2040.0,1800.0,0,1.043,14.447454633889004,27.358137712500103,159.92570478888794,201.73129713527703,rolling,16251.592809484164,33145.16042388889,419.3347133333311,264.7602788888901
2025-03-20,53,2025-03-20 08:50:00,2025-03-20 09:00:00,6757.81,1126.3016666666667,5180.8875,863.4812499999999,1135.0556666666669,5464.1198,910.6866333333334,2025-03-20 06:00:00,180,attachment3_10min_interpolation,2025-03-13 09:00:00,0.0,8.369033333333505,8.369033333333505,0.0,38.45138333333341,46.820416666666915,46.820416666666915,0.0,216.0,0.0,0.0,1800.0,1560.0,0,1.036,0.0,13.005477800000266,199.17816566666704,212.18364346666732,rolling,16463.77645295083,33191.98084055556,457.7860966666645,264.7602788888901
2025-03-20,54,2025-03-20 09:00:00,2025-03-20 09:10:00,6494.2004,1082.3667333333333,5166.4978,861.0829666666667,1115.9906333333336,5683.137266666667,947.1895444444444,2025-03-20 06:00:00,190,attachment3_10min_interpolation,2025-03-13 09:10:00,34.34667500000012,60.801088888889126,26.454413888889007,0.0,52.48267777777744,113.28376666666657,113.28376666666657,0.0,108.0,0.0,0.0,1560.0,1440.0,0,1.0147,34.85157112250012,40.26494065958351,266.2708657055538,341.3873774876374,rolling,16805.16383043847,33305.26460722223,510.26877444444193,264.7602788888901
2025-03-20,55,2025-03-20 09:10:00,2025-03-20 09:20:00,6436.4392,1072.7398666666666,5533.329,922.2215,1099.1701516666667,5902.154733333334,983.6924555555556,2025-03-20 06:00:00,200,attachment3_10min_interpolation,2025-03-13 09:20:00,75.71215166666661,7.477696111111072,0.0,68.23445555555554,35.040670555555494,42.518366666666566,42.518366666666566,0.0,108.0,0.0,0.0,1440.0,1320.0,0,0.9922,75.12159688366661,-33.8511134011111,173.8367666261108,215.1072501086663,rolling,17020.271080547136,33347.78297388889,545.3094449999974,264.7602788888901
2025-03-20,56,2025-03-20 09:20:00,2025-03-20 09:30:00,6570.85,1095.1416666666669,6107.7375,1017.95625,1105.5516666666667,6121.1722,1020.1953666666667,2025-03-20 06:00:00,210,attachment3_10min_interpolation,2025-03-13 09:30:00,32.279624999999896,0.0,0.0,32.279624999999896,0.0,0.0,0.0,0.0,108.0,30.814583333333076,0.0,1320.0,1200.0,0,0.97,31.311236249999897,-15.655618124999949,0.0,15.655618124999949,rolling,17035.926698672138,33347.78297388889,545.3094449999974,295.5748622222232
2025-03-20,57,2025-03-20 09:30:00,2025-03-20 09:40:00,6399.3635,1066.5605833333334,6182.795,1030.4658333333334,1103.4181650000003,6340.189666666666,1056.6982777777778,2025-03-20 06:00:00,220,attachment3_10min_interpolation,2025-03-13 09:40:00,0.0,46.719887222222496,46.719887222222496,0.0,0.0,46.719887222222496,46.719887222222496,0.0,0.0,10.62513722222252,0.0,1200.0,1200.0,0,0.9422,0.0,66.02921661116706,0.0,66.02921661116706,rolling,17101.955915283306,33394.50286111111,545.3094449999974,306.1999994444457
2025-03-20,58,2025-03-20 09:40:00,2025-03-20 09:50:00,6445.9301,1074.321683333333,6198.386,1033.0643333333337,1101.1446633333335,6559.207133333333,1093.201188888889,2025-03-20 06:00:00,230,attachment3_10min_interpolation,2025-03-13 09:50:00,61.57787166666694,7.943474444444519,0.0,53.63439722222242,33.31387555555489,41.257349999999406,41.257349999999406,0.0,0.0,0.0,0.0,1200.0,1200.0,0,0.9569,58.92386539783359,-25.661377350972316,159.39023759555235,192.65272564241363,rolling,17294.60864092572,33435.76021111111,578.6233205555523,306.1999994444457
2025-03-20,59,2025-03-20 09:50:00,2025-03-20 10:00:00,6697.43,1116.2383333333337,6426.1875,1071.03125,1103.3010000000002,6778.2246,1129.7041,2025-03-20 06:00:00,240,attachment3_10min_interpolation,2025-03-13 10:00:00,13.920166666666859,0.0,0.0,13.920166666666859,45.207083333333685,45.207083333333685,45.207083333333685,0.0,0.0,0.0,0.0,1200.0,1200.0,0,0.9977,13.888150283333525,-6.9440751416667625,225.51553520833508,232.45961035000184,rolling,17527.06825127572,33480.96729444445,623.8304038888859,306.1999994444457
2025-03-20,60,2025-03-20 10:00:00,2025-03-20 10:10:00,6577.9956,1096.3326,6675.2481,1112.54135,1102.3093033333334,6946.356449999999,1157.7260749999998,2025-03-20 06:00:00,250,attachment3_10min_interpolation,2025-03-13 10:10:00,0.0,0.0,0.0,0.0,0.0,0.0,0.0,0.0,0.0,16.20875000000001,0.0,1200.0,1200.0,0,0.9919,0.0,0.0,0.0,0.0,rolling,17527.06825127572,33480.96729444445,623.8304038888859,322.40874944444573
2025-03-20,61,2025-03-20 10:10:00,2025-03-20 10:20:00,6445.2772,1074.2128666666667,6774.004,1129.0006666666666,1099.7035883333338,7114.4883,1185.74805,2025-03-20 06:00:00,260,attachment3_10min_interpolation,2025-03-13 10:20:00,0.0,0.0,0.0,0.0,0.0,0.0,0.0,0.0,0.0,54.787799999999834,0.0,1200.0,1200.0,0,0.9588,0.0,0.0,0.0,0.0,rolling,17527.06825127572,33480.96729444445,623.8304038888859,377.19654944444557
2025-03-20,62,2025-03-20 10:20:00,2025-03-20 10:30:00,6473.61,1078.935,6879.075,1146.5125,1090.9731666666669,7282.62015,1213.770025,2025-03-20 06:00:00,270,attachment3_10min_interpolation,2025-03-13 10:30:00,58.783550000000275,10.536475000000195,0.0,48.24707500000008,55.21935833333305,65.75583333333324,65.75583333333324,133.33333333333334,0.0,0.0,0.0,1200.0,1320.0,1,0.9549,56.13241189500026,-23.035565958750038,263.64482636249863,296.7416722987489,rolling,17823.809923574467,33546.72312777778,679.049762222219,377.19654944444557
2025-03-20,63,2025-03-20 10:30:00,2025-03-20 10:40:00,6454.2353,1075.7058833333333,7268.5137,1211.41895,1071.9522766666669,7450.751999999999,1241.7919999999997,2025-03-20 06:00:00,280,attachment3_10min_interpolation,2025-03-13 10:40:00,14.381954444444489,0.0,0.0,14.381954444444489,0.0,0.0,0.0,133.33333333333334,0.0,2.3797333333334336,0.0,1320.0,1440.0,1,0.9839,14.150404977888932,-7.075202488944466,0.0,7.075202488944466,rolling,17830.88512606341,33546.72312777778,679.049762222219,379.576282777779
2025-03-20,64,2025-03-20 10:40:00,2025-03-20 10:50:00,6352.336,1058.7226666666668,7455.3554,1242.5592333333334,1072.0190283333334,7618.88385,1269.813975,2025-03-20 06:00:00,290,attachment3_10min_interpolation,2025-03-13 10:50:00,0.0,0.0,0.0,0.0,0.0,0.0,0.0,133.33333333333334,0.0,50.503233333333355,0.0,1440.0,1560.0,1,0.799,0.0,0.0,0.0,0.0,rolling,17830.88512606341,33546.72312777778,679.049762222219,430.07951611111235
2025-03-20,65,2025-03-20 10:50:00,2025-03-20 11:00:00,6279.9,1046.65,7263.0,1210.5,1088.8848333333335,7787.0157,1297.83595,2025-03-20 06:00:00,300,attachment3_10min_interpolation,2025-03-13 11:00:00,513.8864333333333,57.71555000000029,0.0,456.17088333333305,45.101116666666485,102.81666666666678,102.81666666666678,266.6666666666667,0.0,0.0,0.0,1560.0,1800.0,1,0.5025,258.22793275,-114.61293443749992,113.31655562499954,256.9315539374996,rolling,18087.81668000091,33649.53979444445,724.1508788888855,430.07951611111235
2025-03-20,66,2025-03-20 11:00:00,2025-03-20 11:10:00,6362.0436,1060.3406,7021.6679,1170.2779833333334,1089.3991850000002,7894.038583333333,1315.6730972222222,2025-03-20 06:00:00,310,attachment3_10min_interpolation,2025-03-13 11:10:00,525.5966350000001,440.3927544444447,0.0,85.20388055555543,116.33652888888855,556.7292833333332,556.7292833333332,666.6666666666666,0.0,0.0,0.0,1800.0,2400.0,1,0.4662,245.03315123700006,-19.86102455749997,271.1804488399992,496.3525755194993,rolling,18584.16925552041,34206.26907777778,840.487407777774,430.07951611111235
2025-03-20,67,2025-03-20 11:10:00,2025-03-20 11:20:00,6393.8373,1065.63955,7052.8842,1175.4807,1077.7080100000003,8001.061466666667,1333.5102444444444,2025-03-20 06:00:00,320,attachment3_10min_interpolation,2025-03-13 11:20:00,525.1013100000002,10.864432222222547,0.0,514.2368777777776,145.96108444444417,156.82551666666672,156.82551666666672,266.6666666666667,0.0,0.0,0.0,2400.0,2640.0,1,0.5007,262.91822591700014,-128.73920235166665,365.41357490666604,499.5925984719995,rolling,19083.761853992408,34363.09459444445,986.4484922222182,430.07951611111235
2025-03-20,68,2025-03-20 11:20:00,2025-03-20 11:30:00,6360.1,1060.0166666666669,7317.5625,1219.59375,1071.3760000000002,8108.08435,1351.3473916666667,2025-03-20 06:00:00,330,attachment3_10min_interpolation,2025-03-13 11:30:00,529.9651500000002,520.0286083333335,0.0,9.936541666666699,120.39430833333336,640.4229166666669,640.4229166666669,800.0,0.0,0.0,0.0,2640.0,3360.0,1,0.4827,255.81417790500012,-2.398184331250008,290.57166316250004,543.9876567362502,rolling,19627.74951072866,35003.51751111112,1106.8428005555515,430.07951611111235
2025-03-20,69,2025-03-20 11:30:00,2025-03-20 11:40:00,6424.0276,1070.6712666666667,7505.6333,1250.9388833333337,1079.170325,8215.107233333334,1369.184538888889,2025-03-20 06:00:00,340,attachment3_10min_interpolation,2025-03-13 11:40:00,548.9553250000001,509.9857861111111,0.0,38.96953888888902,109.74659722222191,619.732383333333,619.732383333333,800.0,0.0,0.0,0.0,3360.0,4080.0,1,0.4785,262.6751230125,-9.323462179166697,262.56873385416594,515.9203946874993,rolling,20143.669905416158,35623.24989444445,1216.5893977777735,430.07951611111235
2025-03-20,70,2025-03-20 11:40:00,2025-03-20 11:50:00,6379.6216,1063.2702666666669,7635.0323,1272.5053833333334,1062.3773133333334,8322.130116666667,1387.0216861111112,2025-03-20 06:00:00,350,attachment3_10min_interpolation,2025-03-13 11:50:00,543.3581633333336,475.3556272222222,0.0,68.00253611111134,115.40925611111129,590.7648833333335,590.7648833333335,800.0,0.0,0.0,0.0,4080.0,4800.0,1,0.4662,253.3135757460001,-15.851391167500054,269.0189759950004,506.48116057350046,rolling,20650.15106598966,36214.01477777779,1331.9986538888847,430.07951611111235
2025-03-20,71,2025-03-20 11:50:00,2025-03-20 12:00:00,6168.32,1028.0533333333333,7818.45,1303.075,1023.2286666666669,8429.153,1404.8588333333335,2025-03-20 06:00:00,360,attachment3_10min_interpolation,2025-03-13 12:00:00,515.4053666666669,418.3698333333334,0.0,97.03553333333343,106.60849999999982,524.9783333333332,524.9783333333332,800.0,0.0,0.0,0.0,4800.0,5520.0,1,0.4432,228.42765850666675,-21.503074186666687,236.24443599999958,443.1690203199996,rolling,21093.320086309657,36738.99311111112,1438.6071538888846,430.07951611111235
2025-03-20,72,2025-03-20 12:00:00,2025-03-20 12:10:00,5958.8116,993.1352666666668,8082.9395,1347.1565833333334,1006.0320283333334,7785.682116666667,1297.613686111111,2025-03-20 12:00:00,10,observed_anchor_linear_to_h1,2025-03-13 12:10:00,539.9939088888892,508.41834222222235,0.0,31.575566666666873,0.0,508.41834222222235,508.41834222222235,800.0,0.0,62.43965888888897,0.0,5520.0,6240.0,1,0.4411,238.19131321088904,-6.963991228333379,0.0,231.22732198255565,rolling,21324.547408292212,37247.41145333334,1438.6071538888846,492.5191750000013
2025-03-20,73,2025-03-20 12:10:00,2025-03-20 12:20:00,5855.2299,975.87165,8090.5707,1348.42845,1011.4047150000001,7752.914233333333,1292.152372222222,2025-03-20 12:00:00,20,observed_anchor_linear_to_h1,2025-03-13 12:20:00,587.1517761111111,519.252342777778,0.0,67.89943333333304,0.0,519.252342777778,519.252342777778,800.0,0.0,91.8091427777781,0.0,6240.0,6960.0,1,0.4551,267.2127733081667,-15.450516054999932,0.0,251.76225725316675,rolling,21576.309665545377,37766.66379611112,1438.6071538888846,584.3283177777794
2025-03-20,74,2025-03-20 12:20:00,2025-03-20 12:30:00,5883.66,980.61,7709.3625,1284.89375,1015.4656666666668,7720.14635,1286.6910583333333,2025-03-20 12:00:00,30,observed_anchor_linear_to_h1,2025-03-13 12:30:00,632.9979083333334,528.7746083333335,0.0,104.22329999999988,0.0,528.7746083333335,528.7746083333335,800.0,0.0,33.058358333333445,0.0,6960.0,7680.0,1,0.4463,282.5069664891667,-23.25742939499997,0.0,259.2495370941667,rolling,21835.559202639542,38295.43840444445,1438.6071538888846,617.3866761111128
2025-03-20,75,2025-03-20 12:30:00,2025-03-20 12:40:00,6006.2794,1001.0465666666668,7205.256,1200.876,998.4924833333334,7687.378466666667,1281.2297444444446,2025-03-20 12:00:00,40,observed_anchor_linear_to_h1,2025-03-13 12:40:00,657.8099055555556,517.2627388888889,0.0,140.54716666666673,82.90782777777804,600.1705666666669,600.1705666666669,800.0,0.0,0.0,0.0,7680.0,8400.0,1,0.4113,270.557214155,-28.903524825000012,170.4999478250005,412.1536371550005,rolling,22247.71283979454,38895.60897111112,1521.5149816666626,617.3866761111128
2025-03-20,76,2025-03-20 12:40:00,2025-03-20 12:50:00,6168.3548,1028.0591333333334,7206.9442,1201.1573666666666,1006.8346083333336,7654.610583333333,1275.7684305555556,2025-03-20 12:00:00,50,observed_anchor_linear_to_h1,2025-03-13 12:50:00,41.27054444444465,0.0,0.0,41.27054444444465,93.56843333333359,93.56843333333359,93.56843333333359,266.6666666666667,0.0,0.0,0.0,8400.0,8640.0,1,0.5682,23.449923353333453,-11.724961676666727,265.8279191000007,277.55288077666745,rolling,22525.26572057121,38989.177404444454,1615.0834149999962,617.3866761111128
2025-03-20,77,2025-03-20 12:50:00,2025-03-20 13:00:00,6351.38,1058.5633333333333,7525.8,1254.3,1045.6580000000001,7621.8427,1270.3071166666666,2025-03-20 12:00:00,60,attachment3_10min_interpolation,2025-03-13 13:00:00,0.0,0.0,0.0,0.0,0.0,0.0,0.0,133.33333333333334,0.0,62.40333333333342,0.0,8640.0,8760.0,1,0.8279,0.0,0.0,0.0,0.0,rolling,22525.26572057121,38989.177404444454,1615.0834149999962,679.7900094444462
2025-03-20,78,2025-03-20 13:00:00,2025-03-20 13:10:00,6510.6216,1085.1036,7339.075,1223.1791666666666,1070.3175416666668,7499.5652,1249.9275333333333,2025-03-20 12:00:00,70,attachment3_10min_interpolation,2025-03-13 13:10:00,25.85646944444443,0.0,0.0,25.85646944444443,0.0,0.0,0.0,133.33333333333334,0.0,4.742233333333388,0.0,8760.0,8880.0,1,0.8636,22.32964701222221,-11.164823506111105,0.0,11.164823506111105,rolling,22536.43054407732,38989.177404444454,1615.0834149999962,684.5322427777796
2025-03-20,79,2025-03-20 13:10:00,2025-03-20 13:20:00,6358.8315,1059.80525,6900.6338,1150.1056333333331,1069.1540633333334,7377.2877,1229.54795,2025-03-20 12:00:00,80,attachment3_10min_interpolation,2025-03-13 13:20:00,37.34413555555557,0.0,0.0,37.34413555555557,43.03295000000003,43.03295000000003,43.03295000000003,133.33333333333334,0.0,0.0,0.0,8880.0,9000.0,1,0.8416,31.428824483555566,-15.714412241777783,181.08265360000013,196.7970658417779,rolling,22733.227609919097,39032.210354444454,1658.1163649999962,684.5322427777796
2025-03-20,80,2025-03-20 13:20:00,2025-03-20 13:30:00,6039.3,1006.55,6610.0125,1101.66875,1058.8096666666668,7255.010200000001,1209.1683666666668,2025-03-20 12:00:00,90,attachment3_10min_interpolation,2025-03-13 13:30:00,39.650883333333354,0.0,0.0,39.650883333333354,38.21458333333317,38.21458333333317,38.21458333333317,133.33333333333334,0.0,0.0,0.0,9000.0,9120.0,1,0.8618,34.17113125666668,-17.08556562833334,164.66663958333262,181.75220521166597,rolling,22914.979815130762,39070.42493777779,1696.3309483333294,684.5322427777796
2025-03-20,81,2025-03-20 13:30:00,2025-03-20 13:40:00,6028.9848,1004.8308,6642.1795,1107.0299166666666,1061.685885,7132.7327000000005,1188.7887833333334,2025-03-20 12:00:00,100,attachment3_10min_interpolation,2025-03-13 13:40:00,55.17824611111121,6.230435000000028,0.0,48.94781111111118,24.903781666666646,31.134216666666674,31.134216666666674,133.33333333333334,0.0,0.0,0.0,9120.0,9240.0,1,0.8623,47.58020162161119,-21.103848760555582,107.37265465583323,133.84900751688883,rolling,23048.82882264765,39101.559154444454,1721.234729999996,684.5322427777796
2025-03-20,82,2025-03-20 13:40:00,2025-03-20 13:50:00,6177.7813,1029.630216666667,6806.5377,1134.42295,1047.9271283333337,7010.4552,1168.4092,2025-03-20 12:00:00,110,attachment3_10min_interpolation,2025-03-13 13:50:00,54.07063388888912,12.851261666667,0.0,41.21937222222212,15.689338333333353,28.540600000000353,28.540600000000353,133.33333333333334,0.0,0.0,0.0,9240.0,9360.0,1,0.9026,48.804154148111316,-18.60230268388884,70.80598389833342,101.0078353625559,rolling,23149.83665801021,39130.099754444454,1736.9240683333294,684.5322427777796
2025-03-20,83,2025-03-20 13:50:00,2025-03-20 14:00:00,6280.02,1046.67,6799.95,1133.325,1028.5821666666668,6888.1777,1148.0296166666667,2025-03-20 12:00:00,120,attachment3_10min_interpolation,2025-03-13 14:00:00,47.37681666666674,13.885883333333453,0.0,33.49093333333329,32.79244999999992,46.67833333333337,46.67833333333337,133.33333333333334,0.0,0.0,0.0,9360.0,9480.0,1,0.9754,46.21134697666674,-16.333528186666644,159.92877864999963,189.80659743999973,rolling,23339.64325545021,39176.77808777779,1769.7165183333293,684.5322427777796
2025-03-20,84,2025-03-20 14:00:00,2025-03-20 14:10:00,6283.4823,1047.24705,6453.6137,1075.6022833333334,1044.9794000000002,6607.66825,1101.2780416666667,2025-03-20 12:00:00,130,attachment3_10min_interpolation,2025-03-13 14:10:00,10.970650000000205,0.0,0.0,10.970650000000205,0.0,0.0,0.0,0.0,0.0,28.355233333333445,0.0,9480.0,9480.0,0,1.0002,10.972844130000205,-5.486422065000102,0.0,5.486422065000102,rolling,23345.12967751521,39176.77808777779,1769.7165183333293,712.8874761111131
2025-03-20,85,2025-03-20 14:10:00,2025-03-20 14:20:00,6314.912,1052.4853333333333,6203.5886,1033.9314333333334,1046.1356283333334,6327.1588,1054.5264666666667,2025-03-20 12:00:00,140,attachment3_10min_interpolation,2025-03-13 14:20:00,67.32347833333336,0.0,0.0,67.32347833333336,18.553899999999885,18.553899999999885,18.553899999999885,0.0,0.0,0.0,0.0,9480.0,9480.0,0,0.9978,67.17536668100003,-33.587683340500014,92.56540709999942,126.15309044049943,rolling,23471.282767955712,39195.33198777779,1788.2704183333292,712.8874761111131
2025-03-20,86,2025-03-20 14:20:00,2025-03-20 14:30:00,6352.79,1058.7983333333334,6115.6875,1019.28125,1032.4298333333334,6046.64935,1007.7748916666666,2025-03-20 12:00:00,150,attachment3_10min_interpolation,2025-03-13 14:30:00,0.8142833333333783,24.654941666666787,23.84065833333341,0.0,14.862141666666503,39.51708333333329,39.51708333333329,0.0,0.0,0.0,0.0,9480.0,9480.0,0,1.0271,0.8363504116667128,36.73011026125011,76.32452852916582,113.89098920208264,rolling,23585.173757157794,39234.84907111112,1803.1325599999957,712.8874761111131
2025-03-20,87,2025-03-20 14:30:00,2025-03-20 14:40:00,6259.4213,1043.2368833333333,5837.6616,972.9436,1053.4400600000001,5766.1399,961.0233166666667,2025-03-20 12:00:00,160,attachment3_10min_interpolation,2025-03-13 14:40:00,77.02111000000002,0.0,0.0,77.02111000000002,0.0,0.0,0.0,0.0,108.0,37.70671666666669,0.0,9480.0,9360.0,0,1.0906,83.99922256600003,-41.999611283000014,0.0,41.999611283000014,rolling,23627.173368440795,39234.84907111112,1803.1325599999957,750.5941927777798
2025-03-20,88,2025-03-20 14:40:00,2025-03-20 14:50:00,6190.1146,1031.6857666666667,5431.9635,905.32725,1058.295775,5485.63045,914.2717416666666,2025-03-20 12:00:00,170,attachment3_10min_interpolation,2025-03-13 14:50:00,29.073425000000043,36.02403333333348,6.9506083333334345,0.0,0.0,36.02403333333348,36.02403333333348,0.0,108.0,17.665516666666804,0.0,9360.0,9240.0,0,0.9376,27.25924328000004,9.775335560000142,0.0,37.03457884000018,rolling,23664.207947280796,39270.87310444446,1803.1325599999957,768.2597094444466
2025-03-20,89,2025-03-20 14:50:00,2025-03-20 15:00:00,6156.64,1026.1066666666668,5072.775,845.4625,1036.0940000000003,5205.121,867.5201666666667,2025-03-20 12:00:00,180,attachment3_10min_interpolation,2025-03-13 15:00:00,786.0682500000003,701.907166666667,0.0,84.1610833333333,12.07033333333311,713.9775000000001,713.9775000000001,533.3333333333334,0.0,0.0,0.0,9240.0,9720.0,1,0.6694,526.1940865500002,-28.168714591666653,40.39940566666592,538.4247776249995,rolling,24202.632724905794,39984.85060444446,1815.2028933333288,768.2597094444466
2025-03-20,90,2025-03-20 15:00:00,2025-03-20 15:10:00,6039.3659,1006.5609833333332,4855.4545,809.2424166666666,1029.312926666667,4880.425166666667,813.4041944444444,2025-03-20 12:00:00,190,attachment3_10min_interpolation,2025-03-13 15:10:00,1222.2528100000004,1015.9087322222225,0.0,206.3440777777779,0.0,1015.9087322222225,1015.9087322222225,800.0,0.0,18.590165555555814,0.0,9720.0,10440.0,1,0.66,806.6868546000003,-68.09354566666671,0.0,738.5933089333336,rolling,24941.226033839128,41000.759336666684,1815.2028933333288,786.8498750000024
2025-03-20,91,2025-03-20 15:10:00,2025-03-20 15:20:00,6054.6789,1009.11315,4561.8383,760.3063833333334,1030.9410283333336,4555.729333333334,759.2882222222223,2025-03-20 12:00:00,200,attachment3_10min_interpolation,2025-03-13 15:20:00,466.8465450000002,404.9861394444447,0.0,61.86040555555553,0.0,404.9861394444447,404.9861394444447,133.33333333333334,0.0,22.846039444444727,0.0,10440.0,10560.0,1,0.7217,336.92315152650013,-22.322327344722215,0.0,314.6008241817779,rolling,25255.826858020904,41405.74547611113,1815.2028933333288,809.6959144444471
2025-03-20,92,2025-03-20 15:20:00,2025-03-20 15:30:00,6187.68,1031.28,4146.825,691.1374999999999,1034.5815000000002,4231.0335,705.17225,2025-03-20 12:00:00,210,attachment3_10min_interpolation,2025-03-13 15:30:00,513.4526500000003,462.74258333333364,0.0,50.71006666666665,10.733249999999657,473.4758333333333,473.4758333333333,133.33333333333334,0.0,0.0,0.0,10560.0,10680.0,1,0.7308,375.2311966200002,-18.529458359999992,39.21929549999874,395.921033759999,rolling,25651.747891780902,41879.22130944446,1825.9361433333283,809.6959144444471
2025-03-20,93,2025-03-20 15:30:00,2025-03-20 15:40:00,6195.3721,1032.5620166666663,3778.6785,629.77975,1041.0614850000002,3906.337666666667,651.0562777777778,2025-03-20 12:00:00,220,attachment3_10min_interpolation,2025-03-13 15:40:00,562.8982683333336,523.3385405555557,0.0,39.55972777777788,12.777059444443807,536.1155999999995,536.1155999999995,133.33333333333334,0.0,0.0,0.0,10680.0,10800.0,1,0.7534,424.0875553623335,-14.902149453888926,48.13118292721982,457.3165888356644,rolling,26109.064480616566,42415.33690944446,1838.713202777772,809.6959144444471
2025-03-20,94,2025-03-20 15:40:00,2025-03-20 15:50:00,6186.1376,1031.0229333333334,3471.4229,578.5704833333333,1027.0395033333334,3581.641833333333,596.9403055555555,2025-03-20 12:00:00,230,attachment3_10min_interpolation,2025-03-13 15:50:00,591.8419200000001,430.09919777777793,0.0,161.74272222222214,22.35325222222218,452.4524500000001,452.4524500000001,0.0,0.0,0.0,0.0,10800.0,10800.0,0,0.7823,462.99793401600004,-63.26566579722219,87.43474606722206,487.1670142859999,rolling,26596.231494902564,42867.789359444454,1861.0664549999942,809.6959144444471
2025-03-20,95,2025-03-20 15:50:00,2025-03-20 16:00:00,6200.17,1033.361666666667,3156.225,526.0375,1003.5038333333334,3256.946,542.8243333333334,2025-03-20 12:00:00,240,attachment3_10min_interpolation,2025-03-13 16:00:00,611.2718833333333,460.6795000000001,0.0,150.59238333333326,46.64466666666681,507.3241666666669,507.3241666666669,0.0,0.0,0.0,0.0,10800.0,10800.0,0,0.8055,492.379502025,-60.65108238749997,187.86139500000056,619.5898146375006,rolling,27215.821309540064,43375.11352611112,1907.711121666661,809.6959144444471
2025-03-20,96,2025-03-20 16:00:00,2025-03-20 16:10:00,6153.3743,1025.5623833333334,2779.805,463.3008333333333,1007.5825900000001,2946.7262666666666,491.1210444444444,2025-03-20 12:00:00,250,attachment3_10min_interpolation,2025-03-13 16:10:00,646.0132538888889,516.4615455555556,0.0,129.5517083333333,45.80000444444448,562.2615500000002,562.2615500000002,0.0,0.0,0.0,0.0,10800.0,10800.0,0,0.8271,534.3175622914999,-53.57610898124998,189.40591838000014,670.1473716902501,rolling,27885.968681230315,43937.37507611112,1953.5111261111056,809.6959144444471
2025-03-20,97,2025-03-20 16:10:00,2025-03-20 16:20:00,6101.7592,1016.9598666666668,2507.3559,417.89265,1019.5762816666667,2636.506533333333,439.4177555555555,2025-03-20 12:00:00,260,attachment3_10min_interpolation,2025-03-13 16:20:00,688.6695594444445,580.1585261111111,0.0,108.51103333333344,18.908690555555722,599.0672166666668,599.0672166666668,0.0,0.0,0.0,0.0,10800.0,10800.0,0,0.8519,586.6775976907223,-46.22027464833338,80.5415674213896,620.9988904637785,rolling,28506.967571694095,44536.44229277779,1972.4198166666613,809.6959144444471
2025-03-20,98,2025-03-20 16:20:00,2025-03-20 16:30:00,6118.95,1019.825,2334.4125,389.06875,1021.1275,2326.2868,387.7144666666666,2025-03-20 12:00:00,270,attachment3_10min_interpolation,2025-03-13 16:30:00,720.8833916666667,633.4130333333335,0.0,87.47035833333325,0.0,633.4130333333335,633.4130333333335,0.0,0.0,2.6567833333334647,0.0,10800.0,10800.0,0,0.8791,633.7285896141667,-38.44759600541663,0.0,595.2809936087501,rolling,29102.248565302845,45169.85532611112,1972.4198166666613,812.3526977777806
2025-03-20,99,2025-03-20 16:30:00,2025-03-20 16:40:00,6209.4949,1034.9158166666666,2077.0816,346.1802666666667,1013.516906666667,2016.0670666666665,336.01117777777773,2025-03-20 12:00:00,280,attachment3_10min_interpolation,2025-03-13 16:40:00,743.9354122222226,677.5057288888893,0.0,66.42968333333329,11.229821111110653,688.7355499999999,688.7355499999999,0.0,0.0,0.0,0.0,10800.0,10800.0,0,0.9024,671.3273159893337,-29.973073119999977,50.66895285333126,692.0231957226649,rolling,29794.27176102551,45858.59087611112,1983.6496377777719,812.3526977777806
2025-03-20,100,2025-03-20 16:40:00,2025-03-20 16:50:00,6190.199,1031.6998333333331,1733.8533,288.97555,1011.9316250000002,1705.8473333333332,284.30788888888884,2025-03-20 12:00:00,290,attachment3_10min_interpolation,2025-03-13 16:50:00,773.0127444444446,727.6237361111114,0.0,45.38900833333321,15.100547222221735,742.7242833333331,742.7242833333331,0.0,0.0,0.0,0.0,10800.0,10800.0,0,0.9163,708.3115777344445,-20.79497416791661,69.18315709860887,756.6997606651368,rolling,30550.971521690648,46601.31515944446,1998.7501849999935,812.3526977777806
2025-03-20,101,2025-03-20 16:50:00,2025-03-20 17:00:00,6102.19,1017.0316666666666,1377.7125,229.61875,1019.6433333333335,1395.6276,232.6046,2025-03-20 12:00:00,300,attachment3_10min_interpolation,2025-03-13 17:00:00,811.3870666666669,787.0387333333335,0.0,24.348333333333358,0.37418333333309306,787.4129166666667,787.4129166666667,0.0,0.0,0.0,0.0,10800.0,10800.0,0,0.9264,751.6689785600003,-11.27814800000001,1.733217199998887,742.1240477599991,rolling,31293.09556945065,47388.728076111125,1999.1243683333266,812.3526977777806
2025-03-20,102,2025-03-20 17:00:00,2025-03-20 17:10:00,6143.2969,1023.8828166666668,1083.9022,180.65036666666663,1023.9485200000003,1163.023,193.83716666666666,2025-03-20 12:00:00,310,attachment3_10min_interpolation,2025-03-13 17:10:00,850.4016311111113,830.1113533333336,0.0,20.29027777777776,13.12109666666663,843.2324500000002,843.2324500000002,0.0,0.0,0.0,0.0,10800.0,10800.0,0,0.9462,804.6500233573336,-9.599330416666659,62.07590832999983,857.1266012706667,rolling,32150.222170721314,48231.96052611113,2012.2454649999931,812.3526977777806
2025-03-20,103,2025-03-20 17:10:00,2025-03-20 17:20:00,6075.0134,1012.5022333333332,831.8823,138.64705,1011.1942250000002,930.4184,155.06973333333335,2025-03-20 12:00:00,320,attachment3_10min_interpolation,2025-03-13 17:20:00,872.3567138888891,856.1244916666668,0.0,16.232222222222276,17.73069166666633,873.8551833333331,873.8551833333331,0.0,0.0,0.0,0.0,10800.0,10800.0,0,0.9742,849.8499106705557,-7.906715444444471,86.36619910833168,928.3093943344429,rolling,33078.53156505576,49105.81570944446,2029.9761566666596,812.3526977777806
2025-03-20,104,2025-03-20 17:20:00,2025-03-20 17:30:00,6025.68,1004.28,597.3375,99.55625,1015.1181666666668,697.8138,116.3023,2025-03-20 12:00:00,330,attachment3_10min_interpolation,2025-03-13 17:30:00,910.9900333333334,898.8158666666668,0.0,12.174166666666565,5.90788333333316,904.72375,904.72375,0.0,0.0,0.0,0.0,10800.0,10800.0,0,0.9862,898.4183708733333,-6.003081583333283,29.131772716665814,921.5470620066659,rolling,34000.07862706242,50010.53945944446,2035.8840399999926,812.3526977777806
2025-03-20,105,2025-03-20 17:30:00,2025-03-20 17:40:00,6213.4416,1035.5736,374.8971,62.482850000000006,1057.5169216666668,465.20920000000007,77.53486666666667,2025-03-20 12:00:00,340,attachment3_10min_interpolation,2025-03-13 17:40:00,988.0981661111113,979.9820550000002,0.0,8.116111111111081,0.0,979.9820550000002,979.9820550000002,0.0,0.0,6.891305000000237,0.0,10800.0,10800.0,0,0.976,964.3838101244446,-3.9606622222222074,0.0,960.4231479022224,rolling,34960.50177496464,50990.52151444446,2035.8840399999926,819.2440027777808
2025-03-20,106,2025-03-20 17:40:00,2025-03-20 17:50:00,5394.1467,899.02445,156.1276,26.021266666666666,936.8590083333333,232.6046000000001,38.76743333333335,2025-03-20 12:00:00,350,attachment3_10min_interpolation,2025-03-13 17:50:00,902.1496305555555,898.091575,0.0,4.058055555555484,0.0,898.091575,898.091575,0.0,0.0,25.0883916666667,0.0,10800.0,10800.0,0,1.0742,969.0891331427778,-2.1795816388888505,0.0,966.9095515038889,rolling,35927.41132646853,51888.61308944446,2035.8840399999926,844.3323944444475
2025-03-20,107,2025-03-20 17:50:00,2025-03-20 18:00:00,4094.12,682.3533333333334,0.0,0.0,720.1283333333334,0.0,0.0,2025-03-20 12:00:00,360,attachment3_10min_interpolation,2025-03-13 18:00:00,720.1283333333334,720.1283333333334,0.0,0.0,0.0,720.1283333333334,720.1283333333334,0.0,0.0,0.0,37.77500000000009,10800.0,10800.0,0,1.2313,886.6940168333335,0.0,0.0,886.6940168333335,rolling,36814.10534330186,52608.74142277779,2035.8840399999926,844.3323944444475
2025-03-20,108,2025-03-20 18:00:00,2025-03-20 18:10:00,4187.9837,697.9972833333333,0.0,0.0,693.6506666666668,0.0,0.0,2025-03-20 18:00:00,10,observed_anchor_linear_to_h1,2025-03-13 18:10:00,45.65066666666678,45.65066666666678,0.0,0.0,4.346616666666478,49.99728333333326,49.99728333333326,0.0,648.0,0.0,0.0,10800.0,10080.0,0,1.2561,57.34180240000014,0.0,27.298925974998813,84.64072837499896,rolling,36898.74607167686,52658.73870611112,2040.2306566666591,844.3323944444475
2025-03-20,109,2025-03-20 18:10:00,2025-03-20 18:20:00,4441.4267,740.2377833333334,5.5774,0.9295666666666668,727.8775883333335,0.0,0.0,2025-03-20 18:00:00,20,observed_anchor_linear_to_h1,2025-03-13 18:20:00,727.8775883333335,727.8775883333335,0.0,0.0,11.430628333333196,739.3082166666667,739.3082166666667,0.0,0.0,0.0,0.0,10080.0,10080.0,0,1.2447,905.9892341985002,0.0,71.13851543249915,977.1277496309993,rolling,37875.87382130786,53398.04692277779,2051.6612849999924,844.3323944444475
2025-03-20,110,2025-03-20 18:20:00,2025-03-20 18:30:00,4255.45,709.2416666666667,0.0,0.0,727.5531666666668,0.0,0.0,2025-03-20 18:00:00,30,observed_anchor_linear_to_h1,2025-03-13 18:30:00,511.5531666666668,511.5531666666668,0.0,0.0,0.0,511.5531666666668,511.5531666666668,0.0,216.0,0.0,18.311500000000137,10080.0,9840.0,0,1.2545,641.7434475833335,0.0,0.0,641.7434475833335,rolling,38517.6172688912,53909.60008944445,2051.6612849999924,844.3323944444475
2025-03-20,111,2025-03-20 18:30:00,2025-03-20 18:40:00,4286.5369,714.4228166666667,0.0,0.0,728.0419133333335,0.0,0.0,2025-03-20 18:00:00,40,observed_anchor_linear_to_h1,2025-03-13 18:40:00,728.0419133333335,728.0419133333335,0.0,0.0,0.0,728.0419133333335,728.0419133333335,0.0,0.0,0.0,13.619096666666792,9840.0,9840.0,0,1.2522,911.6540838760002,0.0,0.0,911.6540838760002,rolling,39429.271352767195,54637.642002777786,2051.6612849999924,844.3323944444475
2025-03-20,112,2025-03-20 18:40:00,2025-03-20 18:50:00,4470.2464,745.0410666666667,0.4004,0.0667333333333333,720.9485866666668,0.0,0.0,2025-03-20 18:00:00,50,observed_anchor_linear_to_h1,2025-03-13 18:50:00,72.94858666666676,72.94858666666676,0.0,0.0,24.025746666666578,96.97433333333333,96.97433333333333,0.0,648.0,0.0,0.0,9840.0,9120.0,0,1.2881,93.96507448533345,0.0,154.7378214066661,248.70289589199953,rolling,39677.97424865919,54734.61633611112,2075.687031666659,844.3323944444475
2025-03-20,113,2025-03-20 18:50:00,2025-03-20 19:00:00,4579.24,763.2066666666666,0.0,0.0,710.0066666666669,0.0,0.0,2025-03-20 18:00:00,60,attachment3_10min_interpolation,2025-03-13 19:00:00,62.00666666666689,62.00666666666689,0.0,0.0,53.199999999999704,115.20666666666659,115.20666666666659,0.0,648.0,0.0,0.0,9120.0,8400.0,0,1.3466,83.49817733333363,0.0,358.195599999998,441.69377733333164,rolling,40119.66802599253,54849.82300277778,2128.887031666659,844.3323944444475
2025-03-20,114,2025-03-20 19:00:00,2025-03-20 19:10:00,4480.3082,746.7180333333334,0.0,0.0,714.5672616666668,0.0,0.0,2025-03-20 18:00:00,70,attachment3_10min_interpolation,2025-03-13 19:10:00,66.56726166666681,66.56726166666681,0.0,0.0,32.15077166666663,98.71803333333344,98.71803333333344,0.0,648.0,0.0,0.0,8400.0,7680.0,0,1.3523,90.01890795183353,0.0,217.3874426241664,307.4063505759999,rolling,40427.074376568526,54948.54103611111,2161.0378033333254,844.3323944444475
2025-03-20,115,2025-03-20 19:10:00,2025-03-20 19:20:00,4285.5618,714.2603,0.0288,0.0048,719.0743433333334,0.0,0.0,2025-03-20 18:00:00,80,attachment3_10min_interpolation,2025-03-13 19:20:00,71.07434333333345,71.07434333333345,0.0,0.0,0.0,71.07434333333345,71.07434333333345,0.0,648.0,0.0048,4.814043333333461,7680.0,6960.0,0,1.3445,95.55945461166682,0.0,0.0,95.55945461166682,rolling,40522.633831180196,55019.61537944445,2161.0378033333254,844.3371944444475
2025-03-20,116,2025-03-20 19:20:00,2025-03-20 19:30:00,4196.78,699.4633333333333,0.0,0.0,724.7158333333334,0.0,0.0,2025-03-20 18:00:00,90,attachment3_10min_interpolation,2025-03-13 19:30:00,76.71583333333342,76.71583333333342,0.0,0.0,0.0,76.71583333333342,76.71583333333342,0.0,648.0,0.0,25.25250000000017,6960.0,6240.0,0,1.3483,103.43595808333346,0.0,0.0,103.43595808333346,rolling,40626.06978926353,55096.33121277778,2161.0378033333254,844.3371944444475
2025-03-20,117,2025-03-20 19:30:00,2025-03-20 19:40:00,4330.8684,721.8114,0.0,0.0,744.2391550000002,0.0,0.0,2025-03-20 18:00:00,100,attachment3_10min_interpolation,2025-03-13 19:40:00,96.23915500000021,96.23915500000021,0.0,0.0,0.0,96.23915500000021,96.23915500000021,0.0,648.0,0.0,22.42775500000016,6240.0,5520.0,0,1.349,129.8266200950003,0.0,0.0,129.8266200950003,rolling,40755.89640935853,55192.570367777786,2161.0378033333254,844.3371944444475
2025-03-20,118,2025-03-20 19:40:00,2025-03-20 19:50:00,4370.9481,728.4913499999999,0.0021,0.00035,736.6207733333334,0.0,0.0,2025-03-20 18:00:00,110,attachment3_10min_interpolation,2025-03-13 19:50:00,88.62077333333343,88.62077333333343,0.0,0.0,0.0,88.62077333333343,88.62077333333343,0.0,648.0,0.00035,8.12942333333356,5520.0,4800.0,0,1.3473,119.39876791200012,0.0,0.0,119.39876791200012,rolling,40875.295177270535,55281.19114111112,2161.0378033333254,844.3375444444475
2025-03-20,119,2025-03-20 19:50:00,2025-03-20 20:00:00,4358.21,726.3683333333333,0.0,0.0,714.3686666666667,0.0,0.0,2025-03-20 18:00:00,120,attachment3_10min_interpolation,2025-03-13 20:00:00,66.36866666666674,66.36866666666674,0.0,0.0,11.999666666666599,78.36833333333334,78.36833333333334,0.0,648.0,0.0,0.0,4800.0,4080.0,0,1.3482,89.4782364000001,0.0,80.88975299999954,170.36798939999966,rolling,41045.663166670536,55359.55947444445,2173.037469999992,844.3375444444475
2025-03-20,120,2025-03-20 20:00:00,2025-03-20 20:10:00,4586.0191,764.3365166666667,0.0,0.0,730.3801966666668,0.0,0.0,2025-03-20 18:00:00,130,attachment3_10min_interpolation,2025-03-13 20:10:00,82.38019666666685,82.38019666666685,0.0,0.0,33.95631999999989,116.33651666666674,116.33651666666674,0.0,648.0,0.0,0.0,4080.0,3360.0,0,1.3513,111.32035975566691,0.0,229.42587607999926,340.7462358356662,rolling,41386.4094025062,55475.89599111112,2206.993789999992,844.3375444444475
2025-03-20,121,2025-03-20 20:10:00,2025-03-20 20:20:00,4523.6629,753.9438166666667,0.0,0.0,733.1875933333334,0.0,0.0,2025-03-20 18:00:00,140,attachment3_10min_interpolation,2025-03-13 20:20:00,85.18759333333344,85.18759333333344,0.0,0.0,20.75622333333331,105.94381666666675,105.94381666666675,0.0,648.0,0.0,0.0,3360.0,2640.0,0,1.34,114.15137506666682,0.0,139.06669633333317,253.21807139999999,rolling,41639.6274739062,55581.83980777779,2227.750013333325,844.3375444444475
2025-03-20,122,2025-03-20 20:20:00,2025-03-20 20:30:00,4215.37,702.5616666666666,0.0,0.0,715.1503333333335,0.0,0.0,2025-03-20 18:00:00,150,attachment3_10min_interpolation,2025-03-13 20:30:00,67.15033333333349,67.15033333333349,0.0,0.0,0.0,67.15033333333349,67.15033333333349,0.0,648.0,0.0,12.588666666666882,2640.0,1920.0,0,1.3489,90.57908463333355,0.0,0.0,90.57908463333355,rolling,41730.20655853953,55648.99014111112,2227.750013333325,844.3375444444475
2025-03-20,123,2025-03-20 20:30:00,2025-03-20 20:40:00,4256.2469,709.3744833333334,0.0,0.0,723.2816450000001,0.0,0.0,2025-03-20 18:00:00,160,attachment3_10min_interpolation,2025-03-13 20:40:00,75.28164500000014,75.28164500000014,0.0,0.0,0.0,75.28164500000014,75.28164500000014,0.0,648.0,0.0,13.907161666666752,1920.0,1200.0,0,1.3952,105.03295110400019,0.0,0.0,105.03295110400019,rolling,41835.239509643536,55724.27178611112,2227.750013333325,844.3375444444475
2025-03-20,124,2025-03-20 20:40:00,2025-03-20 20:50:00,4319.0159,719.8359833333334,0.0,0.0,741.0302983333335,0.0,0.0,2025-03-20 18:00:00,170,attachment3_10min_interpolation,2025-03-13 20:50:00,741.0302983333335,741.0302983333335,0.0,0.0,0.0,741.0302983333335,741.0302983333335,0.0,0.0,0.0,21.194315000000074,1200.0,1200.0,0,1.2226,905.9836427423335,0.0,0.0,905.9836427423335,rolling,42741.22315238587,56465.302084444455,2227.750013333325,844.3375444444475
2025-03-20,125,2025-03-20 20:50:00,2025-03-20 21:00:00,4257.25,709.5416666666666,0.0,0.0,745.4441666666668,0.0,0.0,2025-03-20 18:00:00,180,attachment3_10min_interpolation,2025-03-13 21:00:00,745.4441666666668,745.4441666666668,0.0,0.0,0.0,745.4441666666668,745.4441666666668,0.0,0.0,0.0,35.902500000000146,1200.0,1200.0,0,0.9332,695.6484963333335,0.0,0.0,695.6484963333335,rolling,43436.87164871921,57210.74625111112,2227.750013333325,844.3375444444475
2025-03-20,126,2025-03-20 21:00:00,2025-03-20 21:10:00,4290.2681,715.0446833333334,0.0,0.0,731.2269533333334,0.0,0.0,2025-03-20 18:00:00,190,attachment3_10min_interpolation,2025-03-13 21:10:00,731.2269533333334,731.2269533333334,0.0,0.0,0.0,731.2269533333334,731.2269533333334,0.0,0.0,0.0,16.182270000000017,1200.0,1200.0,0,0.9068,663.0766012826668,0.0,0.0,663.0766012826668,rolling,44099.94825000187,57941.97320444445,2227.750013333325,844.3375444444475
2025-03-20,127,2025-03-20 21:10:00,2025-03-20 21:20:00,4418.7036,736.4506,0.0,0.0,721.8685050000001,0.0,0.0,2025-03-20 18:00:00,200,attachment3_10min_interpolation,2025-03-13 21:20:00,721.8685050000001,721.8685050000001,0.0,0.0,14.582094999999867,736.4506,736.4506,0.0,0.0,0.0,0.0,1200.0,1200.0,0,0.9371,676.4629760355002,0.0,68.32440612249938,744.7873821579996,rolling,44844.73563215987,58678.42380444445,2242.332108333325,844.3375444444475
2025-03-20,128,2025-03-20 21:20:00,2025-03-20 21:30:00,4553.6,758.9333333333334,0.0,0.0,730.4093333333335,0.0,0.0,2025-03-20 18:00:00,210,attachment3_10min_interpolation,2025-03-13 21:30:00,730.4093333333335,730.4093333333335,0.0,0.0,28.523999999999887,758.9333333333334,758.9333333333334,0.0,0.0,0.0,0.0,1200.0,1200.0,0,0.9371,684.4665862666668,0.0,133.6492019999995,818.1157882666663,rolling,45662.85142042654,59437.357137777784,2270.8561083333248,844.3375444444475
2025-03-20,129,2025-03-20 21:30:00,2025-03-20 21:40:00,4526.2528,754.3754666666667,0.0,0.0,735.6705766666669,0.0,0.0,2025-03-20 18:00:00,220,attachment3_10min_interpolation,2025-03-13 21:40:00,735.6705766666669,735.6705766666669,0.0,0.0,18.704889999999864,754.3754666666667,754.3754666666667,0.0,0.0,0.0,0.0,1200.0,1200.0,0,0.9871,726.1804262276669,0.0,92.31798459499933,818.4984108226662,rolling,46481.3498312492,60191.73260444445,2289.5609983333247,844.3375444444475
2025-03-20,130,2025-03-20 21:40:00,2025-03-20 21:50:00,4001.6252,666.9375333333334,0.0,0.0,656.2605316666668,0.0,0.0,2025-03-20 18:00:00,230,attachment3_10min_interpolation,2025-03-13 21:50:00,656.2605316666668,656.2605316666668,0.0,0.0,10.67700166666657,666.9375333333334,666.9375333333334,0.0,0.0,0.0,0.0,1200.0,1200.0,0,0.7764,509.5206767860001,0.0,41.44812046999962,550.9687972559997,rolling,47032.3186285052,60858.67013777778,2300.237999999991,844.3375444444475
2025-03-20,131,2025-03-20 21:50:00,2025-03-20 22:00:00,3318.94,553.1566666666666,0.0,0.0,544.546,0.0,0.0,2025-03-20 18:00:00,240,attachment3_10min_interpolation,2025-03-13 22:00:00,544.546,544.546,0.0,0.0,8.610666666666589,553.1566666666666,553.1566666666666,0.0,0.0,0.0,0.0,1200.0,1200.0,0,0.4209,229.19941140000003,0.0,18.121147999999835,247.32055939999987,rolling,47279.6391879052,61411.82680444445,2308.8486666666577,844.3375444444475
2025-03-20,132,2025-03-20 22:00:00,2025-03-20 22:10:00,3233.4088,538.9014666666667,0.0,0.0,542.7267066666668,0.0,0.0,2025-03-20 18:00:00,250,attachment3_10min_interpolation,2025-03-13 22:10:00,542.7267066666668,542.7267066666668,0.0,0.0,0.0,542.7267066666668,542.7267066666668,0.0,0.0,0.0,3.8252400000001217,1200.0,1200.0,0,0.3859,209.43823610266674,0.0,0.0,209.43823610266674,rolling,47489.07742400787,61954.55351111112,2308.8486666666577,844.3375444444475
2025-03-20,133,2025-03-20 22:10:00,2025-03-20 22:20:00,3319.971,553.3285,0.0,0.0,562.2563383333335,0.0,0.0,2025-03-20 18:00:00,260,attachment3_10min_interpolation,2025-03-13 22:20:00,562.2563383333335,562.2563383333335,0.0,0.0,0.0,562.2563383333335,562.2563383333335,0.0,0.0,0.0,8.927838333333511,1200.0,1200.0,0,0.4368,245.59356858400008,0.0,0.0,245.59356858400008,rolling,47734.67099259187,62516.80984944445,2308.8486666666577,844.3375444444475
2025-03-20,134,2025-03-20 22:20:00,2025-03-20 22:30:00,3255.84,542.64,0.0,0.0,555.3395,0.0,0.0,2025-03-20 18:00:00,270,attachment3_10min_interpolation,2025-03-13 22:30:00,555.3395,555.3395,0.0,0.0,0.0,555.3395,555.3395,0.0,0.0,0.0,12.699500000000057,1200.0,1200.0,0,0.4198,233.1315221,0.0,0.0,233.1315221,rolling,47967.802514691866,63072.14934944445,2308.8486666666577,844.3375444444475
2025-03-20,135,2025-03-20 22:30:00,2025-03-20 22:40:00,3144.1326,524.0221,0.0,0.0,560.4827366666667,0.0,0.0,2025-03-20 18:00:00,280,attachment3_10min_interpolation,2025-03-13 22:40:00,560.4827366666667,560.4827366666667,0.0,0.0,0.0,560.4827366666667,560.4827366666667,0.0,0.0,0.0,36.46063666666669,1200.0,1200.0,0,0.4186,234.6180735686667,0.0,0.0,234.6180735686667,rolling,48202.42058826053,63632.632086111116,2308.8486666666577,844.3375444444475
2025-03-20,136,2025-03-20 22:40:00,2025-03-20 22:50:00,3161.8174,526.9695666666667,0.0,0.0,562.5004500000001,0.0,0.0,2025-03-20 18:00:00,290,attachment3_10min_interpolation,2025-03-13 22:50:00,562.5004500000001,562.5004500000001,0.0,0.0,0.0,562.5004500000001,562.5004500000001,0.0,0.0,0.0,35.53088333333346,1200.0,1200.0,0,0.4241,238.55644084500003,0.0,0.0,238.55644084500003,rolling,48440.97702910553,64195.132536111116,2308.8486666666577,844.3375444444475
2025-03-20,137,2025-03-20 22:50:00,2025-03-20 23:00:00,3296.4,549.4,0.0,0.0,563.133,0.0,0.0,2025-03-20 18:00:00,300,attachment3_10min_interpolation,2025-03-13 23:00:00,563.133,563.133,0.0,0.0,0.0,563.133,563.133,0.0,0.0,0.0,13.733000000000061,1200.0,1200.0,0,0.4237,238.59945210000004,0.0,0.0,238.59945210000004,rolling,48679.576481205535,64758.26553611112,2308.8486666666577,844.3375444444475
2025-03-20,138,2025-03-20 23:00:00,2025-03-20 23:10:00,3356.4081,559.40135,0.0,0.0,580.4857116666668,0.0,0.0,2025-03-20 18:00:00,310,attachment3_10min_interpolation,2025-03-13 23:10:00,580.4857116666668,580.4857116666668,0.0,0.0,0.0,580.4857116666668,580.4857116666668,0.0,0.0,0.0,21.084361666666837,1200.0,1200.0,0,0.4248,246.59033031600006,0.0,0.0,246.59033031600006,rolling,48926.166811521536,65338.751247777785,2308.8486666666577,844.3375444444475
2025-03-20,139,2025-03-20 23:10:00,2025-03-20 23:20:00,3261.7676,543.6279333333333,0.0,0.0,575.1340683333335,0.0,0.0,2025-03-20 18:00:00,320,attachment3_10min_interpolation,2025-03-13 23:20:00,575.1340683333335,575.1340683333335,0.0,0.0,0.0,575.1340683333335,575.1340683333335,0.0,0.0,0.0,31.5061350000002,1200.0,1200.0,0,0.424,243.8568449733334,0.0,0.0,243.8568449733334,rolling,49170.02365649487,65913.88531611112,2308.8486666666577,844.3375444444475
2025-03-20,140,2025-03-20 23:20:00,2025-03-20 23:30:00,3267.73,544.6216666666667,0.0,0.0,556.7441666666668,0.0,0.0,2025-03-20 18:00:00,330,attachment3_10min_interpolation,2025-03-13 23:30:00,556.7441666666668,556.7441666666668,0.0,0.0,0.0,556.7441666666668,556.7441666666668,0.0,0.0,0.0,12.122500000000173,1200.0,1200.0,0,0.422,234.9460383333334,0.0,0.0,234.9460383333334,rolling,49404.96969482821,66470.62948277779,2308.8486666666577,844.3375444444475
2025-03-20,141,2025-03-20 23:30:00,2025-03-20 23:40:00,3604.076,600.6793333333334,0.0,0.0,564.6570833333334,0.0,0.0,2025-03-20 18:00:00,340,attachment3_10min_interpolation,2025-03-13 23:40:00,564.6570833333334,564.6570833333334,0.0,0.0,36.022249999999985,600.6793333333334,600.6793333333334,0.0,0.0,0.0,0.0,1200.0,1200.0,0,0.424,239.41460333333336,0.0,76.36716999999997,315.7817733333333,rolling,49720.75146816154,67071.30881611112,2344.8709166666576,844.3375444444475
2025-03-20,142,2025-03-20 23:40:00,2025-03-20 23:50:00,3245.8691,540.9781833333333,0.0,0.0,508.17612166666675,0.0,0.0,2025-03-20 18:00:00,350,attachment3_10min_interpolation,2025-03-13 23:50:00,508.17612166666675,508.17612166666675,0.0,0.0,32.80206166666653,540.9781833333333,540.9781833333333,0.0,0.0,0.0,0.0,1200.0,1200.0,0,0.4271,217.04202156383334,0.0,70.04880268916638,287.0908242529997,rolling,50007.84229241454,67612.28699944446,2377.672978333324,844.3375444444475
2025-03-20,143,2025-03-20 23:50:00,2025-03-21 00:00:00,2401.0,400.1666666666667,0.0,0.0,412.1016666666667,0.0,0.0,2025-03-20 18:00:00,360,attachment3_10min_interpolation,2025-03-14 00:00:00,412.1016666666667,412.1016666666667,0.0,0.0,0.0,412.1016666666667,412.1016666666667,0.0,0.0,0.0,11.935000000000002,1200.0,1200.0,0,0.4276,176.21467266666667,0.0,0.0,176.21467266666667,rolling,50184.05696508121,68024.38866611113,2377.672978333324,844.3375444444475
