strategy,date,soc_start_kwh,soc_end_kwh,planned_purchase_kwh,planned_cost_yuan,expected_emergency_cost_yuan,safety_quantile,safety_scenario_positive_net_kwh,actual_emergency_kwh,actual_emergency_cost_yuan,actual_emergency_intervals,spill_kwh,total_cost_yuan
optimized_proposed,2025-02-01,1851.843470192576,2127.131536265618,42713.661528940225,22405.18806068275,625.5533812586274,0.8,47553.91881453125,0.0,0.0,0,4373.3785566289425,22405.18806068275
optimized_proposed,2025-02-02,2127.131536265618,1706.947141006446,88270.91008676817,55989.90314009969,8212.560866844344,0.8,84713.00875854914,0.0,0.0,0,6152.672136026731,55989.90314009969
optimized_proposed,2025-02-03,1706.947141006446,1390.417759935159,86797.35531192509,54999.16098510591,3385.370457406026,0.8,82692.76180332463,0.0,0.0,0,2696.522307473575,54999.16098510591
optimized_proposed,2025-02-04,1390.417759935159,1449.56356192575,86746.16547469882,54897.93257461726,842.580100999396,0.8,82383.05770033998,0.0,0.0,0,893.462444001156,54897.93257461726
optimized_proposed,2025-02-05,1449.56356192575,1200.0,86105.32306148643,54417.19019881404,3606.6544727384658,0.8,81698.03425805276,78.3617410185327,222.5576284813246,5,1190.0233163039838,54639.74782729536
optimized_proposed,2025-02-06,1200.0,1385.5548836856358,86765.69786013357,54897.57842436207,3300.8921041549343,0.8,81806.03625655748,0.0,0.0,0,1922.0865191413443,54897.57842436207
optimized_proposed,2025-02-07,1385.5548836856358,1270.4473952610672,41484.94838048523,21534.269735100857,22.664219706542802,0.8,45813.855849152955,0.0,0.0,0,5955.274487503815,21534.269735100857
optimized_proposed,2025-02-08,1270.4473952610672,1251.611826582958,36666.845844888994,18898.561149628506,793.2669098989293,0.8,43008.05111106931,293.54267233125705,1794.4263559609742,1,1642.7411464316542,20692.98750558948
optimized_proposed,2025-02-09,1251.611826582958,1200.0,81388.52271784136,51172.18783900123,548.1692474758182,0.8,77483.94932172379,2374.5332345249285,14891.76294482587,12,66.66738250164815,66063.9507838271
optimized_proposed,2025-02-10,1200.0,1200.0,82761.8110565407,52145.85984435512,820.5842485261667,0.8,78387.47227234521,78.08141836119121,166.9313997914333,2,4503.485359002509,52312.79124414655
optimized_proposed,2025-02-11,1200.0,1210.8105964118358,81570.16932580696,51145.627237922665,1078.3287821382721,0.8,77240.60694329136,3.9357045634771097,19.424669873041275,1,2080.758109976484,51165.05190779571
optimized_proposed,2025-02-12,1210.8105964118358,1200.0,82114.54998541124,51270.490393850705,348.373650454066,0.8,77654.30195022529,156.95928395011555,528.6141522894669,6,2634.422993611056,51799.10454614017
optimized_proposed,2025-02-13,1200.0,1383.0254804547687,80098.30947547377,50011.03328720144,540.795727742027,0.8,75926.46486621145,0.0,0.0,0,4507.128798087272,50011.03328720144
optimized_proposed,2025-02-14,1383.0254804547687,1229.0077967671439,35229.83963603864,18336.169013671006,82.33372124568095,0.8,42451.662012786124,160.03432795031262,834.835196340758,3,2190.187241756901,19171.004210011764
optimized_proposed,2025-02-15,1229.0077967671439,1200.0,34839.23137358451,18071.431337907612,156.3699392819319,0.8,41678.101146444475,583.8542485257378,2881.997827872248,13,2702.6976236880428,20953.42916577986
optimized_proposed,2025-02-16,1200.0,1230.8022979864252,78658.83435748228,48920.55213570787,507.8134350453245,0.8,75059.10014476624,1155.5282756369306,6146.7572748604125,10,76.51838122102959,55067.30941056828
optimized_proposed,2025-02-17,1230.8022979864252,1582.5090517907688,82253.62247235997,51335.40680201522,33.32149336900496,0.8,77925.11838001465,0.0,0.0,0,6972.7211234169845,51335.40680201522
optimized_proposed,2025-02-18,1582.5090517907688,1868.9743132144552,80415.92603394462,50131.925296730806,31.601227098791867,0.8,76928.77923139589,0.0,0.0,0,4058.0956384855253,50131.925296730806
optimized_proposed,2025-02-19,1868.9743132144552,1640.8410087441532,79949.76941237332,49817.01699178316,58.17245995509499,0.8,77004.52329439421,34.02371622951091,149.00686522714304,1,3051.157116092496,49966.0238570103
optimized_proposed,2025-02-20,1640.8410087441532,2075.8675015180097,80248.98878482547,50033.22649140778,42.97587815996641,0.8,76569.62255447844,0.0,0.0,0,4812.070358414012,50033.22649140778
optimized_proposed,2025-02-21,2075.8675015180097,2091.2139477137316,35491.24274445393,18710.81198561524,264.00010165607114,0.8,43555.62574897027,0.0,0.0,0,6610.858104753334,18710.81198561524
optimized_proposed,2025-02-22,2091.2139477137316,1821.9953562021753,34637.20347689752,18172.724719624104,261.1761688951283,0.8,42487.71442247203,0.0,0.0,0,3767.2125463815432,18172.724719624104
optimized_proposed,2025-02-23,1821.9953562021753,1948.7311397690514,78307.7383369736,48852.09703347718,673.1274059485784,0.8,75040.40175963285,0.0,0.0,0,2551.66276290636,48852.09703347718
optimized_proposed,2025-02-24,1948.7311397690514,2315.08237536253,79502.68583732145,49592.35231893638,161.08076354695433,0.8,76295.0143989801,0.0,0.0,0,7200.5183845331085,49592.35231893638
optimized_proposed,2025-02-25,2315.08237536253,2105.4781273848666,76108.46941771422,47728.801766876335,532.1051807241979,0.8,74463.39164373893,0.0,0.0,0,6858.992950280812,47728.801766876335
optimized_proposed,2025-02-26,2105.4781273848666,2258.3096969317317,74475.93097489426,46265.35380231473,945.7731722859892,0.8,73625.98405277684,0.0,0.0,0,1468.9298704005869,46265.35380231473
optimized_proposed,2025-02-27,2258.3096969317317,2304.089247763793,72561.68668677154,45435.20041643301,428.9037823249908,0.8,72791.80370296689,168.52212073982145,833.0975585605993,3,1531.8789428519813,46268.297974993606
optimized_proposed,2025-02-28,2304.089247763793,2200.8071473894297,33690.212265775255,17812.677485340253,454.10827171061493,0.8,42128.885999887614,0.0,0.0,0,7319.463018343345,17812.677485340253
optimized_proposed,2025-03-01,2200.8071473894297,2193.347951942683,33570.354465281984,17876.691934667804,115.5029835482255,0.8,41893.66593281258,0.0,0.0,0,6915.797569632887,17876.691934667804
optimized_proposed,2025-03-02,2193.347951942683,1315.1607996747314,73796.6796582079,45849.81035678362,489.3358652018995,0.8,71698.70219044466,2217.5345630505344,14887.90679048987,9,653.8579173333435,60737.71714727349
optimized_proposed,2025-03-03,1315.1607996747314,1278.8213232084354,76713.92444187778,47705.290423535625,1015.2947731185237,0.8,73119.91377819325,12.466595442264474,26.16738383331313,1,338.4193546207166,47731.45780736894
optimized_proposed,2025-03-04,1278.8213232084354,1571.4502581747304,77597.28543803631,48370.32664283509,711.370186855707,0.8,73953.66389447052,0.0,0.0,0,4158.463730882519,48370.32664283509
optimized_proposed,2025-03-05,1571.4502581747304,1632.2357784159651,76345.27523898392,47743.28348337394,984.4537434173886,0.8,73456.86248204263,0.0,0.0,0,6513.22498941159,47743.28348337394
optimized_proposed,2025-03-06,1632.2357784159651,1200.0,73161.29115676349,45498.778858672595,999.5456394042518,0.8,70664.66584073879,46.07221349250702,98.50239244698,1,3879.1429881063405,45597.28125111957
optimized_proposed,2025-03-07,1200.0,1200.0,31009.9164906742,16070.986263635146,456.4951277963863,0.8,38276.459900236594,97.01057534283918,204.86721584029038,7,7134.588778360214,16275.853479475436
optimized_proposed,2025-03-08,1200.0,1455.755249395187,30611.45519918621,16033.864143038307,231.228056094936,0.8,38142.63086511822,605.1880634308413,2346.6178179603335,5,8861.813008466304,18380.48196099864
optimized_proposed,2025-03-09,1455.755249395187,1261.3697206168579,72264.92867497295,44787.78886197126,109.4494346049177,0.8,69007.71544333055,0.0,0.0,0,5113.461309628394,44787.78886197126
optimized_proposed,2025-03-10,1261.3697206168579,1228.0613852134388,66875.63258399273,41209.84340576989,621.0261730508863,0.8,67239.11170770983,4384.046486015401,28149.464098558856,19,0.0,69359.30750432875
optimized_proposed,2025-03-11,1228.0613852134388,1421.0599992047237,70487.84123894504,43261.028746446886,887.7612322935596,0.8,68355.34090386961,0.0,0.0,0,2394.1136228338146,43261.028746446886
optimized_proposed,2025-03-12,1421.0599992047237,1200.0,69529.80834587157,42760.89552211087,806.7868277440599,0.8,67761.38360594977,156.78224674542145,332.6441679829039,6,3530.4928715269943,43093.53969009377
optimized_proposed,2025-03-13,1200.0,1200.0,69924.23373654493,42757.3090527937,291.35549699600847,0.8,67878.40017349715,1643.5755642177671,10539.632865405374,10,110.16937790107568,53296.941918199074
optimized_proposed,2025-03-14,1200.0,1947.4680662163018,30712.508738640914,16040.43617746805,163.93423225757684,0.8,38404.985254637024,0.0,0.0,0,10917.880209127823,16040.43617746805
optimized_proposed,2025-03-15,1947.4680662163018,1491.637313351099,29819.678796584536,15727.570964332805,158.18975750464006,0.8,38261.98678300984,467.842595212867,1787.849098518488,4,6991.84434922592,17515.42006285129
optimized_proposed,2025-03-16,1491.637313351099,1863.5496586833654,72242.70875783043,44384.848674761895,377.2430536889357,0.8,68418.66830826929,0.0,0.0,0,4580.770864836236,44384.848674761895
optimized_proposed,2025-03-17,1863.5496586833654,2245.6343000343895,68711.00212312228,42304.50774470654,1263.0276677704046,0.8,67634.29051140223,0.0,0.0,0,6911.802860096695,42304.50774470654
optimized_proposed,2025-03-18,2245.6343000343895,2218.202790870683,69886.29026302564,42628.70903448903,27.820716846704265,0.8,67995.45118231329,0.0,0.0,0,4780.27824625054,42628.70903448903
optimized_proposed,2025-03-19,2218.202790870683,2441.801844500828,64114.40673547673,39769.491610832774,1364.7049235686425,0.8,66566.23383128134,0.0,0.0,0,494.17846876221085,39769.491610832774
optimized_proposed,2025-03-20,2441.801844500828,1587.6600783102028,62910.590574597256,39042.066505820934,622.5646464539094,0.8,65862.94476082877,1966.0229728456907,13393.129223756063,4,36.641310127479755,52435.195729577
optimized_proposed,2025-03-21,1587.6600783102028,2055.7141570918725,30325.55525453585,15961.848070827878,121.78313454551562,0.8,38520.25434195007,42.13603357973135,155.06911967506656,2,15001.849109864736,16116.917190502945
optimized_proposed,2025-03-22,2055.7141570918725,2392.9665981210405,29477.15690189882,15543.297695740323,289.0532253777754,0.8,38251.05296548635,0.0,0.0,0,10502.515536994684,15543.297695740323
optimized_proposed,2025-03-23,2392.9665981210405,1901.2711597992684,63716.884658720825,39409.68316004015,1250.0556200060207,0.8,65983.25084864844,0.0,0.0,0,1537.4510835523768,39409.68316004015
optimized_proposed,2025-03-24,1901.2711597992684,2542.2619074388613,65648.824959481,40329.51247809205,937.2733998770889,0.8,66199.32528491912,0.0,0.0,0,3091.0048078447303,40329.51247809205
optimized_proposed,2025-03-25,2542.2619074388613,1958.96299655854,66228.6405214228,40486.9833408548,552.8388897864739,0.8,66980.80550167967,0.0,0.0,0,1973.289798281171,40486.9833408548
optimized_proposed,2025-03-26,1958.96299655854,2182.2473892568087,65564.08746242133,40237.20517035692,372.21209072219756,0.8,66430.49874968312,0.0,0.0,0,6036.908340199162,40237.20517035692
optimized_proposed,2025-03-27,2182.2473892568087,1998.1171304548557,63790.779207824795,39235.778428570244,366.65405330890064,0.8,65595.02959800026,0.0,0.0,0,1444.568302808469,39235.778428570244
optimized_proposed,2025-03-28,1998.1171304548557,1845.990785170558,28404.164771032316,14710.648098192207,522.2368129341321,0.8,36898.17613591731,30.250868625555903,130.0787350898904,1,15018.414140632858,14840.726833282097
optimized_proposed,2025-03-29,1845.990785170558,2118.325308511228,28581.54644132644,14963.48000974437,273.884998336065,0.8,36720.1956025103,128.96477021706485,503.24546016022055,3,18017.16488333333,15466.72546990459
optimized_proposed,2025-03-30,2118.325308511228,2391.695286807717,59789.79357621673,36892.948695629755,718.7368276120691,0.8,64254.787470605734,0.0,0.0,0,295.2797668642386,36892.948695629755
optimized_proposed,2025-03-31,2391.695286807717,1468.101771763857,58791.311062383946,35893.93707322309,956.3101378242112,0.8,63931.15816299689,813.983355287014,5599.080331859277,3,0.0,41493.01740508237
optimized_proposed,2025-04-01,1468.101771763857,1384.6874294344718,60137.099511114735,36716.93139486684,342.6362807245363,0.8,63025.53958500936,3161.97900901035,21302.048630040917,8,14.36051009226469,58018.98002490776
optimized_proposed,2025-04-02,1384.6874294344718,2072.4660177034966,63372.13329349745,38332.52905443178,999.4246612847422,0.8,64044.441121529075,1898.1671791272352,9551.009775094983,11,127.03676780727314,47883.53882952676
optimized_proposed,2025-04-03,2072.4660177034966,1814.7470161405502,66730.47762904942,40671.54207961837,140.6120402492838,0.8,65064.76740708454,0.0,0.0,0,7571.364132395352,40671.54207961837
optimized_proposed,2025-04-04,1814.7470161405502,1562.0849086728374,27903.984429666853,14092.678677924521,390.9177064389666,0.8,35902.72433398242,0.0,0.0,0,19075.6121198455,14092.678677924521
optimized_proposed,2025-04-05,1562.0849086728374,1204.9398808437868,28042.876397242908,14198.52647347194,455.9838561955074,0.8,36367.72431710691,0.0,0.0,0,13701.818252715133,14198.52647347194
optimized_proposed,2025-04-06,1204.9398808437868,2035.5970166262505,65104.57849961717,38959.82460647577,82.4586861564148,0.8,63378.79739287241,0.0,0.0,0,5969.92182122888,38959.82460647577
optimized_proposed,2025-04-07,2035.5970166262505,1627.8462793768847,61351.486650119965,36938.79847766962,1003.5764098820316,0.8,63082.960307191315,0.0,0.0,0,4886.3221185823295,36938.79847766962
optimized_proposed,2025-04-08,1627.8462793768847,1200.0,63379.57531273228,37670.305092206916,123.27531059345802,0.8,62614.773241182134,563.9749351997563,2335.7442425405343,16,5970.821931110646,40006.04933474745
optimized_proposed,2025-04-09,1200.0,1200.0,60329.043348983134,36246.95085520758,1173.9317991606433,0.8,63021.8889532427,2551.5330314136672,16478.14930656177,13,189.65030275571908,52725.10016176935
optimized_proposed,2025-04-10,1200.0,1463.4364719992473,62182.79126503742,37328.684096961355,974.246419962448,0.8,63597.86427857854,0.0,0.0,0,3446.6842526630808,37328.684096961355
optimized_proposed,2025-04-11,1463.4364719992473,1307.8678948634401,27301.66872327379,13707.376337268815,159.7973620308435,0.8,35263.23980867144,0.0,0.0,0,19482.046243788347,13707.376337268815
optimized_proposed,2025-04-12,1307.8678948634401,1345.6256172980575,27838.85302881701,13880.650739543793,191.89615282164567,0.8,35401.21017972663,0.0,0.0,0,16217.50490047818,13880.650739543793
optimized_proposed,2025-04-13,1345.6256172980575,1259.5765081466304,61714.85666042144,36575.27250589514,73.86088409594,0.8,61226.630033498586,304.9283838276841,1628.444621090374,6,3926.7592569865947,38203.71712698552
optimized_proposed,2025-04-14,1259.5765081466304,1200.0,56314.65399077404,33831.19266457929,1253.199221916202,0.8,60561.62932706502,271.51117856517817,944.9743307538457,9,149.1990849132536,34776.16699533314
optimized_proposed,2025-04-15,1200.0,1422.3063957706647,62350.06053271343,36949.9090108525,23.162213916437473,0.8,61347.60373617041,0.0,0.0,0,8370.518836035562,36949.9090108525
optimized_proposed,2025-04-16,1422.3063957706647,1200.0,56435.98133811158,33854.68774601921,860.0286351278206,0.8,60236.28302850541,2580.952111917126,16266.550291890544,17,10.148338816976548,50121.23803790976
optimized_proposed,2025-04-17,1200.0,1364.1158506689558,58207.55625907564,34851.59931558381,974.1142963255891,0.8,60334.27846304069,47.890213565625665,230.8499252048859,2,1403.5849834655783,35082.449240788694
optimized_proposed,2025-04-18,1364.1158506689558,1396.9070731067798,26245.43585479223,12875.457313363371,288.14400625592395,0.8,34439.28174688319,0.0,0.0,0,17295.813131385938,12875.457313363371
optimized_proposed,2025-04-19,1396.9070731067798,1295.6994527586298,26042.726817554707,12774.843999284181,256.8383289986729,0.8,34315.89438230649,0.0,0.0,0,16804.15793507645,12774.843999284181
optimized_proposed,2025-04-20,1295.6994527586298,1224.7952844804104,56796.126212893,33904.91257150775,699.1346045422728,0.8,60012.595809882674,0.0,0.0,0,1015.5205902489954,33904.91257150775
optimized_proposed,2025-04-21,1224.7952844804104,1200.0,55621.11778013997,33179.874021540076,527.9985386083456,0.8,60132.338860531156,360.3523693197655,1034.2666437694995,12,3690.1549843860835,34214.14066530958
optimized_proposed,2025-04-22,1200.0,1200.0,56009.944749413364,33715.69917032763,552.0004123925976,0.8,60065.71216052504,21.433265555377602,45.824321757397314,1,64.05353338492012,33761.52349208503
optimized_proposed,2025-04-23,1200.0,1651.1740378148224,56281.02500274038,33561.881219701005,969.1843967327011,0.8,60199.375343783555,0.0,0.0,0,660.2880885105152,33561.881219701005
optimized_proposed,2025-04-24,1651.1740378148224,1224.8707379021141,55133.07317163468,33045.93455540917,762.1129435264851,0.8,59260.088215359356,124.8234612390379,594.3621167463779,4,4954.560282286057,33640.29667215555
optimized_proposed,2025-04-25,1224.8707379021141,1205.6704288100739,25337.26932791144,12330.227655910547,99.67314653537329,0.8,33431.192725423054,41.13403215796757,87.66487978536719,2,20936.718142443347,12417.892535695913
optimized_proposed,2025-04-26,1205.6704288100739,1200.0,25409.492326737964,12396.049072576046,86.81236077765806,0.8,33411.92222237019,363.57579200655437,1098.2529748365346,11,23280.547902982406,13494.30204741258
optimized_proposed,2025-04-27,1200.0,1255.2937551037937,52183.70254296068,31445.197961397804,712.1520889944238,0.8,57810.97153712923,683.9259144934524,4422.507920397364,6,401.9253889092935,35867.70588179517
optimized_proposed,2025-04-28,1255.2937551037937,1338.4994319734474,52556.910675903375,31625.440179598794,921.048529769176,0.8,58459.12469815885,6719.05978169314,44565.41031161045,20,14.076511628531648,76190.85049120925
optimized_proposed,2025-04-29,1338.4994319734474,1755.5800736389551,60076.30890077701,35712.53487607797,1243.7274631843716,0.8,60579.55280664684,0.0,0.0,0,8910.676402255827,35712.53487607797
optimized_proposed,2025-04-30,1755.5800736389551,1420.8174812292177,54813.96742295356,33158.49125553357,1674.754840855967,0.8,59702.83473503442,0.0,0.0,0,3378.590738697326,33158.49125553357
optimized_proposed,2025-05-01,1420.8174812292177,1200.0,56105.976886958015,33708.96419758463,1885.777708421939,0.8,58622.49694611247,2749.5205952949195,13727.193955559203,22,4206.069151573524,47436.158153143835
optimized_proposed,2025-05-02,1200.0,1200.0,25944.812951788757,12855.537618678243,1424.6024107971455,0.8,33768.80460306767,2686.3888373404657,13727.587626992174,25,11855.249349999998,26583.125245670417
optimized_proposed,2025-05-03,1200.0,1200.0,26943.169345193128,13479.501636387722,1360.9868027421714,0.8,34702.44768459714,1482.758707210949,7769.457157849067,15,17085.393735317426,21248.958794236787
optimized_proposed,2025-05-04,1200.0,1200.0,62560.41570059059,37655.67088353395,869.7951599864375,0.8,61647.01966859041,731.2153206764217,2201.505862358219,16,8256.086746509913,39857.17674589217
optimized_proposed,2025-05-05,1200.0,1423.9002265218753,59646.2882014929,36477.542856920154,3619.169052014285,0.8,62374.84499316366,179.36500479053745,1183.3515677374771,3,545.0228791129097,37660.89442465763
optimized_proposed,2025-05-06,1423.9002265218753,1365.104341597022,61075.626360802096,37411.15997022167,2085.280463949207,0.8,62347.715930393235,0.0,0.0,0,4474.437116993287,37411.15997022167
optimized_proposed,2025-05-07,1365.104341597022,1819.6355625399337,67745.0966883304,40840.09418262559,948.3689372996978,0.8,64533.90330310033,0.0,0.0,0,8530.909316354202,40840.09418262559
optimized_proposed,2025-05-08,1819.6355625399337,2144.4416552481152,60289.403282857944,37905.23428001591,2854.122405995441,0.8,64924.36558978721,35.999250000000075,243.2289326250005,1,669.4030337685797,38148.46321264091
optimized_proposed,2025-05-09,2144.4416552481152,3281.9711207749074,29915.011382090037,16436.59149116709,791.4655083380851,0.8,38182.42152494222,0.0,0.0,0,17929.54363495787,16436.59149116709
optimized_proposed,2025-05-10,3281.9711207749074,2675.352947466034,27936.635991973362,15490.627166877559,305.6351619268149,0.8,37600.78353493364,0.0,0.0,0,14200.379521759389,15490.627166877559
optimized_proposed,2025-05-11,2675.352947466034,1613.181542108444,59449.46092042998,36812.15137765543,946.7666168811216,0.8,63287.337978731346,32.9851088148564,222.26606567453885,2,1688.749000343332,37034.41744332996
optimized_proposed,2025-05-12,1613.181542108444,3142.6806575990704,65182.349526477585,40034.825862156446,3442.6143443240157,0.8,65511.65834308966,0.0,0.0,0,8652.324130508272,40034.825862156446
optimized_proposed,2025-05-13,3142.6806575990704,2628.240138954661,57571.22716394603,36076.579538263424,438.43785935440263,0.8,62401.35888152482,0.0,0.0,0,1573.5429026058853,36076.579538263424
optimized_proposed,2025-05-14,2628.240138954661,2764.404876766444,60805.75078843378,37672.30618527882,2971.889147515288,0.8,62791.624049059355,0.0,0.0,0,4400.909176982132,37672.30618527882
optimized_proposed,2025-05-15,2764.404876766444,2919.6957350139232,56519.42883257765,36150.65563857396,1694.322366410958,0.8,61996.97678153982,0.0,0.0,0,47.837370959384884,36150.65563857396
optimized_proposed,2025-05-16,2919.6957350139232,2510.666893356242,26799.437328533193,14861.52952983055,679.9241764078092,0.8,36409.62866167728,0.0,0.0,0,22354.220232618114,14861.52952983055
optimized_proposed,2025-05-17,2510.666893356242,2154.639594113049,26878.096809176295,14787.836181668072,537.5947586298764,0.8,36212.64193261902,0.0,0.0,0,14432.592411897414,14787.836181668072
optimized_proposed,2025-05-18,2154.639594113049,1438.9294209524621,55559.46018116745,35496.46873072133,2225.3133046112443,0.8,61164.528136176596,641.6320399855178,4244.824155261279,3,0.0,39741.29288598261
optimized_proposed,2025-05-19,1438.9294209524621,2451.053472210032,58197.45295328826,35980.03827528398,708.2590666582518,0.8,61338.05762908071,62.346811102022,420.4980674775874,1,6290.5790781590495,36400.53634276157
optimized_proposed,2025-05-20,2451.053472210032,1382.6430776146433,53856.25176104515,34285.682130067915,749.9595321472837,0.8,60435.780388640145,2374.07219520928,16180.361715632498,6,0.0,50466.04384570041
optimized_proposed,2025-05-21,1382.6430776146433,1804.3731903769637,55924.27899618639,35076.386875353164,2585.260613165471,0.8,60353.30174896623,0.0,0.0,0,733.5961036384397,35076.386875353164
optimized_proposed,2025-05-22,1804.3731903769637,2373.9681681548836,55099.97060443257,34857.71313837965,2392.4060768716176,0.8,59982.083574477845,0.0,0.0,0,214.48341474474125,34857.71313837965
optimized_proposed,2025-05-23,2373.9681681548836,2236.7989613494206,25237.939273952274,13571.547463858526,690.1378388847185,0.8,34844.90855469192,632.7524079837297,2810.723561337456,6,17395.32419843684,16382.271025195982
optimized_proposed,2025-05-24,2236.7989613494206,2107.488152340951,25869.566022305957,13799.178883715154,719.3917449177458,0.8,34680.22840934964,104.38786945824563,449.12727407572004,3,20125.25174505117,14248.306157790874
optimized_proposed,2025-05-25,2107.488152340951,3070.635782699049,53965.182728763524,34473.681929401195,1186.75964279494,0.8,60007.65238980713,0.0,0.0,0,1208.0497342716794,34473.681929401195
optimized_proposed,2025-05-26,3070.635782699049,1407.0345023035825,54155.425263645695,34017.71937175006,247.28121917742592,0.8,59035.04585666672,1868.695839188851,12614.430556663981,5,114.37471725838998,46632.149928414045
optimized_proposed,2025-05-27,1407.0345023035825,2044.8162281713612,57972.19095393463,35913.92832039842,1814.5562569705573,0.8,59499.93361600356,0.0,0.0,0,4524.5109843461405,35913.92832039842
optimized_proposed,2025-05-28,2044.8162281713612,1411.3999795940192,53355.69667774282,33850.535212307324,1488.5524111791824,0.8,59156.90023588902,1437.2459850750984,8961.4249373356,10,0.0,42811.960149642924
optimized_proposed,2025-05-29,1411.3999795940192,2719.9270710394712,60683.60702660477,37499.23387159842,559.6281157167547,0.8,61510.03987613448,0.0,0.0,0,1619.759072954434,37499.23387159842
optimized_proposed,2025-05-30,2719.9270710394712,1763.7420037501117,25863.571424281723,13821.298279138946,477.27049182863885,0.8,35293.46762958217,0.0,0.0,0,17914.589595458823,13821.298279138946
optimized_proposed,2025-05-31,1763.7420037501117,2575.8137637189398,27553.062548211856,14741.7411614911,741.632887325618,0.8,36031.66912801706,71.77239407509676,291.80362139426154,3,15955.194231398411,15033.544782885361
optimized_proposed,2025-06-01,2575.8137637189398,1200.0,59396.09563847014,36889.64939582467,1508.7138573177494,0.8,62254.3310261568,12685.671485805138,75742.89005849115,52,0.0,112632.53945431582
optimized_proposed,2025-06-02,1200.0,1200.0,66266.11607001082,40966.43530219177,5140.223247867267,0.8,65329.13175070214,6757.220633590139,41416.5978752965,28,820.6106209958664,82383.03317748828
optimized_proposed,2025-06-03,1200.0,1200.0,74694.75908245833,47099.905171385864,1427.734471740567,0.8,70807.49574451399,546.2783256414034,1826.5248702543772,13,3240.2073856366205,48926.43004164024
optimized_proposed,2025-06-04,1200.0,1200.0,74306.9582795235,46096.5717061533,3329.0659074854548,0.8,70825.16973656202,1036.3704322203612,4553.021224578429,17,2013.7240630792423,50649.59293073173
optimized_proposed,2025-06-05,1200.0,1275.202763979851,78501.07751343488,49694.812061864955,4083.710556416902,0.8,72356.45324154364,92.06188711564698,625.1817241519025,3,3405.4411264463483,50319.99378601686
optimized_proposed,2025-06-06,1275.202763979851,1529.2649529191904,36562.10638376062,20643.705862771174,1434.9098575785702,0.8,43568.38808429567,1218.6992795228662,8300.886505896708,3,4087.670342902529,28944.59236866788
optimized_proposed,2025-06-07,1529.2649529191904,2340.3030596015,37912.16882312219,21775.21048122592,956.0899785183049,0.8,45511.32808237014,0.0,0.0,0,3396.269295500161,21775.21048122592
optimized_proposed,2025-06-08,2340.3030596015,3090.2209299420374,87091.4229339801,55690.891654304716,1093.4637988142529,0.8,84074.7029391639,0.0,0.0,0,18438.20113721762,55690.891654304716
optimized_proposed,2025-06-09,3090.2209299420374,3170.5395658421853,84855.84728294497,55045.81831729087,4242.909022236099,0.8,82678.65187371272,0.0,0.0,0,10567.451378099315,55045.81831729087
optimized_proposed,2025-06-10,3170.5395658421853,2881.2811356092843,80898.07525017671,51641.46032021241,1731.0087949812066,0.8,78702.35890487875,0.0,0.0,0,5973.834944861264,51641.46032021241
optimized_proposed,2025-06-11,2881.2811356092843,1971.3218103212148,80049.88510712975,50841.612299203225,1350.359292915003,0.8,78699.72501411929,782.3357714390222,4365.87352534862,7,1346.6998760304627,55207.48582455185
optimized_proposed,2025-06-12,1971.3218103212148,2881.086977013852,84193.0527876842,54481.482206955865,3036.6267418479247,0.8,80433.51341278749,0.0,0.0,0,7234.755629322062,54481.482206955865
optimized_proposed,2025-06-13,2881.086977013852,3394.2718984676144,38992.51099274223,23301.642510422134,2056.8553049679003,0.8,47398.90851460761,0.0,0.0,0,7805.708752921473,23301.642510422134
optimized_proposed,2025-06-14,3394.2718984676144,3792.4134232148385,40879.67177424688,24891.274958507427,957.0601327249049,0.8,51259.193570089716,0.0,0.0,0,12025.639543528798,24891.274958507427
optimized_proposed,2025-06-15,3792.4134232148385,2504.095616236894,79454.45589322469,50776.25153105938,3300.035688088015,0.8,78044.45488471958,0.0,0.0,0,6461.700274382759,50776.25153105938
optimized_proposed,2025-06-16,2504.095616236894,3261.742956416415,80333.34390224615,51076.984161382556,599.7382726807451,0.8,78107.60042917792,2.106648686613653,14.200918796462636,1,2783.0064266368836,51091.18508017902
optimized_proposed,2025-06-17,3261.742956416415,2796.169428862591,81080.21816864825,52297.75632307359,4212.638919747035,0.8,78009.73037449719,0.0,0.0,0,3044.7197307495962,52297.75632307359
optimized_proposed,2025-06-18,2796.169428862591,2301.911378640594,78858.18864956444,50290.104621505,2624.2971964027215,0.8,76537.83465278179,0.0,0.0,0,4923.4538564005325,50290.104621505
optimized_proposed,2025-06-19,2301.911378640594,1685.2628887606415,77528.20089920916,49370.306357030066,1722.1092025454811,0.8,74648.87601290952,0.0,0.0,0,6048.727430392199,49370.306357030066
optimized_proposed,2025-06-20,1685.2628887606415,2263.4520188216493,34055.43516448523,19788.486688595873,754.7035687139014,0.8,42617.06317737794,0.0,0.0,0,8695.059268543293,19788.486688595873
optimized_proposed,2025-06-21,2263.4520188216493,1444.100461129805,30641.07859996659,17592.518414255283,265.1490673823572,0.8,39063.58481381985,1066.3537873569196,4683.897810379812,8,10868.005149597466,22276.416224635093
optimized_proposed,2025-06-22,1444.100461129805,1200.0,71047.09453103376,44625.46751310538,3764.8842351193416,0.8,69775.8742397361,119.4951606263846,754.1453752808815,3,0.0,45379.61288838626
optimized_proposed,2025-06-23,1200.0,1414.1028796193189,71946.47960522326,45365.75410152236,1058.4485732069102,0.8,70203.43832088402,0.0,0.0,0,483.66756785921143,45365.75410152236
optimized_proposed,2025-06-24,1414.1028796193189,1437.1389438949145,70922.3584701966,45203.133237883696,4056.9183775220445,0.8,69509.64260682205,8750.784752539072,50682.89345013449,28,54.64134995237805,95886.02668801819
optimized_proposed,2025-06-25,1437.1389438949145,1200.0,72318.62470242554,45280.098469599376,2927.44785211605,0.8,70224.4776429665,2232.271178070465,12495.342937701942,16,420.4401251210792,57775.44140730132
optimized_proposed,2025-06-26,1200.0,1200.0,73730.5699339606,46177.836192978946,4289.762565758433,0.8,70912.80638285365,723.0825688829548,2895.927782227018,16,2729.5471802367642,49073.76397520596
optimized_proposed,2025-06-27,1200.0,1383.6038153048469,31737.020487088812,18042.853504347506,531.4601662898411,0.8,39388.60604442035,290.9461825097851,1197.5860004571364,4,9564.151369412952,19240.439504804643
optimized_proposed,2025-06-28,1383.6038153048469,1200.0,32033.451570186113,17972.97253558047,921.8388486687356,0.8,40392.49129498497,15.581980054963722,33.314273357512434,1,7874.750073789953,18006.28680893798
optimized_proposed,2025-06-29,1200.0,2119.5285089209556,74000.93297526057,46476.18545845266,1364.175756371807,0.8,71478.77184920078,364.0675521226863,1735.3787638783622,5,87.79250297437193,48211.56422233102
optimized_proposed,2025-06-30,2119.5285089209556,1769.537470743715,74067.33161015666,46430.72048533779,4694.322637252242,0.8,72470.79015970614,18.364572153338713,123.86903917426962,1,485.0491280565186,46554.58952451206
optimized_proposed,2025-07-01,1769.537470743715,1200.0,75331.77472848026,47220.29010349754,4975.555316245576,0.8,72539.92874308008,7235.633880528049,39367.87255669515,39,700.4443807985674,86588.16266019268
optimized_proposed,2025-07-02,1200.0,1200.0,79716.6788356519,50441.64819684767,3715.968637330539,0.8,78384.0814953858,1409.501968062568,5761.447970276688,24,4555.682546628448,56203.09616712436
optimized_proposed,2025-07-03,1200.0,1441.906853553138,78039.03171209202,49912.02684216396,2116.1280099975343,0.8,77144.25375599328,5258.436272388765,33303.30055533507,20,2.8070166343137544,83215.32739749903
optimized_proposed,2025-07-04,1441.906853553138,1500.4989960790106,41707.89275394914,24880.56815510714,1415.8019823471518,0.8,49127.32147653399,0.0,0.0,0,10150.558128077017,24880.56815510714
optimized_proposed,2025-07-05,1500.4989960790106,2735.5103687191777,44770.420344324026,26831.284800035828,521.5426887360611,0.8,53101.12903626752,0.0,0.0,0,12133.607036134374,26831.284800035828
optimized_proposed,2025-07-06,2735.5103687191777,1623.0031333086727,81847.29584199935,52501.628987226824,3083.0335971302143,0.8,82246.3016854451,1181.926535127839,8068.932415646596,6,417.7358759613252,60570.56140287342
optimized_proposed,2025-07-07,1623.0031333086727,5059.448547155535,92507.34763234049,60244.87607893332,1909.4720017802126,0.8,91538.61654339064,0.0,0.0,0,12562.697003739415,60244.87607893332
optimized_proposed,2025-07-08,5059.448547155535,5258.148620549473,90645.29321958896,60021.55979303079,3200.145173192039,0.8,92165.08081332661,0.0,0.0,0,11582.220622228393,60021.55979303079
optimized_proposed,2025-07-09,5258.148620549473,4611.662716420659,88263.78601193114,58367.53060490372,2964.0324558607986,0.8,90739.59548042431,0.0,0.0,0,11778.112808722042,58367.53060490372
optimized_proposed,2025-07-10,4611.662716420659,3478.962250812691,84084.85498969001,55192.846501966276,1530.93092941722,0.8,85899.39331048477,0.0,0.0,0,9195.195984457703,55192.846501966276
optimized_proposed,2025-07-11,3478.962250812691,4312.5210058316015,48165.09239519634,29848.770143565067,1057.526714612832,0.8,56826.20429460642,0.0,0.0,0,12464.580146003513,29848.770143565067
optimized_proposed,2025-07-12,4312.5210058316015,3739.0469208804757,47559.84658498768,29164.803591617685,7.418681755953439,0.8,56189.97612065231,0.0,0.0,0,14820.519203543461,29164.803591617685
optimized_proposed,2025-07-13,3739.0469208804757,2572.180067546342,82973.43710240535,53690.05676300348,2103.6838382573537,0.8,83236.27967598097,5.786146838820969,38.897372123973966,1,11731.072195222807,53728.95413512745
optimized_proposed,2025-07-14,2572.180067546342,4103.562802919042,87913.01069307876,57198.72006439023,1714.9738288633005,0.8,86062.09932353243,0.0,0.0,0,11457.176291423828,57198.72006439023
optimized_proposed,2025-07-15,4103.562802919042,4675.10708874478,86986.47218055595,56262.769443868856,651.1396768915666,0.8,87309.98390198499,0.0,0.0,0,10596.809273630493,56262.769443868856
optimized_proposed,2025-07-16,4675.10708874478,3757.6793328239,83607.1583451147,54617.99050878143,2270.747490269544,0.8,85367.21986825402,0.0,0.0,0,9322.4066521128,54617.99050878143
optimized_proposed,2025-07-17,3757.6793328239,1991.112979806709,78993.40931722717,50874.11831880416,612.0392630466833,0.8,80466.37110458431,0.0,0.0,0,4337.07981068199,50874.11831880416
optimized_proposed,2025-07-18,1991.112979806709,2024.8655060719593,42242.14575068849,25631.013527653817,776.9610209902078,0.8,51230.42780556033,0.0,0.0,0,8465.127859520504,25631.013527653817
optimized_proposed,2025-07-19,2024.8655060719593,1200.0,40076.2558925802,23395.443464135024,874.1776504613157,0.8,48412.17771856599,1043.419703420413,6262.571248912178,13,12369.096338874255,29658.014713047203
optimized_proposed,2025-07-20,1200.0,1213.4700825800091,76861.94465205591,48749.283751261515,727.1418503222146,0.8,76104.43776547853,217.15329076055048,608.2254952806552,6,1166.5855861175314,49357.50924654217
optimized_proposed,2025-07-21,1213.4700825800091,1297.1405024578532,76756.04755565485,48765.01058134481,1377.3322512290993,0.8,75936.8644014723,1154.5767739812172,7361.091077192288,9,25.6431093556414,56126.101658537096
optimized_proposed,2025-07-22,1297.1405024578532,2202.273731732365,81614.4722082596,51855.16307508343,569.1087486926924,0.8,79655.65900062498,24.06217721134658,162.20313658168732,1,3111.9830745244444,52017.36621166512
optimized_proposed,2025-07-23,2202.273731732365,1404.6779050555156,78074.80816829701,49683.460153502645,1899.2593462172238,0.8,78541.33994012114,28.522160080476056,192.35303468995772,2,622.9130627845946,49875.8131881926
optimized_proposed,2025-07-24,1404.6779050555156,1639.5104175097722,79190.82399227034,50699.71601853643,1685.2416542509345,0.8,78072.92576045767,0.0,0.0,0,1432.7683008744825,50699.71601853643
optimized_proposed,2025-07-25,1639.5104175097722,1200.0,38920.050117430554,23143.80228453166,162.6101890497235,0.8,46877.5201835934,996.8399343564677,3681.578924842119,16,11365.078630644912,26825.38120937378
optimized_proposed,2025-07-26,1200.0,1200.0,38030.69182821977,22234.516858682367,634.6594370104249,0.8,45966.934472159905,2030.9354499413557,9415.049043660203,19,9129.537961634724,31649.56590234257
optimized_proposed,2025-07-27,1200.0,1200.0,73048.0397508969,46493.883500806674,1298.9758539531022,0.8,73301.10366183962,4819.80550085225,25717.437301958245,28,390.1655643245401,72211.32080276492
optimized_proposed,2025-07-28,1200.0,1255.1386370329424,75530.94884978095,47752.75545896104,2778.7561801358324,0.8,76141.35566424517,5844.350048800725,36276.411298976906,27,13.292554576667953,84029.16675793794
optimized_proposed,2025-07-29,1255.1386370329424,2962.2330840856584,90256.67001793881,57973.97445321875,280.73191267098645,0.8,86366.83988546595,0.0,0.0,0,8837.214704769845,57973.97445321875
optimized_proposed,2025-07-30,2962.2330840856584,2908.482426521236,84287.54525271436,53919.240093785076,838.9330375911189,0.8,82864.85065938279,0.0,0.0,0,6633.5890969527245,53919.240093785076
optimized_proposed,2025-07-31,2908.482426521236,2556.178090108929,81521.42541627368,52110.51936308164,2784.9210140731357,0.8,80456.68169844331,0.0,0.0,0,3221.157815020244,52110.51936308164
optimized_proposed,2025-08-01,2556.178090108929,3169.4816526438094,42402.42464350155,25530.0453347932,491.84474199611196,0.8,51867.74904922917,0.0,0.0,0,18245.255945996403,25530.0453347932
optimized_proposed,2025-08-02,3169.4816526438094,2414.349536149858,39538.30811653366,23852.112904980506,1213.6435541212,0.8,49558.48458629095,0.0,0.0,0,16994.590478152837,23852.112904980506
optimized_proposed,2025-08-03,2414.349536149858,1682.6956229913299,80262.76476123152,50931.77573040694,212.6829473616978,0.8,80312.27209077279,63.188167898565666,425.89366389540385,3,14931.105702353207,51357.66939430234
optimized_proposed,2025-08-04,1682.6956229913299,1467.6428755823854,70571.0559578232,45270.34464190758,1326.6651143442339,0.8,74883.43709943046,0.0,0.0,0,1718.1452763102354,45270.34464190758
optimized_proposed,2025-08-05,1467.6428755823854,1200.0,67937.29697067552,43777.01819307546,1452.9149506902593,0.8,72869.49624577642,574.8534427658462,2578.538256633873,15,0.0,46355.55644970934
optimized_proposed,2025-08-06,1200.0,1200.0,67519.80430876385,43514.250485915894,2524.5732336690826,0.8,73489.7641683474,3900.052074766487,24909.08531008708,21,57.635782808668864,68423.33579600297
optimized_proposed,2025-08-07,1200.0,1334.541846974939,70185.97178901931,45089.54602866921,1601.4728112647806,0.8,74163.65621771115,14.16905376975069,95.73321179532053,1,2851.678064922922,45185.27924046453
optimized_proposed,2025-08-08,1334.541846974939,1782.9696579905453,39514.565515561546,23105.369795782077,1258.3412947340364,0.8,47622.778587757166,0.0,0.0,0,20708.97946344027,23105.369795782077
optimized_proposed,2025-08-09,1782.9696579905453,2448.535761382754,40188.09557734956,23991.256851975242,1114.2140573496872,0.8,48853.558664754266,0.0,0.0,0,18112.824829606303,23991.256851975242
optimized_proposed,2025-08-10,2448.535761382754,1638.419971695358,68096.42633553348,44161.362034211095,1909.2341427484928,0.8,74470.47332249909,0.0,0.0,0,66.67856260420965,44161.362034211095
optimized_proposed,2025-08-11,1638.419971695358,1534.840022779705,70995.34664546706,45665.33624058562,520.0078222366901,0.8,75471.81590577989,0.0,0.0,0,2649.360815986097,45665.33624058562
optimized_proposed,2025-08-12,1534.840022779705,1342.293015194324,69671.14006382188,44499.63195794116,739.8388869130512,0.8,73921.41967075402,1513.2711324520305,10258.909878969262,5,118.76267614179778,54758.541836910415
optimized_proposed,2025-08-13,1342.293015194324,2341.0714887640574,75254.61490305158,48341.07529842881,407.01297135611264,0.8,77168.95454618524,0.0,0.0,0,4715.80293639653,48341.07529842881
optimized_proposed,2025-08-14,2341.0714887640574,1441.0173678187466,70026.26113967304,44864.15807836471,1911.9303519356386,0.8,74343.68400946865,234.26070681072653,1406.5124559394776,8,1316.501678371923,46270.67053430418
optimized_proposed,2025-08-15,1441.0173678187466,1629.9638667709755,39384.49074762649,23162.868629536155,481.29068803879835,0.8,47259.19335185386,0.0,0.0,0,19411.63521311044,23162.868629536155
optimized_proposed,2025-08-16,1629.9638667709755,2310.858766246393,41249.75391244332,24515.066612568913,360.0540803524343,0.8,49342.93417064252,0.0,0.0,0,21095.90998049411,24515.066612568913
optimized_proposed,2025-08-17,2310.858766246393,2676.2697967084437,76846.15033936675,49375.561565161566,171.77362720428115,0.8,78981.14446606438,8.317535935027422,56.0167079732945,2,10030.990094849634,49431.57827313486
optimized_proposed,2025-08-18,2676.2697967084437,1935.912584725355,67978.34631684469,44016.754413423165,371.1151128897295,0.8,74192.37061925812,34.306085938343244,231.40922740241177,2,540.9983438794558,44248.16364082558
optimized_proposed,2025-08-19,1935.912584725355,2259.097219831548,73675.15227012665,47766.64070940757,502.42676294513615,0.8,77402.45056214006,3.743880216448133,25.252472059942658,1,5691.304956646905,47791.89318146751
optimized_proposed,2025-08-20,2259.097219831548,1366.417450840965,68459.35950192252,44095.14233155308,3297.0843438244365,0.8,74810.23922478297,4757.927249882404,30377.29237624568,14,179.89231773685242,74472.43470779876
optimized_proposed,2025-08-21,1366.417450840965,1545.8985225562067,74607.54986715328,47812.9628642769,1098.9858298514014,0.8,76123.48373194943,0.0,0.0,0,5193.965791977536,47812.9628642769
optimized_proposed,2025-08-22,1545.8985225562067,1341.1215844673823,40098.15016467558,23577.528039580753,659.1166535782424,0.8,48448.7119658086,254.77258469880786,1592.3658281745952,4,16714.537769837636,25169.89386775535
optimized_proposed,2025-08-23,1341.1215844673823,1951.6542822014735,41164.14169851263,24538.2258397233,803.6282079436799,0.8,48931.155729056394,0.0,0.0,0,15472.538268712744,24538.2258397233
optimized_proposed,2025-08-24,1951.6542822014735,1818.1508712615469,74598.32158128032,47545.92860118863,1997.2346623441586,0.8,76278.80936073604,0.0,0.0,0,7215.848903994561,47545.92860118863
optimized_proposed,2025-08-25,1818.1508712615469,2106.272137486911,77542.13171043199,49670.272711793674,1121.4300027989684,0.8,78213.71272700273,0.0,0.0,0,2705.201379929846,49670.272711793674
optimized_proposed,2025-08-26,2106.272137486911,2053.734442580261,74014.60274969364,47397.91110918238,1912.5801021337975,0.8,76259.3784428954,0.0,0.0,0,4777.145551224808,47397.91110918238
optimized_proposed,2025-08-27,2053.734442580261,1200.0,71597.12950283618,46109.477165868666,1842.35230187797,0.8,75363.47835677394,8.801255162850467,18.8170835381743,1,538.5507325613139,46128.29424940684
optimized_proposed,2025-08-28,1200.0,1309.461827921375,72518.59844013288,46656.823872160516,2325.750732981941,0.8,76183.11796571588,2177.4621083778884,14181.24420792313,13,242.2187319517774,60838.06808008364
optimized_proposed,2025-08-29,1309.461827921375,1645.864835480973,40484.01142294542,24089.434715027495,255.24528104769638,0.8,48165.39230475128,0.0,0.0,0,14814.900373229133,24089.434715027495
optimized_proposed,2025-08-30,1645.864835480973,1200.0,39952.10566534722,23768.15093666446,327.86666621914526,0.8,47779.25584841698,180.44390944418802,382.6878130352283,5,19453.715355137807,24150.838749699687
optimized_proposed,2025-08-31,1200.0,2150.480993902714,74469.42606740227,47589.84203419632,735.1529473915768,0.8,75251.95037594115,0.0,0.0,0,2953.0967390228666,47589.84203419632
optimized_proposed,2025-09-01,2150.480993902714,5533.958864238614,73145.70435951508,46900.75662162746,89.7810214039162,0.8,75140.2361002719,0.0,0.0,0,12816.486657888,46900.75662162746
optimized_proposed,2025-09-02,5533.958864238614,4718.142672115941,61168.66717515682,40548.66835617821,1751.4300246098733,0.8,71052.77891975851,0.0,0.0,0,4386.872639030593,40548.66835617821
optimized_proposed,2025-09-03,4718.142672115941,3533.874730898551,59638.15803588478,39023.577197136285,1711.4853692614465,0.8,68435.20237358808,0.0,0.0,0,1966.3290449025683,39023.577197136285
optimized_proposed,2025-09-04,3533.874730898551,3262.4970733962014,61292.02392682816,39761.391475325436,892.0232608275171,0.8,66865.42184887378,0.0,0.0,0,3936.63114698167,39761.391475325436
optimized_proposed,2025-09-05,3262.4970733962014,2801.106031539058,30609.519963260056,17739.155965843307,336.6442693445615,0.8,40813.893250353925,0.0,0.0,0,21777.87868732614,17739.155965843307
optimized_proposed,2025-09-06,2801.106031539058,2462.147061080817,29169.97532199577,16672.976474016818,402.26141393018503,0.8,38863.89648870106,1027.9592262016658,4314.8901673335295,8,20373.37834754913,20987.866641350345
optimized_proposed,2025-09-07,2462.147061080817,1239.074010497693,54336.22547764586,35032.15220215807,1515.8127180794086,0.8,61534.5294687305,2782.6757811197276,16652.95865577009,12,14.716327909800953,51685.11085792816
optimized_proposed,2025-09-08,1239.074010497693,1200.0,51331.69794041815,32304.70693043534,634.556158050351,0.8,57887.602858365164,10696.778304308711,62631.642844480455,41,0.0,94936.3497749158
optimized_proposed,2025-09-09,1200.0,1200.0,56833.515388259664,35499.86387338767,3340.067095830872,0.8,60825.15288533243,2055.5776682028695,12194.751013616871,14,1934.1176659835855,47694.61488700454
optimized_proposed,2025-09-10,1200.0,1349.6817532296159,59284.70751743557,37607.29907792247,3121.388400094094,0.8,65604.17925846638,5505.557693051456,34058.61281038368,19,63.92954129306338,71665.91188830615
optimized_proposed,2025-09-11,1349.6817532296159,1328.695047338401,61918.89461446222,38865.50880787582,3347.6111450587296,0.8,63655.47295525657,0.0,0.0,0,4392.934529187666,38865.50880787582
optimized_proposed,2025-09-12,1328.695047338401,1200.0,31238.358866772505,17129.27113353433,1368.2881844717313,0.8,38089.310075361485,125.3096243167922,340.1712552374397,4,17135.788007739247,17469.44238877177
optimized_proposed,2025-09-13,1200.0,1413.2012586073902,32309.918073859706,17682.08633312725,1190.7702944476462,0.8,40229.95974139542,37.855460073394696,175.22768016638804,3,21333.637779439152,17857.314013293635
optimized_proposed,2025-09-14,1413.2012586073902,1200.0,59976.23789272302,38150.414244541345,2651.2785961990844,0.8,65921.7496105368,3125.484544864229,19982.756905640144,17,32.516546488225686,58133.171150181486
optimized_proposed,2025-09-15,1200.0,1200.0,59581.343783831464,37521.40743055773,1960.6860461599722,0.8,63318.02983110704,1536.129981009575,7499.040636658383,20,2349.998948185595,45020.448067216115
optimized_proposed,2025-09-16,1200.0,1200.0,65980.21574130321,41031.50842113636,1306.1743245941727,0.8,67507.31385415499,430.3440007428027,1857.0498243939812,12,3174.3019650417846,42888.55824553034
optimized_proposed,2025-09-17,1200.0,1993.3474751908016,69934.35221462107,43820.53761250509,2586.4806937286207,0.8,70323.37273897875,0.0,0.0,0,5422.661560964116,43820.53761250509
optimized_proposed,2025-09-18,1993.3474751908016,2353.6615650122,66362.6115953225,42919.967548276254,2080.3924756320857,0.8,71575.39958390057,0.0,0.0,0,3593.1239968910563,42919.967548276254
optimized_proposed,2025-09-19,2353.6615650122,3628.079393874041,36564.76840755982,20788.086518788834,1166.667321810433,0.8,45367.98759269164,0.0,0.0,0,16544.484218998863,20788.086518788834
optimized_proposed,2025-09-20,3628.079393874041,3114.0493311478567,34535.646846315896,19648.288198044418,1322.6033594534892,0.8,44434.02876873946,0.0,0.0,0,16797.638492007085,19648.288198044418
optimized_proposed,2025-09-21,3114.0493311478567,2353.167642388624,70521.03747024263,44667.52441269961,1426.330136377958,0.8,73214.65070185976,0.0,0.0,0,9881.615734917872,44667.52441269961
optimized_proposed,2025-09-22,2353.167642388624,1856.9828589050533,70417.45220972292,44165.17386659351,2000.4485632905405,0.8,71582.07800352683,0.0,0.0,0,6823.432854657771,44165.17386659351
optimized_proposed,2025-09-23,1856.9828589050533,2494.4923636143067,70240.90093519642,45422.951047117385,1454.2062330529927,0.8,74075.11862663232,0.0,0.0,0,4094.597931411674,45422.951047117385
optimized_proposed,2025-09-24,2494.4923636143067,3094.198206478246,70116.0485893771,45530.64274287352,1844.3342437301847,0.8,75002.9628230533,0.0,0.0,0,5127.587052212184,45530.64274287352
optimized_proposed,2025-09-25,3094.198206478246,1997.8315164007502,70959.99900684337,45399.12036627848,2211.2766304519687,0.8,73149.5625057263,0.0,0.0,0,8454.465230134574,45399.12036627848
optimized_proposed,2025-09-26,1997.8315164007502,2885.237467725816,37857.80590748416,21155.30038097675,1025.1490039355213,0.8,44674.64742988924,0.0,0.0,0,16554.814943036843,21155.30038097675
optimized_proposed,2025-09-27,2885.237467725816,2183.2142544413996,36035.476218813994,20328.856253275706,1141.296490370073,0.8,45002.997707615454,0.0,0.0,0,16124.178243550421,20328.856253275706
optimized_proposed,2025-09-28,2183.2142544413996,1912.6301138777583,69409.37802912842,44865.94882327465,4088.012704919497,0.8,73068.91308590751,5.868333333333339,39.56136916666671,1,2653.8044334753195,44905.51019244132
optimized_proposed,2025-09-29,1912.6301138777583,1200.0,66410.24294478365,41615.520607195394,1147.5447212031734,0.8,68441.62018330923,701.1188726439416,3389.9175959961726,8,973.7713527539998,45005.43820319157
optimized_proposed,2025-09-30,1200.0,1200.0,74224.78895509949,46645.945530985926,3259.8353017289946,0.8,72320.45707038946,284.3446183449194,1590.3947736369955,8,5300.993415745535,48236.34030462292
optimized_proposed,2025-10-01,1200.0,3636.206552274494,74463.2120707579,46673.412618992785,2153.4009783021693,0.8,72208.88552480582,0.0,0.0,0,19212.239964537985,46673.412618992785
optimized_proposed,2025-10-02,3636.206552274494,2429.434047098599,57550.5977822736,37145.586889475795,1305.527980955975,0.8,64810.94076855857,0.0,0.0,0,3452.7181073946103,37145.586889475795
optimized_proposed,2025-10-03,2429.434047098599,3633.2819763423336,32324.3345068625,17685.352162447743,1044.74565433368,0.8,40878.20150300537,0.0,0.0,0,20593.74897201697,17685.352162447743
optimized_proposed,2025-10-04,3633.2819763423336,2747.799426575918,30006.92495647652,16442.524578858884,357.522373385146,0.8,39303.26374557081,0.0,0.0,0,15098.988010340485,16442.524578858884
optimized_proposed,2025-10-05,2747.799426575918,2725.532552294024,61333.026946743295,39092.853877447735,1584.3957995002695,0.8,67565.68325184193,0.0,0.0,0,3074.918570851955,39092.853877447735
optimized_proposed,2025-10-06,2725.532552294024,2766.0145381323837,63501.86554446785,40297.9222422942,3055.4013162529054,0.8,68575.51192982633,0.0,0.0,0,2160.0615025563125,40297.9222422942
optimized_proposed,2025-10-07,2766.0145381323837,2653.997487386239,63810.62327969649,40280.036591931246,1432.0140007100315,0.8,68370.55997254715,0.0,0.0,0,2448.892091425099,40280.036591931246
optimized_proposed,2025-10-08,2653.997487386239,1210.5998787010362,62706.60222698744,38675.91574664076,336.07945836697576,0.8,65644.65736491284,0.0,0.0,0,4011.78165987598,38675.91574664076
optimized_proposed,2025-10-09,1210.5998787010362,1200.0,59250.1007582419,36934.519482111544,2338.727295673142,0.8,63843.76139110701,432.5401300693228,2339.5624570983014,10,0.0,39274.08193920984
optimized_proposed,2025-10-10,1200.0,1200.0,29773.962384007275,15417.859678796525,859.2715530847969,0.8,37285.6765675193,944.8292217365386,3339.1454859780406,13,18335.11246806067,18757.005164774564
optimized_proposed,2025-10-11,1200.0,1534.804349157139,31599.736738851476,16473.389468762325,160.00034311037433,0.8,39152.95267686981,0.0,0.0,0,14062.940039394218,16473.389468762325
optimized_proposed,2025-10-12,1534.804349157139,1315.6780233894353,63430.7077974027,39330.76466495927,956.0682508204045,0.8,67043.68098512643,5.427996943283233,25.424737682338666,1,1301.6523985661993,39356.18940264161
optimized_proposed,2025-10-13,1315.6780233894353,1882.4512031058052,66193.74831006257,41053.015777593835,484.3559714956277,0.8,68594.80054774095,0.0,0.0,0,4828.246621028278,41053.015777593835
optimized_proposed,2025-10-14,1882.4512031058052,1797.4564459500698,67739.20171160778,41896.72298310288,176.2479528570333,0.8,68586.62369204254,0.0,0.0,0,3145.0283296561242,41896.72298310288
optimized_proposed,2025-10-15,1797.4564459500698,1288.4590833444074,62818.70876135872,39118.06595784919,1047.3039660940597,0.8,66714.11200661532,2111.0448244990916,13823.287701281517,11,20.723961972223606,52941.353659130706
optimized_proposed,2025-10-16,1288.4590833444074,1215.9534922629475,66684.79816417067,41153.33800649766,690.6074398026262,0.8,67374.51194239837,1336.2724959103966,8917.989282374272,7,1156.9658188954827,50071.32728887193
optimized_proposed,2025-10-17,1215.9534922629475,1209.10087635553,32220.42495751597,16718.960486830103,289.8151235173429,0.8,39289.87793464421,269.80751180378707,743.0357408994307,11,13477.759887719845,17461.996227729534
optimized_proposed,2025-10-18,1209.10087635553,1726.718613255512,32963.56926347344,17381.07772837219,310.3124322073357,0.8,39704.21924190332,0.0,0.0,0,13354.820629795751,17381.07772837219
optimized_proposed,2025-10-19,1726.718613255512,1299.1259846751138,69823.27189882784,43081.12637270549,202.55467690549207,0.8,69656.54099079697,439.15749411800846,2748.878875047514,6,2718.311277978706,45830.005247753004
optimized_proposed,2025-10-20,1299.1259846751138,1653.248407074732,71590.9624130422,44573.13728497371,929.6475898044002,0.8,72206.61542010802,191.58390684822047,930.8961506486439,3,2862.2799844710507,45504.033435622354
optimized_proposed,2025-10-21,1653.248407074732,1969.521562818041,73285.84588840438,45431.48473020861,112.53376318670462,0.8,72267.5583869504,0.0,0.0,0,2310.3273253042944,45431.48473020861
optimized_proposed,2025-10-22,1969.521562818041,1200.0,72813.48257904078,44851.79703417427,253.58266120221197,0.8,71500.34951689575,435.6907984056113,2131.5719323278286,13,4266.189418334294,46983.3689665021
optimized_proposed,2025-10-23,1200.0,1483.607006015036,70764.24545969426,44168.232004605794,1193.5069151622981,0.8,71688.56238871404,0.0,0.0,0,3075.558808485163,44168.232004605794
optimized_proposed,2025-10-24,1483.607006015036,1253.5032029315025,33032.75631404716,17348.028529374875,334.2107229016071,0.8,40254.25002259604,161.9117903641091,614.910636974644,7,11808.52762406793,17962.93916634952
optimized_proposed,2025-10-25,1253.5032029315025,1493.1338678304132,34564.05282743084,18137.879982108472,203.0104976570755,0.8,41203.87659765994,0.0,0.0,0,11836.620159414562,18137.879982108472
optimized_proposed,2025-10-26,1493.1338678304132,1926.1762605531549,70298.67915953409,44075.49540027066,809.310881552167,0.8,71576.22224428154,0.0,0.0,0,1433.3899699971,44075.49540027066
optimized_proposed,2025-10-27,1926.1762605531549,1497.4233902066394,71388.04794268364,44879.14779682111,1659.5680067424669,0.8,73346.14844977576,0.0,0.0,0,4437.7068922501985,44879.14779682111
optimized_proposed,2025-10-28,1497.4233902066394,1370.0126137130728,70186.58992552207,43794.422846170964,1335.393793494839,0.8,70796.58106253284,117.7168780035679,764.00069271174,2,320.7018327778874,44558.42353888271
optimized_proposed,2025-10-29,1370.0126137130728,1200.0,70371.152788525,43719.740331943496,905.3303483824999,0.8,70827.45873786628,3074.8417219134276,19877.80751955721,20,446.63043198903176,63597.547851500705
optimized_proposed,2025-10-30,1200.0,1201.556911739394,71860.51019982553,44911.69428268216,1258.7699231788467,0.8,71821.41086677762,96.73025277809225,369.4635826498703,7,3235.5729391351197,45281.15786533203
optimized_proposed,2025-10-31,1201.556911739394,1488.7039958588018,34582.570407868836,18324.817646334843,177.80671437705593,0.8,41599.59185837915,0.0,0.0,0,7118.591268482785,18324.817646334843
optimized_proposed,2025-11-01,1488.7039958588018,1552.4620578416993,33468.50338833455,17746.32676182479,346.5451467118695,0.8,40967.74926496707,0.0,0.0,0,7607.739457147368,17746.32676182479
optimized_proposed,2025-11-02,1552.4620578416993,1329.7254117538391,73217.67382062215,45845.61711327954,878.3864587712363,0.8,72471.56914797548,39.357713989913805,244.80492570050296,3,426.2175556166627,46090.42203898005
optimized_proposed,2025-11-03,1329.7254117538391,1991.9545251715972,78300.94375807956,49391.61869950777,125.84619635803934,0.8,75228.30648482442,0.0,0.0,0,4223.893095770729,49391.61869950777
optimized_proposed,2025-11-04,1991.9545251715972,1368.637754399582,75390.78649362442,47185.82341433232,410.9032449941894,0.8,73479.87838816195,42.68933954725558,219.17173974144845,4,4517.186793464535,47404.99515407377
optimized_proposed,2025-11-05,1368.637754399582,1931.5424557274216,76170.4070523112,47975.29667266361,1207.5781214605017,0.8,74807.9962210173,0.0,0.0,0,1762.091409540809,47975.29667266361
optimized_proposed,2025-11-06,1931.5424557274216,1555.9461371460172,74646.65124105292,46880.75263197415,243.52026590784152,0.8,73679.90522245361,924.2786139551441,4472.256368134351,7,302.6930274078966,51353.009000108505
optimized_proposed,2025-11-07,1555.9461371460172,1984.7104191074116,34768.08990663835,18764.037771774747,258.8934211442851,0.8,42133.14480331324,155.27309176669485,846.4620606562878,2,7800.281132239022,19610.499832431036
optimized_proposed,2025-11-08,1984.7104191074116,2176.48190489916,33693.97612854153,18114.54478662586,325.02168548984946,0.8,41536.901949338644,0.0,0.0,0,6453.610097308846,18114.54478662586
optimized_proposed,2025-11-09,2176.48190489916,1337.6276074768673,74966.1501941522,47494.89037792114,1482.2687553708072,0.8,73944.9273449117,332.9983839536407,2232.9117475789476,5,821.6749606708671,49727.802125500086
optimized_proposed,2025-11-10,1337.6276074768673,1350.2331443214487,78131.70512195055,49454.78949399061,847.7250692065796,0.8,75819.7170328047,74.77790476479224,458.1516280731587,3,89.73391482526142,49912.94112206377
optimized_proposed,2025-11-11,1350.2331443214487,1874.8541019866416,78720.39304889474,49849.26525911357,624.1452454378293,0.8,75887.18322273968,0.0,0.0,0,2632.7433525907622,49849.26525911357
optimized_proposed,2025-11-12,1874.8541019866416,2015.770547640497,78785.80852400462,49825.31426532183,961.6390804368666,0.8,75838.10026741147,0.0,0.0,0,3491.543844423619,49825.31426532183
optimized_proposed,2025-11-13,2015.770547640497,1707.4090784649823,76590.58452700624,48834.18348418569,531.8063204748426,0.8,75275.2604483441,0.0,0.0,0,558.3226812072319,48834.18348418569
optimized_proposed,2025-11-14,1707.4090784649823,2601.4645414926235,35883.20993943597,19602.757360790274,81.1484116047205,0.8,42998.521921112726,0.0,0.0,0,4075.208441233325,19602.757360790274
optimized_proposed,2025-11-15,2601.4645414926235,2218.6856024296753,34363.361073445456,18792.237568372526,196.3533857653456,0.8,42720.43251436189,247.77630026770638,1403.4729033554734,3,3472.747224030391,20195.710471727998
optimized_proposed,2025-11-16,2218.6856024296753,1832.3235590909853,79546.99278005032,50912.239329684555,947.2442192192433,0.8,76861.46006475776,0.0,0.0,0,1347.4235926446668,50912.239329684555
optimized_proposed,2025-11-17,1832.3235590909853,2196.4995118208526,79292.40343139903,50646.76359667618,409.0887831093309,0.8,76892.68271272484,0.0,0.0,0,2140.7267391565274,50646.76359667618
optimized_proposed,2025-11-18,2196.4995118208526,1828.4150765354088,79181.67952389896,50660.41068668135,1032.5937401527258,0.8,77007.34863220219,0.0,0.0,0,659.147789326217,50660.41068668135
optimized_proposed,2025-11-19,1828.4150765354088,1200.0,79664.6482441659,50733.47777912307,459.5824850941205,0.8,76889.12259268654,28.311670189523646,102.23708835385422,3,610.0086187454777,50835.71486747693
optimized_proposed,2025-11-20,1200.0,1334.3750641762115,80155.82499494252,50876.44775465167,530.7946204941006,0.8,77075.33978038469,0.0,0.0,0,966.3569703397011,50876.44775465167
optimized_proposed,2025-11-21,1334.3750641762115,1996.3741672090432,36118.134092020155,19552.84984540463,251.01088470930222,0.8,42829.459013978645,0.0,0.0,0,3123.2312281641794,19552.84984540463
optimized_proposed,2025-11-22,1996.3741672090432,1773.8927735624707,35452.70513231634,19214.56964834791,388.6891671146935,0.8,42852.68798529268,43.74277680451735,225.06776139739986,2,2028.3914010516987,19439.63740974531
optimized_proposed,2025-11-23,1773.8927735624707,1776.069393955407,80311.8818316531,51213.51700948365,572.7865774271879,0.8,77675.06515439937,209.24040468135001,958.5716694409145,2,926.6976041207569,52172.08867892456
optimized_proposed,2025-11-24,1776.069393955407,1411.187395482027,79825.66497355129,50902.37909925351,488.78016443313584,0.8,77205.45791383972,8.490168616414053,39.76794979928342,1,1943.4079725650854,50942.14704905279
optimized_proposed,2025-11-25,1411.187395482027,1200.0,80095.78729553364,50943.7338083526,226.83262705764437,0.8,76545.0467361653,391.19416660684044,2310.1804949276348,5,152.92795093732457,53253.91430328023
optimized_proposed,2025-11-26,1200.0,1411.5863353142283,81239.85249990076,51654.55224507357,391.76506785721546,0.8,78040.18107225996,327.7872822810031,2253.232181994884,2,204.4191263666254,53907.78442706846
optimized_proposed,2025-11-27,1411.5863353142283,1747.7818467621305,81174.89169480707,51603.577843890685,214.8815724706156,0.8,77599.94418301496,0.0,0.0,0,734.1987183128344,51603.577843890685
optimized_proposed,2025-11-28,1747.7818467621305,1982.1356382566519,35919.80319905905,19527.319321037216,205.88417488156566,0.8,43147.03259629106,54.872322305941566,284.5701462421519,2,1275.471241319719,19811.88946727937
optimized_proposed,2025-11-29,1982.1356382566519,1200.0,36029.53143752401,19341.48669369753,298.6268656893552,0.8,43447.40361263495,1383.6906491059885,8558.475010358492,7,39.497664617407395,27899.961704056022
optimized_proposed,2025-11-30,1200.0,1200.0,84603.91512437456,53793.68229885574,829.2022607540803,0.8,79974.57253684918,265.6395417652847,1689.9303522267978,3,83.66989313253498,55483.612651082534
optimized_proposed,2025-12-01,1200.0,1200.0,85222.87265522641,54270.37915452763,454.01087106000284,0.8,80438.12199047617,5749.334806599082,30737.921587247798,22,404.09374496108217,85008.30074177543
optimized_proposed,2025-12-02,1200.0,1361.33320202687,88220.15108101025,56451.78381249863,280.0168554161643,0.8,83569.69410145123,4852.005467522695,26250.818016595676,19,2.4601206383952103,82702.6018290943
optimized_proposed,2025-12-03,1361.33320202687,2220.4285039240513,92893.03806210718,60385.48229357248,1432.7500257814227,0.8,88209.83491059442,0.0,0.0,0,343.44832399041593,60385.48229357248
optimized_proposed,2025-12-04,2220.4285039240513,2257.5638916514918,90559.32716975843,58559.5805442308,1516.2660934334854,0.8,86819.5437012633,1784.3267097703792,8799.120834180148,10,966.2987818891063,67358.70137841094
optimized_proposed,2025-12-05,2257.5638916514918,2550.9335713885107,47207.01869379771,25598.910193634107,1109.595259475461,0.8,50778.67338325135,0.0,0.0,0,1847.3721740496374,25598.910193634107
optimized_proposed,2025-12-06,2550.9335713885107,1859.4939064885668,46563.4932561688,25212.360454838337,1096.8136562387435,0.8,50200.19425402497,222.72008606331315,1553.6953203776725,1,128.68603526842605,26766.05577521601
optimized_proposed,2025-12-07,1859.4939064885668,2598.5503574303425,96131.08985665234,62708.33211730315,2163.366088655551,0.8,92106.85786517408,0.0,0.0,0,3454.6550607079607,62708.33211730315
optimized_proposed,2025-12-08,2598.5503574303425,3308.513746045902,98865.15660861207,64834.21919310503,1936.9850395988492,0.8,95087.6734256959,0.0,0.0,0,6106.522898420734,64834.21919310503
optimized_proposed,2025-12-09,3308.513746045902,3055.656321727237,97138.0236278197,63841.01049240575,897.1788056834752,0.8,94127.20495069545,0.0,0.0,0,5735.078812263337,63841.01049240575
optimized_proposed,2025-12-10,3055.656321727237,2899.7728302717933,96869.13627286123,63454.64607456936,2229.6991380775457,0.8,93831.57624559276,0.0,0.0,0,4497.444845688355,63454.64607456936
optimized_proposed,2025-12-11,2899.7728302717933,2667.4876376922484,96420.28974276363,63157.58866350443,1656.8892388611216,0.8,93598.70936569606,0.0,0.0,0,6585.6046361651115,63157.58866350443
optimized_proposed,2025-12-12,2667.4876376922484,2538.5098688883754,49644.657828766336,27279.49556801195,1206.0459133088577,0.8,52691.196326545265,0.0,0.0,0,2658.1744681716063,27279.49556801195
optimized_proposed,2025-12-13,2538.5098688883754,2365.0073957311206,53945.57508561112,29185.712325508204,215.86449347389006,0.8,54957.385340834895,0.0,0.0,0,6884.772813291258,29185.712325508204
optimized_proposed,2025-12-14,2365.0073957311206,2049.9601681649447,99966.94993245375,65156.7352145629,280.8283596664901,0.8,96381.90539809936,0.0,0.0,0,7274.125045312838,65156.7352145629
optimized_proposed,2025-12-15,2049.9601681649447,2092.500770245186,98599.83948739525,64094.772037992596,1082.533510826005,0.8,94330.77010276742,0.0,0.0,0,4826.430583401847,64094.772037992596
optimized_proposed,2025-12-16,2092.500770245186,1702.533214175138,96860.883682498,63234.93467505145,1075.9959013568982,0.8,93087.42646234242,0.0,0.0,0,3581.439372317611,63234.93467505145
optimized_proposed,2025-12-17,1702.533214175138,1587.3837121461559,96302.42810691902,62186.9821967326,1977.4049023822117,0.8,92096.81292678561,0.0,0.0,0,3820.4645890774204,62186.9821967326
optimized_proposed,2025-12-18,1587.3837121461559,1223.8186842728912,94672.11368000692,60941.97865487209,1880.806454411729,0.8,89710.70879047218,13.832801717358393,29.352378853140603,3,3055.6536817225424,60971.331033725226
optimized_proposed,2025-12-19,1223.8186842728912,1200.0,50331.78731028007,26917.404591346516,1012.8293023534892,0.8,49754.06397797857,363.70716488223775,1337.3691436697395,13,4275.410451426882,28254.773735016257
optimized_proposed,2025-12-20,1200.0,1200.0,46254.543618071606,24161.89949352205,797.7400404676542,0.8,48396.23181038117,778.0422215381207,3444.1056604863215,18,258.30000723947273,27606.005154008373
optimized_proposed,2025-12-21,1200.0,1200.0,90504.68548408747,57780.06799906239,848.023405507025,0.8,85436.35293597725,2930.3852479143416,19123.520995494324,14,42.78513655628956,76903.58899455672
optimized_proposed,2025-12-22,1200.0,1347.5758597892784,95701.71877412857,61432.13793991933,1954.4970652149714,0.8,90738.42956867207,261.7130964075733,1475.8047241090048,8,2281.7365409346344,62907.942664028335
optimized_proposed,2025-12-23,1347.5758597892784,1200.0,94230.62117843682,61139.920410197155,290.2825414945809,0.8,89395.04241294801,123.97828932375026,322.95732649110346,5,2947.5463973848036,61462.87773668826
optimized_proposed,2025-12-24,1200.0,1200.0,92439.47187984237,59105.45927232578,1540.4435568864715,0.8,87700.04611919243,994.8971940715606,5904.7529212287,13,917.5984762476663,65010.21219355448
optimized_proposed,2025-12-25,1200.0,1200.0,91402.84212419587,58565.064784892194,634.0799227640252,0.8,86671.5453009124,1031.6248455548875,6032.310986206554,11,73.26836936424183,64597.37577109875
optimized_proposed,2025-12-26,1200.0,1200.0,46989.11609502546,24642.224232741846,1203.6456730559812,0.8,47832.92906021788,295.0659139873902,765.2796610582598,12,282.4073375274446,25407.503893800105
optimized_proposed,2025-12-27,1200.0,1264.0679899620282,46877.25393319897,24844.590860991266,1122.0382385288012,0.8,48265.89492856368,285.6891357155189,1595.7755881439289,3,127.7022188555643,26440.366449135196
optimized_proposed,2025-12-28,1264.0679899620282,1200.0,92766.04030202514,59708.80481313091,769.5661747433862,0.8,88001.76161560974,430.4164384967149,2131.61999238095,11,2102.995493646854,61840.42480551186
optimized_proposed,2025-12-29,1200.0,1432.54944582189,96102.01389257191,62008.33636637915,442.9309887249633,0.8,91542.55605432605,0.0,0.0,0,3958.2427274175543,62008.33636637915
optimized_proposed,2025-12-30,1432.54944582189,1752.585741614531,95390.83828332854,61727.55549936197,255.19628655946158,0.8,91091.60950954963,0.0,0.0,0,4610.82414457115,61727.55549936197
optimized_proposed,2025-12-31,1752.585741614531,1250.683210382475,93784.65823500433,60733.35801959325,169.16932438346362,0.8,89472.51898304015,313.9050043636005,1819.4343697777194,8,1519.1951319703303,62552.792389370974
