strategy,date,soc_start_kwh,reserve_kwh,net_ratio_to_recent_history,soc_end_kwh,planned_purchase_kwh,planned_cost_yuan,expected_emergency_cost_yuan,actual_emergency_kwh,actual_emergency_cost_yuan,actual_emergency_intervals,spill_kwh,total_cost_yuan
optimized_proposed,2025-02-01,4053.540441795339,4071.4175976368388,0.610555444283632,4071.4175976368388,46732.98298012614,24395.536709825017,1067.4909622426417,122.82285977442064,533.4096498697859,8,8559.181816519635,24928.946359694804
optimized_proposed,2025-02-02,4071.4175976368388,6272.10453781397,1.0784920459102447,6272.10453781397,95951.43278468115,60178.18742061103,7187.23442152759,18.873369234567235,118.34126008485029,2,10450.487159274464,60296.52868069588
optimized_proposed,2025-02-03,6272.10453781397,6264.122236905693,1.0767947528096278,6264.122236905693,90348.87094914133,56938.60352946759,3527.4229359277315,268.0648054712856,881.9154259670265,21,5777.347990384005,57820.518955434614
optimized_proposed,2025-02-04,6264.122236905693,6220.12934522353,1.0674404535434987,6220.12934522353,90436.69039344165,56945.57410698295,1337.245830492315,428.50211701232706,1737.9351578098494,19,5029.63904486074,58683.5092647928
optimized_proposed,2025-02-05,6220.12934522353,6016.349988537051,1.0552858046668703,6016.349988537051,90121.51375692993,56828.194059677735,3531.7619909024443,293.6729742133957,1061.485959431737,18,5186.743922094427,57889.68001910947
optimized_proposed,2025-02-06,6016.349988537051,5841.194887795128,1.0513607567508145,5841.194887795128,90197.5173227943,56983.33192008958,3238.4340936009644,233.9615040757243,967.3784422932597,19,5663.470588702221,57950.71036238284
optimized_proposed,2025-02-07,5841.194887795128,3623.6440228547885,0.5709797938879885,3623.6440228547885,42058.8833656597,22015.505786064405,552.5947255907317,295.20522447745515,1339.3038674537088,20,9094.050365364954,23354.809653518114
optimized_proposed,2025-02-08,3623.6440228547885,3602.4174864099277,0.5659790911074017,3602.4174864099277,40493.23626761405,20765.44447094242,1025.7169583073478,479.125908703695,2209.3599388654293,35,5626.805665042476,22974.80440980785
optimized_proposed,2025-02-09,3602.4174864099277,5302.712621547546,1.0341482672168663,5302.712621547546,86531.83968218576,53672.37487144011,1495.9697597290478,1776.6071442067469,6003.658964888835,56,2229.8927216629695,59676.03383632894
optimized_proposed,2025-02-10,5302.712621547546,5651.590569305269,1.0487382807734735,5651.590569305269,86497.31303198612,53945.67990212678,1413.8747424515025,275.4248174031068,1086.868900141893,22,7393.9836182275885,55032.54880226867
optimized_proposed,2025-02-11,5651.590569305269,5546.858564263565,1.0240647486506536,5546.858564263565,85232.05272757735,53204.66314486406,1265.5480738298875,129.73123626342,601.8368778733569,14,5625.496560668462,53806.50002273742
optimized_proposed,2025-02-12,5546.858564263565,5242.762716762956,1.0190370235418427,5242.762716762956,84426.20258033744,52731.28876305798,1193.2126574059198,457.19499104422613,1842.859955754774,35,5356.995372754336,54574.14871881275
optimized_proposed,2025-02-13,5242.762716762956,5229.577085970593,1.0157133939109326,5229.577085970593,82377.3547488083,51397.65054542041,1317.7578389794903,418.24319155385876,1248.5362619154216,31,7007.734590506602,52646.18680733583
optimized_proposed,2025-02-14,5229.577085970593,3416.268312884554,0.5641639323454961,3416.268312884554,35122.22914768987,18427.847772426976,549.3762714898502,964.7803535812141,3039.322197131744,35,4692.887443402907,21467.16996955872
optimized_proposed,2025-02-15,3416.268312884554,3464.683249128156,0.5708462848654349,3464.683249128156,36690.4230640113,19084.71190568478,590.7940862184084,720.3131486042886,2601.933182024245,43,4539.013931875135,21686.645087709025
optimized_proposed,2025-02-16,3464.683249128156,5640.198830534759,1.0460545315950152,5640.198830534759,84081.84052565924,51725.75678408882,1199.3426484283232,1317.1914287422437,5098.948399717459,51,3195.6447206847783,56824.70518380628
optimized_proposed,2025-02-17,5640.198830534759,5737.0280485348185,1.0613215459050689,5737.0280485348185,84480.78695833418,52681.73301605154,1310.3241997818814,42.82624083120834,127.0282736418898,10,8808.481947956641,52808.76128969343
optimized_proposed,2025-02-18,5737.0280485348185,5626.22491192962,1.0354019890993893,5626.22491192962,83211.07377627782,51755.607893928376,1002.7677638287589,158.05842798075474,649.8956425937611,9,6994.617824916972,52405.503536522134
optimized_proposed,2025-02-19,5626.22491192962,5649.753396482632,1.0409058756373335,5649.753396482632,82993.09434597375,51464.88717464887,1359.3636997227266,427.50150250392517,1645.33912011469,23,6113.459037863238,53110.22629476356
optimized_proposed,2025-02-20,5649.753396482632,5681.2934286588925,1.0482838586141006,5681.2934286588925,82581.08720674421,51260.41206965673,1285.4880478978225,154.6487845332341,650.9524667647473,16,7299.022442410203,51911.36453642148
optimized_proposed,2025-02-21,5681.2934286588925,3769.420892528125,0.6010502303637685,3769.420892528125,35876.542823786556,19124.370041311126,537.0890145933643,68.42864228775028,239.33791553179032,8,8970.45056817076,19363.707956842914
optimized_proposed,2025-02-22,3769.420892528125,3775.4604904804773,0.6064370166546995,3775.4604904804773,36833.71546670724,19288.362112796647,602.9460952585205,373.15354304131836,1492.3129603673756,23,5896.210095667795,20780.675073164024
optimized_proposed,2025-02-23,3775.4604904804773,5545.244808147854,1.095282025209016,5545.244808147854,83768.7617176358,51682.498598339924,1227.8393024123573,336.7323069445106,905.6512625124876,20,6205.546654949905,52588.14986085241
optimized_proposed,2025-02-24,5545.244808147854,5529.757849524993,1.0913783124946095,5529.757849524993,82358.291970548,51099.134257853526,1344.1423372277632,23.932600143558375,109.92755879466706,3,9792.741875019667,51209.061816648195
optimized_proposed,2025-02-25,5529.757849524993,5438.6902956423755,1.0684234136911288,5438.6902956423755,80032.92408220234,49563.28561143404,1396.6877149031573,87.03168123980845,329.35300767025717,7,9979.956120608424,49892.6386191043
optimized_proposed,2025-02-26,5438.6902956423755,4898.4609921663105,1.0557989966701042,4898.4609921663105,78113.59713628194,48241.041827121604,1347.1310503166192,548.5054804095422,2315.0953916528733,21,6075.771411708834,50556.13721877448
optimized_proposed,2025-02-27,4898.4609921663105,4892.304012658316,1.0540413648332871,4892.304012658316,76781.20123515622,47355.752275606676,1339.3043451982348,669.9072034339835,3387.4099207255367,15,6109.348640138096,50743.16219633221
optimized_proposed,2025-02-28,4892.304012658316,3188.4192524200726,0.6110982189476561,3188.4192524200726,34371.24385058709,18284.4882109725,643.7019367315133,208.4917741804531,615.4427253043234,10,9805.876139901968,18899.930936276825
optimized_proposed,2025-03-01,3188.4192524200726,3191.6391821834986,0.6120877956383723,3191.6391821834986,35949.06056025754,19003.235658662943,480.7893733892959,99.55814299369149,468.31467917757425,8,9060.146199505203,19471.550337840516
optimized_proposed,2025-03-02,3191.6391821834986,5315.390587877643,1.0891716162779488,5315.390587877643,79695.46694622861,48726.77169356604,1281.0556104990821,3802.54183005911,14562.472646361106,41,4395.516490078829,63289.24433992715
optimized_proposed,2025-03-03,5315.390587877643,5752.737795262216,1.0918490525387543,5752.737795262216,80300.62244548436,49523.694601456,2174.188795152523,984.0445638821074,4142.808146223973,34,4339.594293859434,53666.50274767997
optimized_proposed,2025-03-04,5752.737795262216,5737.607775476462,1.088220533060835,5737.607775476462,81079.58462092202,50437.7686739447,1725.000420996527,247.237961581277,739.035855324523,23,7680.212830612367,51176.804529269226
optimized_proposed,2025-03-05,5737.607775476462,5742.405818186985,1.0893712117564052,5742.405818186985,80495.1458312944,49880.50928327724,2141.2355474409806,93.77463207233961,275.0256847074614,8,9976.094022915739,50155.534967984706
optimized_proposed,2025-03-06,5742.405818186985,5617.55774080731,1.0594298311787365,5617.55774080731,76688.51973151966,47170.91386253131,1862.613995035827,397.89149676311166,1414.7088368476243,33,6877.277130081551,48585.62269937894
optimized_proposed,2025-03-07,5617.55774080731,3629.3457028388952,0.5826118092489382,3629.3457028388952,30522.730948776185,16035.547762302218,569.3857792733631,277.5456140541768,774.2141254596531,16,8906.307034922098,16809.76188776187
optimized_proposed,2025-03-08,3629.3457028388952,3631.048795079601,0.5830202491224877,3631.048795079601,32092.663313308913,16798.62136384224,574.5180319395964,365.090155089557,921.9154509981157,29,10311.607437534418,17720.536814840358
optimized_proposed,2025-03-09,3631.048795079601,5662.853025367274,1.0702926604817407,5662.853025367274,77610.43779357668,47098.17103563606,1691.6700555102634,412.02133415078595,1632.2177554793252,32,8029.536767146311,48730.38879111539
optimized_proposed,2025-03-10,5662.853025367274,5576.656686448404,1.0496208372375344,5576.656686448404,70924.57950882726,43217.3556046844,1462.6442043622676,3332.247666215506,10084.886482972634,65,2081.7088129539625,53302.24208765704
optimized_proposed,2025-03-11,5576.656686448404,5854.284378846179,1.0443366485786643,5854.284378846179,74360.65640276117,45200.48434308301,1679.3855505479655,667.5054600465326,2488.7320466738092,33,6401.916955842844,47689.21638975682
optimized_proposed,2025-03-12,5854.284378846179,5555.925053073576,1.0446489246706736,5555.925053073576,72414.11743931132,44109.252983987506,2286.7268685559798,544.8536361129327,1656.2061364343301,32,6582.245116914421,45765.45912042184
optimized_proposed,2025-03-13,5555.925053073576,5530.234339018323,1.0384877128764292,5530.234339018323,72740.57216067282,44261.423821150776,1565.653805864319,2312.574812366337,8691.015277880186,55,3277.876829441968,52952.43909903096
optimized_proposed,2025-03-14,5530.234339018323,3829.1710419979004,0.5899380981144183,3829.1710419979004,30574.470972794184,16288.879844432457,323.37807079748274,160.56340072950655,477.58056151738054,12,13601.275864735866,16766.460405949838
optimized_proposed,2025-03-15,3829.1710419979004,3870.648873957189,0.5992449681921361,3870.648873957189,32028.83411313774,16841.02104855478,543.3714787201762,660.0008324364788,2308.722851042632,32,8807.917653097084,19149.74389959741
optimized_proposed,2025-03-16,3870.648873957189,6305.823439116095,1.0942942317125806,6305.823439116095,77760.9657327829,46684.12185204512,1893.382007271134,624.0640085007157,2552.0729080641804,25,8060.683346387449,49236.194760109305
optimized_proposed,2025-03-17,6305.823439116095,6011.973267028482,1.0797191631819572,6011.973267028482,73484.22706102801,44714.197074448995,2125.5169442168726,98.80561010037752,448.6715330070697,7,11851.823566565312,45162.86860745607
optimized_proposed,2025-03-18,6011.973267028482,5784.647506721029,1.0538473430925341,5784.647506721029,72950.88430462807,44214.363014269424,1710.7732887013237,597.9125869709503,3045.0467672527457,16,8534.797290163453,47259.40978152217
optimized_proposed,2025-03-19,5784.647506721029,5206.50041801491,1.0571627534217254,5206.50041801491,69577.26970309133,42201.64846986999,2059.097771999925,556.7444073136709,2851.4194165128483,15,7181.469623691108,45053.06788638284
optimized_proposed,2025-03-20,5206.50041801491,5185.127615934451,1.0515232855723968,5185.127615934451,69360.09442800765,42110.71302391606,1526.6826343166963,827.111269891881,2769.4620399291316,33,3865.438648525237,44880.17506384519
optimized_proposed,2025-03-21,5185.127615934451,3578.614090127208,0.607189358421701,3578.614090127208,30092.584027141893,15980.233314266527,639.3354030647344,148.3629881415156,438.5872671884413,16,17090.90640773041,16418.82058145497
optimized_proposed,2025-03-22,3578.614090127208,3628.0694895758675,0.6198138494588807,3628.0694895758675,31818.66264102789,16719.358093874187,658.6926044551026,233.84332032052907,864.8620573808515,14,13285.999310696963,17584.22015125504
optimized_proposed,2025-03-23,3628.0694895758675,5532.480274251046,1.1059532225155875,5532.480274251046,71350.58158673506,42970.17650500467,1706.3465697063361,724.2564143116886,2382.194554051813,33,7042.262489901333,45352.37105905648
optimized_proposed,2025-03-24,5532.480274251046,5457.683913934388,1.0868599386485434,5457.683913934388,70339.69394796932,42551.67742448482,2009.8283033378707,386.9423321905865,1417.8686606152423,21,8701.98992257198,43969.54608510006
optimized_proposed,2025-03-25,5457.683913934388,5412.252538809478,1.0752626612134153,5412.252538809478,71197.53154088775,43044.55440753498,1331.7434212666562,571.7966481096205,2375.5847768544363,22,6721.227004398146,45420.139184389416
optimized_proposed,2025-03-26,5412.252538809478,5436.841686732912,1.0815395385823574,5436.841686732912,69806.46969441607,42300.24461515846,1443.5038679642664,142.7625629955519,498.5789049243577,10,10185.081789111817,42798.82352008282
optimized_proposed,2025-03-27,5436.841686732912,5407.565350093894,1.0740661614866083,5407.565350093894,68719.67506030152,41681.80053086549,1311.6214950694614,424.9744897275624,1482.8191332064266,23,6338.227331360054,43164.61966407191
optimized_proposed,2025-03-28,5407.565350093894,3622.302654281052,0.6183417481048544,3622.302654281052,29083.890030486127,15282.234965726086,610.3749404617355,338.04996599421884,1218.80427483839,13,17668.753984585906,16501.039240564474
optimized_proposed,2025-03-29,3622.302654281052,3642.8084975810857,0.6235762793762039,3642.8084975810857,30771.853058028628,15999.135772228703,694.8363086183359,126.35600710439957,466.0159996979735,14,20403.428721808683,16465.151771926678
optimized_proposed,2025-03-30,3642.8084975810857,5527.126690947595,1.104586612091151,5527.126690947595,67068.47830099164,40045.55005030532,1929.50256212078,584.8238460029133,2589.3285059214395,21,6154.57732253586,42634.87855622676
optimized_proposed,2025-03-31,5527.126690947595,5452.5062419113765,1.0855382331365735,5452.5062419113765,63892.17176100402,38398.58325703416,1775.0726723070038,1988.9115746556204,7721.397792116093,36,4922.096191342058,46119.98104915025
optimized_proposed,2025-04-01,5452.5062419113765,5968.044660008806,1.0676034553487719,5968.044660008806,64942.66049798706,38852.033018469956,1461.9055668179703,3521.7630287723005,9794.573934320793,54,3565.3496475353795,48646.60695279075
optimized_proposed,2025-04-02,5968.044660008806,6000.49753179269,1.0748699137238495,6000.49753179269,67326.73008100176,40260.04316067674,1672.6738211877096,2335.600859502098,10232.041587913845,51,5079.173971944324,50492.08474859058
optimized_proposed,2025-04-03,6000.49753179269,6836.593445957965,1.0876041753657084,6836.593445957965,72288.50087091082,43030.00318055855,1969.9025336702866,186.27965907912437,623.538821437704,15,11541.494869640046,43653.542001996255
optimized_proposed,2025-04-04,6836.593445957965,4402.856822258651,0.6180045600920622,4402.856822258651,27601.893650767437,14184.148780439968,696.9613193198714,139.62157325824353,687.2783904536265,16,20798.25060621157,14871.427170893594
optimized_proposed,2025-04-05,4402.856822258651,4494.467358790663,0.6356811945690721,4494.467358790663,30274.65022955383,15452.904976985788,617.5455124487745,385.5895189924394,1458.183004013715,24,15779.465604957331,16911.087980999502
optimized_proposed,2025-04-06,4494.467358790663,7028.7788653691905,1.1246871522736757,7028.7788653691905,70013.51656004247,41190.61242145013,1693.3838905143264,213.23178480652805,793.065572498534,11,8912.053789262765,41983.677993948666
optimized_proposed,2025-04-07,7028.7788653691905,6887.8561547468,1.0974955284770942,6887.8561547468,67014.01311413254,39786.39469898645,1644.742858068105,145.18425328865044,437.241740998674,14,9959.731949427514,40223.63643998512
optimized_proposed,2025-04-08,6887.8561547468,6808.914842303113,1.0822634735407617,6808.914842303113,64310.722085960515,38121.06091532971,1839.7329281438826,928.7822030615771,4183.862158998982,36,6859.084781017021,42304.92307432869
optimized_proposed,2025-04-09,6808.914842303113,6825.848972600956,1.0855309844930245,6825.848972600956,65309.43816763173,38738.27488728461,1824.206470986582,1290.141201607338,4482.376994740027,43,3331.4894487607,43220.65188202464
optimized_proposed,2025-04-10,6825.848972600956,6862.871380155494,1.0926746121866773,6862.871380155494,67047.6678669558,39867.31337374088,1033.2159181257125,649.0771269847805,2923.0086855289846,27,9029.949464187013,42790.32205926986
optimized_proposed,2025-04-11,6862.871380155494,4393.731308702858,0.6162437542541399,4393.731308702858,26635.125710788983,13535.200303709853,570.646316036415,449.59465527542136,1767.5551898028652,24,21288.701012280228,15302.75549351272
optimized_proposed,2025-04-12,4393.731308702858,4481.164089936296,0.633114273450715,4481.164089936296,29381.11121025866,14771.164675168704,636.2567917562243,189.21820729539263,780.1014735436854,12,17747.12250101296,15551.26614871239
optimized_proposed,2025-04-13,4481.164089936296,6145.215171350855,1.1072733543497453,6145.215171350855,66292.60348213978,38731.67352789492,1387.7096716894744,536.3305375578748,2548.2206103763288,29,6688.462319289937,41279.89413827125
optimized_proposed,2025-04-14,6145.215171350855,6036.708408874412,1.082977819637127,6036.708408874412,62552.28387499281,36901.78060071848,1415.6229272427431,465.6134362084051,2055.219998659173,35,6602.068416670364,38957.00059937765
optimized_proposed,2025-04-15,6036.708408874412,5203.4647855579415,1.0775420455706393,5203.4647855579415,63948.48433914519,37788.5109557119,1438.0934536497466,173.26948271992416,889.5044618198397,13,10859.131819738977,38678.01541753174
optimized_proposed,2025-04-16,5203.4647855579415,5151.257455143144,1.0634903187234648,5151.257455143144,61387.01555701675,36294.157313718504,1689.2851419364495,1508.245454862706,4981.598556383875,46,3261.735391582174,41275.75587010238
optimized_proposed,2025-04-17,5151.257455143144,5975.023832002611,1.0691661479549368,5975.023832002611,63965.46477550089,37647.83906344806,1220.1465981669,301.322259238525,1434.7906664473169,22,6589.945556554107,39082.62972989538
optimized_proposed,2025-04-18,5975.023832002611,3935.6740997830902,0.6125393803738353,3935.6740997830902,26169.48979025722,13136.601938181404,459.99491047923465,192.3246359282299,743.2690574627876,18,19238.91413633992,13879.87099564419
optimized_proposed,2025-04-19,3935.6740997830902,3977.970877337764,0.6220099682326756,3977.970877337764,27892.98493139122,13871.803330153069,499.99130996388595,299.9371936564836,978.9383220393433,17,18757.048590032748,14850.741652192411
optimized_proposed,2025-04-20,3977.970877337764,6036.137308137865,1.107665119131983,6036.137308137865,64531.141422290966,37637.85700667814,1309.9045213354573,472.5672040211923,1710.3323137916177,24,6742.065506821035,39348.189320469755
optimized_proposed,2025-04-21,6036.137308137865,5957.982622290172,1.089764630809508,5957.982622290172,60478.21814676094,35645.86125513528,1293.9566182889198,494.51666510317426,1760.645887560232,35,8582.868140542787,37406.50714269551
optimized_proposed,2025-04-22,5957.982622290172,5911.360153905675,1.0790862569944302,5911.360153905675,61314.983122217294,36340.74629162547,1289.8897056244114,531.8587881646779,1653.4626106734422,25,5845.732274789791,37994.20890229892
optimized_proposed,2025-04-23,5911.360153905675,5986.567494287241,1.0802915828490285,5986.567494287241,61927.19980872079,36432.11440947103,1480.581892961632,342.12502309202716,1205.7820707352253,23,6859.669275061449,37637.896480206255
optimized_proposed,2025-04-24,5986.567494287241,5950.145884888275,1.0720715048673688,5950.145884888275,60153.98613093047,35442.46780076146,1448.8856537221186,375.8379549293679,1778.0923799928742,25,9640.929571896097,37220.56018075433
optimized_proposed,2025-04-25,5950.145884888275,3901.234875446357,0.6096479998925566,3901.234875446357,25122.267565702226,12446.944144901177,462.7367121218505,194.3539332480616,739.5848147894537,15,22563.35639485378,13186.528959690631
optimized_proposed,2025-04-26,3901.234875446357,3957.964590404654,0.6224514615882322,3957.964590404654,27142.987213283184,13310.652822553107,468.3858100817377,387.9281580662484,1596.6694619231475,28,24800.76135880154,14907.322284476255
optimized_proposed,2025-04-27,3957.964590404654,6034.138747050197,1.0910280498489693,6034.138747050197,59289.25071764481,34702.5772001335,1043.111536240072,1050.0922074315483,4525.115107863263,38,5692.774958287866,39227.69230799676
optimized_proposed,2025-04-28,6034.138747050197,6295.9225917666245,1.0932136271018364,6295.9225917666245,58229.36021900785,34334.14650007088,1187.1560043522177,4942.63109476139,18056.16165343726,61,2466.530698559841,52390.30815350814
optimized_proposed,2025-04-29,6295.9225917666245,6862.393969075669,1.0994670769355888,6862.393969075669,65291.389970135046,38218.1299722705,1876.8139354480184,190.2988247871,802.8374264982695,9,13518.742714437858,39020.96739876877
optimized_proposed,2025-04-30,6862.393969075669,6856.576324808603,1.0983374649071969,6856.576324808603,61812.66169703982,36515.94826567472,1834.3277472629811,388.49093746551455,1437.4762199241186,19,10172.607758928534,37953.424485598836
optimized_proposed,2025-05-01,6856.576324808603,6596.0061542943395,1.0802714818130232,6596.0061542943395,62183.13557649474,36609.437739405126,1649.3860316225787,2587.652745076722,12285.477445170603,59,10344.053478328846,48894.91518457573
optimized_proposed,2025-05-02,6596.0061542943395,4220.918844851973,0.6280160662966937,4220.918844851973,25751.935838811853,13084.327676867337,1264.6628950302238,3017.1183775651457,13569.259097808465,64,13951.896510961931,26653.5867746758
optimized_proposed,2025-05-03,4220.918844851973,4360.989546973024,0.6571352369422027,4360.989546973024,28976.372646058044,14697.6845715204,1236.8846387321773,1054.6561522910606,5593.865122398358,30,18343.80683430141,20291.549693918758
optimized_proposed,2025-05-04,4360.989546973024,6846.320754936562,1.1738084773801307,6846.320754936562,67396.77594143934,39609.42187543721,2291.634295072242,991.64446233233,4666.201568519898,39,9952.979528314558,44275.62344395711
optimized_proposed,2025-05-05,6846.320754936562,6818.255590773861,1.1679740359725217,6818.255590773861,67080.9338526061,40032.0627305295,2331.0759067549984,685.055269334535,2970.9065396271094,27,8804.18298986135,43002.96927015661
optimized_proposed,2025-05-06,6818.255590773861,6709.750311153773,1.145416972251477,6709.750311153773,65638.15724933037,39221.944673449674,2607.7357947265286,795.8667180736065,3423.13082604327,32,9797.702182908737,42645.075499492945
optimized_proposed,2025-05-07,6709.750311153773,6767.450257338316,1.1574121614933528,6767.450257338316,69920.90897050929,42118.209391325996,1461.2702655661565,120.49218237607465,595.9870099485161,10,10799.928439405849,42714.196401274516
optimized_proposed,2025-05-08,6767.450257338316,6908.046146662874,1.1866405128281008,6908.046146662874,68273.5815008473,41446.27998480273,2567.820681635346,549.1620866172125,2308.4678204258935,17,8733.24622122258,43754.747805228624
optimized_proposed,2025-05-09,6908.046146662874,4530.822967898559,0.6924417520831586,4530.822967898559,30751.06363896392,17145.18866326734,936.7695593703008,10.153151533234166,21.750172021862543,2,21671.4913970509,17166.938835289206
optimized_proposed,2025-05-10,4530.822967898559,4124.8889919203575,0.6954221637635465,4124.8889919203575,31214.333603642284,17014.32496635231,926.387723796023,106.47683313044246,400.3634155857025,9,16920.962500192138,17414.688381938013
optimized_proposed,2025-05-11,4124.8889919203575,6326.488584554685,1.2188749022025154,6326.488584554685,69216.25272755625,41132.25677450697,1804.5175475964902,512.2528677057376,2375.754952422089,26,7714.648385438632,43508.01172692906
optimized_proposed,2025-05-12,6326.488584554685,6297.225950014345,1.2119174126411407,6297.225950014345,71876.64142270222,43653.76482995978,2371.5406792997205,159.0490677447857,461.3017517394729,8,15984.462838451158,44115.066581699255
optimized_proposed,2025-05-13,6297.225950014345,6060.089425638989,1.1555357874430494,6060.089425638989,65234.844721934,39609.6528989497,1529.848838285609,278.08757662275457,754.1860274057622,12,8809.16731382625,40363.83892635546
optimized_proposed,2025-05-14,6060.089425638989,6003.328864052856,1.142040385510292,6003.328864052856,68255.44965989683,41145.11282170347,2245.870627914137,205.75268780056888,741.4842918332428,14,11555.391497018089,41886.597113536714
optimized_proposed,2025-05-15,6003.328864052856,5962.6626115440595,1.1323715695689205,5962.6626115440595,65018.928920531136,39957.41989613158,1991.7863765834124,723.2600190293872,2623.6536447869394,24,9274.348182049507,42581.073540918514
optimized_proposed,2025-05-16,5962.6626115440595,3969.9377567008974,0.6585809285673337,3969.9377567008974,28444.467135779647,15651.785347919249,1008.1903426288238,175.14191695653494,498.07325122721727,12,25086.12358456928,16149.858599146466
optimized_proposed,2025-05-17,3969.9377567008974,3777.5563006575135,0.6640380042455637,3777.5563006575135,29811.923950194163,16204.961667192867,1017.8635528061753,1327.6604461690963,5318.339865524844,25,18293.11118221905,21523.301532717713
optimized_proposed,2025-05-18,3777.5563006575135,6031.2350073586795,1.1486753554574043,6031.2350073586795,66299.49486969647,40296.27064939087,1974.2496500832654,1170.279539553758,3475.0643975804046,35,7696.410978792224,43771.335046971275
optimized_proposed,2025-05-19,6031.2350073586795,6063.503374994493,1.1377761731311713,6063.503374994493,63763.29956152527,38472.87052140351,1790.9622062684757,186.453853591467,1060.645876439623,12,12732.311464367023,39533.51639784313
optimized_proposed,2025-05-20,6063.503374994493,5903.178983345316,1.1002696148489144,5903.178983345316,60589.156171171846,37241.19686532256,1616.8194604687596,1724.4917863237831,5754.880801751502,42,4342.384179954426,42996.07766707407
optimized_proposed,2025-05-21,5903.178983345316,6491.961546924099,1.100141064483144,6491.961546924099,64334.75201489877,38926.19583044169,2020.7477294594908,684.755501840452,2029.257239231792,26,9389.730312221342,40955.45306967348
optimized_proposed,2025-05-22,6491.961546924099,6491.562983973227,1.1000582075944179,6491.562983973227,63344.07537120692,38659.90151290824,1983.7699075908226,338.1617549970862,970.2330594620483,23,9280.035344013764,39630.13457237029
optimized_proposed,2025-05-23,6491.562983973227,4288.905500166751,0.6421497501274318,4288.905500166751,26869.863314141185,14706.56102105457,682.6299233400798,412.79721519532524,1076.6166333916362,21,20165.075612797453,15783.177654446205
optimized_proposed,2025-05-24,4288.905500166751,4351.653950735721,0.6551944683460929,4351.653950735721,28901.890676286952,15539.490735700978,794.7373157394679,302.7951057309298,706.7334784502779,18,22701.694959128265,16246.224214151256
optimized_proposed,2025-05-25,4351.653950735721,6637.680920624068,1.1304345323166884,6637.680920624068,62618.017726280756,37953.28102458589,2239.3140591819615,475.9754485782952,1594.9989955929796,27,8361.916922368611,39548.28002017887
optimized_proposed,2025-05-26,6637.680920624068,6505.081885592355,1.1028686397349454,6505.081885592355,58965.033632208884,36224.66637161945,1562.2468996720897,3246.67792583154,10912.492867112915,46,4198.121361963237,47137.15923873237
optimized_proposed,2025-05-27,6505.081885592355,6869.62974460875,1.0927808125305234,6869.62974460875,64408.42927533918,38885.049087640924,1783.9349558120343,349.32385280223843,756.0092361509536,18,11253.829138379286,39641.058323791876
optimized_proposed,2025-05-28,6869.62974460875,6869.473336564843,1.0927506659923882,6869.473336564843,60270.522576378484,36761.03353021061,2097.0128951952347,1808.6037515864355,5943.427388531112,54,6232.784701124554,42704.46091874172
optimized_proposed,2025-05-29,6869.473336564843,6923.165534960411,1.1030994553899767,6923.165534960411,64742.99089723733,39101.62216895345,1569.4239099699196,618.5054425955877,2451.0582815177463,33,7384.446065710401,41552.6804504712
optimized_proposed,2025-05-30,6923.165534960411,4569.494433397105,0.6494460891817654,4569.494433397105,27450.98205436565,14968.775431113772,782.7238633185195,848.6734467133481,3039.063108260408,24,21083.721845435473,18007.83853937418
optimized_proposed,2025-05-31,4569.494433397105,4668.715536366508,0.6685702511477529,4668.715536366508,30425.409077661512,16449.538351629213,817.6592758726139,516.3759335739194,1373.546118527779,18,19704.353410885597,17823.08447015699
optimized_proposed,2025-06-01,4668.715536366508,7245.6713494683145,1.1659478719894374,7245.6713494683145,69654.77584642319,41561.01799779068,2087.1614642551954,9598.094485533247,36298.95936572483,113,1225.557924532627,77859.97736351551
optimized_proposed,2025-06-02,7245.6713494683145,7429.904645080987,1.2014784866312815,7429.904645080987,74679.5492405943,45659.74426729105,3759.298593391769,3749.126761360653,14827.966356400582,78,5440.7519172555785,60487.71062369163
optimized_proposed,2025-06-03,7429.904645080987,8041.97220486364,1.2445240912180122,8041.97220486364,79901.73056750362,49422.189147973055,2798.799706625903,816.5205147285117,3246.964865399265,38,7602.475849140305,52669.15401337232
optimized_proposed,2025-06-04,8041.97220486364,8287.578197798597,1.2735848960295155,8287.578197798597,79976.95224669094,49267.51981735804,3559.2885144377833,1618.420378659243,5064.509550510233,51,7348.146435151637,54332.02936786828
optimized_proposed,2025-06-05,8287.578197798597,8447.008589043904,1.2731166866528218,8447.008589043904,85402.50718559834,53444.28466077616,2873.515005849972,376.2709947797706,1520.7470013668715,21,9984.481763137046,54965.03166214303
optimized_proposed,2025-06-06,8447.008589043904,5507.882412918041,0.756786323161753,5507.882412918041,36655.25828942186,21030.86642503639,1710.9745832786516,1425.73998012099,6259.583001014078,33,7056.807493945799,27290.44942605047
optimized_proposed,2025-06-07,5507.882412918041,6255.609054426177,0.8026907641925268,6255.609054426177,43565.43288972006,24509.94642413519,1480.8236929566708,165.6818794668751,739.9317200688376,12,8998.352856643774,25249.878144204027
optimized_proposed,2025-06-08,6255.609054426177,10685.14888275647,1.5059790666594273,10685.14888275647,98446.10323585046,61417.84201201795,2038.0985923254289,0.0,0.0,0,23673.99040909539,61417.84201201795
optimized_proposed,2025-06-09,10685.14888275647,10061.934964597713,1.4070299487911646,10061.934964597713,93150.61644110011,59263.86826488502,3378.641421944667,22.82309863565183,49.959762913441864,1,18214.853382134395,59313.82802779847
optimized_proposed,2025-06-10,10061.934964597713,9713.199436574105,1.3516604009331714,9713.199436574105,86983.62912846231,54708.26480523807,2460.2417598976795,186.57918736721672,575.0223373399882,6,11414.435809667606,55283.287142578054
optimized_proposed,2025-06-11,9713.199436574105,9501.445294953435,1.3180397052012462,9501.445294953435,86272.106696076,53968.09461404186,2456.8886743867256,1292.8452310165187,6223.703435132276,26,7332.275954017703,60191.79804917413
optimized_proposed,2025-06-12,9501.445294953435,9639.137495221257,1.3399014148917068,9639.137495221257,92256.94283264129,58614.58700768178,2843.6555302170996,64.33998474197574,239.9791689767183,3,15005.888020468845,58854.566176658496
optimized_proposed,2025-06-13,9639.137495221257,6063.542612295136,0.7721959301279883,6063.542612295136,44001.425406429626,25463.79751303637,2238.384546262792,8.428686378739258,40.30493386205313,3,16804.85773595638,25504.102446898425
optimized_proposed,2025-06-14,6063.542612295136,6090.302849930554,0.7764447150649371,6090.302849930554,47497.08114679417,27737.679038975853,1239.7921446264818,45.831740867039514,103.53944968964903,4,18578.97201444688,27841.2184886655
optimized_proposed,2025-06-15,6090.302849930554,9781.830895858191,1.362557176753319,9781.830895858191,91303.95020899153,56465.20691301912,3457.9803024691923,73.83545698717171,207.12642734913103,4,12121.507701882134,56672.333340368255
optimized_proposed,2025-06-16,9781.830895858191,9442.0331154027,1.3086066957868474,9442.0331154027,85815.3953567959,53934.82706487891,1926.575605844201,366.7095180935613,1406.1711358614293,14,9451.86270981855,55340.99820074034
optimized_proposed,2025-06-17,9442.0331154027,8378.703078748773,1.2611171307148676,8378.703078748773,87538.00803570819,55556.26053146814,3576.052266253976,448.0696874593193,1895.2482050436233,13,9921.75176298571,57451.508736511765
optimized_proposed,2025-06-18,8378.703078748773,8266.645632685899,1.2414314628018999,8266.645632685899,85387.76900452717,53597.26236187521,3375.6828133449153,495.0968718201598,1705.1709869830659,18,10523.693396053153,55302.43334885828
optimized_proposed,2025-06-19,8266.645632685899,8000.71071650563,1.1947134031787103,8000.71071650563,83806.16700874163,52533.9421556286,2512.8515298412535,627.4486114829203,2704.7375285582384,29,11968.09560673816,55238.67968418684
optimized_proposed,2025-06-20,8000.71071650563,5017.170665690024,0.6705806417338287,5017.170665690024,33678.09946828969,19798.072229800906,1518.8350391386048,160.12945251867302,510.15738744344657,16,11301.887087690116,20308.229617244353
optimized_proposed,2025-06-21,5017.170665690024,4993.971297174678,0.6665050976229321,4993.971297174678,33858.94235481258,19200.135251716798,792.4272454487316,995.2879284184573,3292.4393482441396,43,12712.753152157973,22492.57459996094
optimized_proposed,2025-06-22,4993.971297174678,7837.3099413370455,1.1660080068868348,7837.3099413370455,80719.83440968001,49429.45853593503,3689.939382708081,738.4879972043334,2422.094213632091,25,6527.38121795028,51851.55274956712
optimized_proposed,2025-06-23,7837.3099413370455,7659.475349935146,1.1347669530097737,7659.475349935146,77141.14101361309,47904.32171074448,2116.2242691060865,457.3696287622872,1785.0124937294581,24,6482.079973688522,49689.33420447394
optimized_proposed,2025-06-24,7659.475349935146,7483.825717815388,1.1039097413881167,7483.825717815388,77188.51581227034,48288.14997545516,3082.06137319421,6825.454822707635,27364.49528306709,67,3722.6587838924384,75652.64525852226
optimized_proposed,2025-06-25,7483.825717815388,9397.047720446353,1.1247458065284022,9397.047720446353,80076.67241535528,48949.90516283379,3403.095179051492,2228.5750185819174,8026.875469793571,49,5419.666418686543,56976.780632627364
optimized_proposed,2025-06-26,9397.047720446353,7515.5550567196215,1.1094837862259428,7515.5550567196215,78186.87748984632,49050.96828987691,3894.2119129322045,715.9239167616538,2890.9319219535973,33,8988.491477310243,51941.90021183051
optimized_proposed,2025-06-27,7515.5550567196215,5288.76544649103,0.6217141521802506,5288.76544649103,32143.350296114488,18623.055173180102,1011.0130577014039,537.849859395558,1742.244628570626,33,12023.814454901007,20365.299801750727
optimized_proposed,2025-06-28,5288.76544649103,5092.165110007237,0.6308351799914154,5092.165110007237,34020.73514020184,19120.798335149062,1495.0883935373895,741.8652206856256,2601.5740534639785,30,10314.26857938803,21722.37238861304
optimized_proposed,2025-06-29,5092.165110007237,7662.502762612067,1.1433124954804017,7662.502762612067,82638.70857160559,50900.18962600213,2244.007383551363,1746.100145295836,5710.217177229556,37,7845.226393982013,56610.406803231686
optimized_proposed,2025-06-30,7662.502762612067,7719.293512976845,1.1320062871385905,7719.293512976845,83754.96347201196,52212.247273612964,2566.7157721418625,601.7884880509894,2374.616350825262,16,9957.048073795733,54586.86362443823
optimized_proposed,2025-07-01,7719.293512976845,7667.299288181616,1.1229780405585068,7667.299288181616,83992.36751069396,52545.99808711074,3023.8760765222237,5339.959537803572,18214.479632137845,83,6121.887709381132,70760.47771924859
optimized_proposed,2025-07-02,7667.299288181616,7942.316422161621,1.170731853777149,7942.316422161621,86660.38074644124,54311.39395890343,3451.412148781988,1860.2891426676192,6520.569527591442,55,10930.393026769838,60831.96348649487
optimized_proposed,2025-07-03,7942.316422161621,7799.56144497788,1.1631085773187466,7799.56144497788,84376.1149592488,53108.256425365194,3231.571528996657,3039.3316932304324,11250.098235631556,68,3544.114617720828,64358.35466099675
optimized_proposed,2025-07-04,7799.56144497788,5405.094771475453,0.7301701802271247,5405.094771475453,42408.34531704917,25426.79544296556,1378.5195747630783,333.25305070150574,1171.2090683102251,21,13101.342011035827,26598.004511275783
optimized_proposed,2025-07-05,5405.094771475453,5557.546702480636,0.7640275681000102,5557.546702480636,47193.10794666887,27826.69484818641,1052.911591254675,263.41194335459465,1319.3862845575866,12,15582.639992706227,29146.081132743995
optimized_proposed,2025-07-06,5557.546702480636,8326.022683869232,1.2494364726562128,8326.022683869232,92819.10814692505,58052.046186126754,3266.7237039667484,1384.200144107652,5979.274828410564,33,7033.995118908356,64031.321014537316
optimized_proposed,2025-07-07,8326.022683869232,8526.212951642976,1.2845367008092219,8526.212951642976,96104.62050969063,61144.29188386519,3938.5438047718576,44.390515966835665,131.2445834994495,4,18039.938135692446,61275.53646736464
optimized_proposed,2025-07-08,8526.212951642976,8952.181888136462,1.3592236824656652,8952.181888136462,102441.74090829771,65724.73004693541,3488.888092457707,0.0,0.0,0,21829.180797643556,65724.73004693541
optimized_proposed,2025-07-09,8952.181888136462,8748.18808943902,1.3234565647345886,8748.18808943902,98556.1031753348,63276.77744369237,3488.9946322251626,0.0,0.0,0,20172.204685040895,63276.77744369237
optimized_proposed,2025-07-10,8748.18808943902,8532.210905251177,1.2855883480368333,8532.210905251177,92039.50736109576,58941.152657916224,2996.098122469562,76.9770548896895,291.8947193424204,4,15177.190974107174,59233.04737725864
optimized_proposed,2025-07-11,8532.210905251177,5805.074965419474,0.8074277723161855,5805.074965419474,49785.89411359781,30731.096877381024,1821.8321614042857,377.6309392866482,906.838743631742,11,17100.321089366655,31637.935621012766
optimized_proposed,2025-07-12,5805.074965419474,5814.199363568812,0.8090275926289422,5814.199363568812,51292.78498647646,30810.138221967547,1306.6011495214314,0.0,0.0,0,17199.554273610862,30810.138221967547
optimized_proposed,2025-07-13,5814.199363568812,8420.408925806278,1.265985621939732,8420.408925806278,95684.07236567844,59969.27205614366,2102.993070937261,79.89939516664299,490.51452423516184,6,19147.669432148385,60459.78658037882
optimized_proposed,2025-07-14,8420.408925806278,8333.988768340696,1.250833200806607,8333.988768340696,93691.2155775254,59654.43307053692,2583.968488276263,33.36346758713918,142.13126428661684,2,17695.89944017245,59796.56433482354
optimized_proposed,2025-07-15,8333.988768340696,8520.825166489969,1.283592037064011,8520.825166489969,91924.65539772029,58326.67166322099,2812.180389596327,1181.173048670665,3651.5865489310963,15,15947.605436004658,61978.25821215208
optimized_proposed,2025-07-16,8520.825166489969,8092.05286210793,1.2084135287535536,8092.05286210793,91920.22717387113,58426.417744162645,3146.386836906127,96.18091803455104,325.17341135211603,5,16087.831071102919,58751.59115551476
optimized_proposed,2025-07-17,8092.05286210793,7880.880056371616,1.171387684572991,7880.880056371616,84724.80602297993,53269.93513693562,2272.2630683694347,852.0280152907418,4012.6650923773536,18,8849.342116110889,57282.60022931298
optimized_proposed,2025-07-18,7880.880056371616,5369.703190962775,0.731092150286437,5369.703190962775,41833.453370992735,25433.588729032817,1247.2821162384548,272.2931253544528,885.5527077740878,17,10184.042764836613,26319.141436806905
optimized_proposed,2025-07-19,5369.703190962775,5271.970904204318,0.7139563244479189,5271.970904204318,42492.23598091426,24750.610438556476,1393.235158642352,1036.6065720715897,4279.030146188357,43,13546.816464107149,29029.640584744833
optimized_proposed,2025-07-20,5271.970904204318,7596.253258169238,1.1214828332209998,7596.253258169238,84758.69578778515,52279.29320648985,2326.7607585031838,636.3074341261532,2870.559764034694,31,6515.176984095038,55149.852970524546
optimized_proposed,2025-07-21,7596.253258169238,7516.119496057304,1.107432633058089,7516.119496057304,82372.87609963304,51342.3943790841,2444.5752664411148,1611.7133587909623,6460.500210091395,46,5907.191218610011,57802.8945891755
optimized_proposed,2025-07-22,7516.119496057304,7686.051884402492,1.1372276159402896,7686.051884402492,85633.85123006624,53703.38799070162,2292.188268623954,967.6715959766096,3954.6134146647073,25,8454.175756651824,57658.00140536633
optimized_proposed,2025-07-23,7686.051884402492,7455.324986993544,1.096773268033412,7455.324986993544,84745.57958068122,53169.70542670387,2508.1374345500394,876.0823668620303,4023.567734702512,32,7477.715000184646,57193.27316140638
optimized_proposed,2025-07-24,7455.324986993544,7344.442015268529,1.0773316755468558,7344.442015268529,84162.7940555797,52834.33850879377,2476.7830102270736,1264.0941389304494,4834.087262169354,34,7617.647064138959,57668.42577096313
optimized_proposed,2025-07-25,7344.442015268529,5044.34641922798,0.653024076851556,5044.34641922798,38760.23028171348,23036.621916171378,1073.5473747023748,1218.440858633741,4743.971025174818,46,12705.186699391143,27780.592941346196
optimized_proposed,2025-07-26,5044.34641922798,5044.34641922798,0.6466346802282715,5044.34641922798,39714.79551565538,23085.70713325983,1167.0826519321738,1813.1289982049718,6700.338336076017,53,10216.559738318278,29786.045469335848
optimized_proposed,2025-07-27,5044.34641922798,7131.98926324902,1.0400814128315496,7131.98926324902,81485.48296247015,50551.032977816256,1617.1328872063536,3340.7728269970216,13499.875102842607,73,4764.05010080066,64050.90808065886
optimized_proposed,2025-07-28,7131.98926324902,8005.37907124467,1.0547506410718828,8005.37907124467,82450.79692934845,51294.38354296444,2640.6460876805495,3758.772340800616,14030.599381094326,71,3051.3195718358593,65324.982924058764
optimized_proposed,2025-07-29,8005.37907124467,9973.11013477415,1.1226403935218645,9973.11013477415,95248.0091968393,60090.38276826833,2477.202275365124,467.8910555522092,1527.7430361789266,10,13015.043877302443,61618.12580444726
optimized_proposed,2025-07-30,9973.11013477415,9762.867526956978,1.0957369533109196,9762.867526956978,90041.32546714167,56903.10499090124,1826.2060543174575,91.35881531165454,305.49494582694604,11,11974.358000952216,57208.59993672819
optimized_proposed,2025-07-31,9762.867526956978,9722.474623361855,1.0905681244131973,9722.474623361855,89581.99280082823,56729.013824256996,2251.937100022008,198.66775797995138,799.1152338292837,12,10856.371926042484,57528.12905808628
optimized_proposed,2025-08-01,9722.474623361855,5533.358141650558,0.679139166005149,5533.358141650558,41139.76455262153,25019.67385731107,1299.9610745994448,93.71956855112876,319.9784905829424,9,20810.432657772653,25339.652347894014
optimized_proposed,2025-08-02,5533.358141650558,5572.3507582744105,0.6862998167775763,5572.3507582744105,44004.59489429969,26061.62245057629,1261.3335616726179,52.18727007832729,196.74842893693193,7,20142.2429344296,26258.370879513222
optimized_proposed,2025-08-03,5572.3507582744105,7036.03274723484,1.0723271347959684,7036.03274723484,84981.55249256906,53034.60434992276,959.3265321092342,426.100559506634,1733.8259471966985,19,16766.344168001393,54768.430297119456
optimized_proposed,2025-08-04,7036.03274723484,6852.660051076013,1.0386337806993906,6852.660051076013,75683.42413023247,47740.38510704969,2144.8552303342294,751.3130623793086,3063.306812880416,28,7416.716613590472,50803.691919930105
optimized_proposed,2025-08-05,6852.660051076013,6679.966581536062,1.0069026541944046,6679.966581536062,73738.73794681269,46647.87948350242,1909.3451574680416,730.579545089186,2813.0470572593686,28,5712.445768718644,49460.926540761786
optimized_proposed,2025-08-06,6679.966581536062,6447.87620891413,1.0035585551154358,6447.87620891413,73988.17069121721,46790.86134486683,1801.6086244744347,3089.6095092306764,12298.298527692223,52,5304.2498923020175,59089.15987255906
optimized_proposed,2025-08-07,6447.87620891413,6752.349135112825,1.020202404152621,6752.349135112825,75412.75722688432,47540.81216507672,2211.492280472524,563.2808864600447,1899.9949528962266,25,8433.860106689983,49440.807117972945
optimized_proposed,2025-08-08,6752.349135112825,4823.127172003954,0.6657223747069015,4823.127172003954,40694.82247153691,24127.9733275624,1032.5186631731128,126.23402319138006,483.4794032149415,9,23989.71597650477,24611.45273077734
optimized_proposed,2025-08-09,4823.127172003954,4911.923479950704,0.6820380286117077,4911.923479950704,42965.542000789865,25288.96790330285,1086.9937799828135,216.1036491208613,860.6384873136128,11,21369.50501588017,26149.606390616464
optimized_proposed,2025-08-10,4911.923479950704,7075.189085807324,1.0795218175829056,7075.189085807324,78089.37399896923,48976.286285383125,2110.7003250548782,1016.0904406889115,3521.41169691112,25,7464.648031326896,52497.697982294245
optimized_proposed,2025-08-11,7075.189085807324,7069.1885037791035,1.0784192557550134,7069.1885037791035,76326.50663787691,48218.564392400796,1621.025887434111,730.4280022374369,3090.9768996799085,27,8569.527895510862,51309.54129208071
optimized_proposed,2025-08-12,7069.1885037791035,6931.033677028848,1.0530343451584223,6931.033677028848,75762.96688446627,47568.888174271764,1835.290629713978,1780.3313304808012,7228.745003793582,42,6012.144362912157,54797.63317806535
optimized_proposed,2025-08-13,6931.033677028848,7544.006734410099,1.0692175353236795,7544.006734410099,79848.7269528061,49991.34358210526,2374.0679086854493,624.0662814376466,2773.5382059753965,18,9584.78327233885,52764.88178808066
optimized_proposed,2025-08-14,7544.006734410099,7548.157817592812,1.0699171579936035,7548.157817592812,77991.80344508751,48867.15735119542,2065.921212127648,768.7771221473647,3769.0045852679086,27,8885.853247784959,52636.16193646333
optimized_proposed,2025-08-15,7548.157817592812,5340.210257353335,0.6977901494142685,5340.210257353335,40277.688657558,23992.480130242937,705.7094709714939,250.52303313296397,837.4505243514689,16,22454.92655724301,24829.930654594405
optimized_proposed,2025-08-16,5340.210257353335,5440.793537945703,0.714742433967564,5440.793537945703,43958.96092476704,26025.635330626163,761.0306656291935,58.69556976641263,300.5717530357152,6,24071.35427118995,26326.207083661877
optimized_proposed,2025-08-17,5440.793537945703,7889.925971034362,1.1275186893243987,7889.925971034362,83211.59088793321,51814.34141557754,1980.1194673178004,168.27227489773645,826.2974169379903,7,13387.662354405396,52640.63883251553
optimized_proposed,2025-08-18,7889.925971034362,7818.698538945262,1.1155140331860847,7818.698538945262,74527.5187355541,47141.203130307345,1758.6681276127256,782.5526092897671,3574.1294601281697,31,7056.044622250905,50715.332590435515
optimized_proposed,2025-08-19,7818.698538945262,7709.61197040804,1.0971286063050503,7709.61197040804,78413.04863734191,49598.46826865705,1910.2804512844264,460.50132493360854,1487.6352411079588,20,10564.757476087318,51086.10350976501
optimized_proposed,2025-08-20,7709.61197040804,7695.770148486061,1.0947957086050002,7695.770148486061,77193.36624835437,48571.16631796319,2049.140169178261,2215.0114707072953,9114.633115738645,49,4743.846690001953,57685.79943370183
optimized_proposed,2025-08-21,7695.770148486061,9619.645176814698,1.1109049645251934,9619.645176814698,82115.29442596596,51380.95370555194,1624.806005381143,324.31545197553555,1294.4665363274898,16,10297.578432859626,52675.42024187943
optimized_proposed,2025-08-22,9619.645176814698,6597.859116704379,0.7122044177190678,6597.859116704379,40638.2144441338,24272.665836881843,831.9833613154822,628.6919171226119,2649.281563891075,24,19589.72971294033,26921.94740077292
optimized_proposed,2025-08-23,6597.859116704379,6707.715819505211,0.7266991326345937,6707.715819505211,44109.02412314467,26074.015121392666,993.2041978772779,136.2176646678442,488.45970199716635,6,18422.508525007706,26562.47482338983
optimized_proposed,2025-08-24,6707.715819505211,9957.81735603783,1.1555240838436405,9957.81735603783,84964.82808801043,52739.42257816126,2276.217209207329,142.0363102734333,593.0487469974423,13,13508.938508937896,53332.4713251587
optimized_proposed,2025-08-25,9957.81735603783,9866.219688638701,1.1434385028820069,9866.219688638701,81476.64509451651,51384.74838049202,2222.7983588750403,1110.8770261070572,4086.3703882164914,25,7705.79602266817,55471.11876870851
optimized_proposed,2025-08-26,9866.219688638701,7852.651134663542,1.121077814603041,7852.651134663542,78176.46889543395,49896.955133819,2166.3011457660064,247.19319586075085,947.7798697445819,14,10908.614773448273,50844.73500356358
optimized_proposed,2025-08-27,7852.651134663542,7158.443871269249,1.113289174523681,7158.443871269249,78992.59637439487,50064.31182973688,2035.6681243939042,299.7787796473957,1344.6369650999632,17,7967.861930906452,51408.94879483684
optimized_proposed,2025-08-28,7158.443871269249,6666.279210677123,1.117462230851496,6666.279210677123,79017.56574971507,50158.36528420527,2094.1572338489464,2374.78262263869,8778.215792249088,36,6920.1115613024185,58936.58107645436
optimized_proposed,2025-08-29,6666.279210677123,5044.239616619572,0.7182664537789758,5044.239616619572,41664.17684565487,24952.686615375962,857.552177823072,167.9476955918014,674.5729818432769,13,17898.51146238989,25627.25959721924
optimized_proposed,2025-08-30,5044.239616619572,5058.117670309426,0.7208594608241327,5058.117670309426,42832.38085746097,25430.97615366029,916.0989713419333,450.97565784751583,1334.5821592176849,26,21915.00147130986,26765.558312877973
optimized_proposed,2025-08-31,5058.117670309426,7406.502595613091,1.1596370295047043,7406.502595613091,83650.2899225517,52293.973249763185,1699.0656217662868,302.95840396653796,1160.2900487656416,14,10540.80399803798,53454.26329852883
optimized_proposed,2025-09-01,7406.502595613091,7279.986531529073,1.135998480985814,7279.986531529073,79020.80190710843,49898.000046709465,1854.5220985897492,17.606040970737922,41.039681502790096,1,21455.561042378875,49939.03972821226
optimized_proposed,2025-09-02,7279.986531529073,6844.462313838022,1.0546241478086087,6844.462313838022,72324.33789857938,45875.863217335944,1757.235143394702,53.96497960479496,250.94822607637644,5,14832.718224595304,46126.81144341232
optimized_proposed,2025-09-03,6844.462313838022,6676.253926607472,1.0231957110197984,6676.253926607472,70326.1982122631,44206.84007911186,1690.1994942465049,268.13982367684986,831.6031115661351,9,11234.507891671617,45038.443190677994
optimized_proposed,2025-09-04,6676.253926607472,6603.226529185696,1.0095511063629816,6603.226529185696,68117.84548153376,42966.67306050323,2277.03226186221,377.8571901008819,1469.7573985012373,15,10911.992721725706,44436.43045900446
optimized_proposed,2025-09-05,6603.226529185696,4446.799933464803,0.6066394675965282,4446.799933464803,33206.991147259076,19289.616533922006,739.2159166500294,186.87268970036564,722.9509056993329,8,25798.283898265676,20012.56743962134
optimized_proposed,2025-09-06,4446.799933464803,4051.6430706446104,0.5945488977352903,4051.6430706446104,32733.202083980064,18677.81419277213,818.192960267612,788.3583443406225,2506.561944892961,24,23527.437701056107,21184.37613766509
optimized_proposed,2025-09-07,4051.6430706446104,6362.290379496567,0.9645340493938462,6362.290379496567,64028.94510565874,39594.91195396926,1806.6615928789026,2415.375873730439,7679.14144721753,54,4943.822328099203,47274.05340118679
optimized_proposed,2025-09-08,6362.290379496567,6416.172717715216,0.8929823848799039,6416.172717715216,55800.00898865422,34390.7808483054,1449.4109490909511,8215.698037581316,31564.038400332534,120,729.0821817329622,65954.81924863794
optimized_proposed,2025-09-09,6416.172717715216,6783.551367708295,0.9162987647484084,6783.551367708295,63748.0522135495,39029.38714420676,2811.417198071494,2226.6373785763335,8176.4112444424645,68,8390.614765307619,47205.79838864923
optimized_proposed,2025-09-10,6783.551367708295,7100.044363393866,0.930411609829694,7100.044363393866,66106.40653031864,40947.06010291409,2124.4319295508994,2854.6079151760086,11825.169350687625,63,3364.907800007804,52772.229453601714
optimized_proposed,2025-09-11,7100.044363393866,7876.554191712144,0.9640223820420681,7876.554191712144,69087.04657784177,42558.55034447722,2326.9584073288247,458.1307353394893,1668.2265512309218,33,11027.876914160659,44226.77689570814
optimized_proposed,2025-09-12,7876.554191712144,5228.3314451835395,0.58164759304454,5228.3314451835395,30909.797737320023,17390.49555019993,1119.0437305995306,398.0214638248694,1316.6440462531596,22,19260.43604651878,18707.13959645309
optimized_proposed,2025-09-13,5228.3314451835395,5359.6656550034795,0.6006108357830465,5359.6656550034795,34386.91993760351,19108.911561775625,956.411839070942,313.42540182038476,1239.6675250497815,16,23670.224762307436,20348.579086825408
optimized_proposed,2025-09-14,5359.6656550034795,8278.018212434805,1.0219894546439305,8278.018212434805,69903.09353557724,42771.2516899868,2412.1040305751812,1783.0995199332913,5854.007968666703,51,4252.329018478728,48625.2596586535
optimized_proposed,2025-09-15,8278.018212434805,8692.702479561109,1.0006612518905655,8692.702479561109,65477.54490878022,40062.1459007041,2546.315481159806,1777.2472169242674,7326.90055608182,64,7647.762003391117,47389.046456785916
optimized_proposed,2025-09-16,8692.702479561109,8832.453729885594,1.0193252334759069,8832.453729885594,68921.0757266708,42656.99213545724,2240.8043736478066,1522.2815986165574,4857.317118939558,40,6694.0064830442725,47514.3092543968
optimized_proposed,2025-09-17,8832.453729885594,9727.222975018038,1.0594813812875679,9727.222975018038,74448.17150767198,46110.70889434851,2654.650276613876,303.2575806003329,768.8523557466735,9,9581.645743267196,46879.56125009518
optimized_proposed,2025-09-18,9727.222975018038,9928.678602804532,1.0845116270569928,9928.678602804532,74252.37026597031,46421.17436689066,1731.7037413995345,106.56645208134819,505.64132181149864,5,11064.616186349682,46926.815688702154
optimized_proposed,2025-09-19,9928.678602804532,6629.732656048703,0.6746276802314443,6629.732656048703,36220.29142668736,20724.38622934305,1375.0773453255363,9.090224950026197,19.331646223176186,2,19924.137126329577,20743.717875566228
optimized_proposed,2025-09-20,6629.732656048703,6397.970483487106,0.6941964752350733,6397.970483487106,38924.1724581414,21836.303321812346,1058.9246960545001,5.95455172498032,36.11231045378253,2,20365.36770477345,21872.41563226613
optimized_proposed,2025-09-21,6397.970483487106,10093.623392804606,1.1877562658284506,10093.623392804606,80750.36480288688,49646.410205405875,1938.477976759128,0.0,0.0,0,14173.160555868832,49646.410205405875
optimized_proposed,2025-09-22,10093.623392804606,9684.733116922003,1.133148378158189,9684.733116922003,74734.71071716899,46391.16367346733,2472.2541123742035,457.0054236537866,1899.6463903276485,22,10839.256322140403,48290.810063794976
optimized_proposed,2025-09-23,9684.733116922003,9750.747971896459,1.1419647575089384,9750.747971896459,77260.7929317239,48224.924837716884,2082.509174366281,436.91884185265246,2073.105060115312,14,11280.208365686905,50298.029897832195
optimized_proposed,2025-09-24,9750.747971896459,9890.071378100674,1.1605715998932815,9890.071378100674,77587.59310739525,48598.03747996199,2536.6191627725734,55.99008584147356,156.77462034214233,3,12248.805386745391,48754.81210030413
optimized_proposed,2025-09-25,9890.071378100674,10020.61081734898,1.1780053307875251,10020.61081734898,78280.55837117467,49046.85365468821,2661.290196641838,248.77265261932098,971.5341218192491,11,13796.351788831034,50018.38777650746
optimized_proposed,2025-09-26,10020.61081734898,6580.3559513177215,0.7185543182248193,6580.3559513177215,36794.406461762126,21028.93482673172,1283.7640900532829,14.704576487020745,35.489495351424566,1,19048.57732795465,21064.42432208314
optimized_proposed,2025-09-27,6580.3559513177215,6655.283126088005,0.7285609507730593,6655.283126088005,39626.183091993735,22137.851538107618,1299.5416352196444,64.61949503533361,272.2504334537599,4,18577.93494265961,22410.101971561377
optimized_proposed,2025-09-28,6655.283126088005,10389.82565217772,1.2273145059274857,10389.82565217772,82184.1751468906,50606.223700277034,3031.6803765252953,217.19092834692538,830.5996561003994,10,10518.975083840394,51436.823356377434
optimized_proposed,2025-09-29,10389.82565217772,9937.165639183228,1.1668611065673125,9937.165639183228,71241.35257346228,44126.854931395865,1710.4337938039396,891.6337194045813,3841.3451499820003,39,5711.578962090427,47968.200081377865
optimized_proposed,2025-09-30,9937.165639183228,9985.264536633218,1.173284783881093,9985.264536633218,78157.48952246462,48798.0444054906,3141.030552122196,540.9848310365155,2492.5983753513724,21,8909.472932110662,51290.64278084197
optimized_proposed,2025-10-01,9985.264536633218,9980.658465956676,1.1726696364810651,9980.658465956676,77245.09682688082,48081.926613753014,2769.8332155751923,6.202914894086803,13.370383054204103,1,23270.03547366432,48095.29699680722
optimized_proposed,2025-10-02,9980.658465956676,9490.205299649413,1.1071689068405275,9490.205299649413,65240.699015500875,40564.56581327296,1996.9113859147906,501.3857793172831,1201.7308953948404,21,10442.884880043257,41766.296708667796
optimized_proposed,2025-10-03,9490.205299649413,5973.5968512679665,0.6375207629344528,5973.5968512679665,32426.603846109614,17985.802402499714,856.2424544354569,74.30688924524293,159.2208985846257,5,24814.170086545633,18145.02330108434
optimized_proposed,2025-10-04,5973.5968512679665,6044.979942491256,0.6470540779996334,6044.979942491256,34431.91903052195,18619.717801961873,863.0106675122983,72.72004347662778,283.12096745213177,6,18249.633962347216,18902.838769414004
optimized_proposed,2025-10-05,6044.979942491256,9805.50814355607,1.133151060572776,9805.50814355607,71207.33086660248,43198.59609579737,2484.2422120062174,186.4126116362554,493.6574657867709,12,8391.16535088128,43692.25356158414
optimized_proposed,2025-10-06,9805.50814355607,9979.517967255028,1.1560642242099757,9979.517967255028,69276.04635019504,42984.136875878576,3413.493441775361,423.02214518283034,1115.8673698025368,14,7665.441722417783,44100.00424568111
optimized_proposed,2025-10-07,9979.517967255028,9811.767007932238,1.1339752116499144,9811.767007932238,68457.56753503288,42209.51136383209,2195.1377012684416,125.1112242561345,592.3800277268049,6,6898.954872902514,42801.89139155889
optimized_proposed,2025-10-08,9811.767007932238,9187.672977615908,1.0821970527051015,9187.672977615908,64769.73324036492,39332.1197870842,1998.494150164035,518.199592613772,2181.3808962190687,37,5437.22794530884,41513.50068330327
optimized_proposed,2025-10-09,9187.672977615908,8497.744553974648,1.0675080800479653,8497.744553974648,64437.120984619585,39313.2674802292,2179.564300569975,737.2561590109067,3158.110475499848,48,6119.685128711279,42471.37795572905
optimized_proposed,2025-10-10,8497.744553974648,4975.043902134385,0.6113253699850433,4975.043902134385,28013.612726847055,14738.541428433342,1132.622134349897,772.3181083949748,2544.6823509753167,44,19789.130125892116,17283.223779408658
optimized_proposed,2025-10-11,4975.043902134385,4889.970685774417,0.6330313385230926,4889.970685774417,32414.15707400143,16978.9333914053,780.281505289445,276.1231762339599,1026.0652961819387,26,15619.411702407404,18004.99868758724
optimized_proposed,2025-10-12,4889.970685774417,8026.868251136574,1.1247586260025317,8026.868251136574,70963.88623878258,42720.52097150181,1739.4171917959986,812.2259214572334,3481.293956467179,29,5692.346028084099,46201.81492796899
optimized_proposed,2025-10-13,8026.868251136574,7683.5947954020085,1.1391707807881752,7683.5947954020085,68824.28369181816,42285.66015442741,1460.5973655880327,119.61421492513847,514.682272448047,16,8215.198553509359,42800.34242687545
optimized_proposed,2025-10-14,7683.5947954020085,7570.70563154215,1.1193360994123496,7570.70563154215,68912.57644781604,42269.01050738618,1537.7575881723888,510.2409476495893,2122.1681832529557,28,4675.961831116183,44391.178690639135
optimized_proposed,2025-10-15,7570.70563154215,6622.50282346472,1.0947687720041064,6622.50282346472,66349.72078335713,40614.41002482215,1667.007895649512,1370.0769123195537,5566.124815171539,47,2766.3486101514754,46180.53483999369
optimized_proposed,2025-10-16,6622.50282346472,6610.042296473151,1.0922530709934857,6610.042296473151,70116.15402918904,42721.304463554705,1601.1946084932067,1441.989309322363,5979.704568745947,47,4459.37866026907,48701.00903230065
optimized_proposed,2025-10-17,6610.042296473151,4329.632077630278,0.6318527768442485,4329.632077630278,30794.37287224851,16271.814351945704,701.5616072299975,300.9820258303149,1307.4246972402943,23,14432.705550978255,17579.239049186
optimized_proposed,2025-10-18,4329.632077630278,3914.966290322438,0.6513568519483599,3914.966290322438,33888.97668659607,17843.564425121876,727.4995759542367,151.3274328194781,401.27571787226253,13,15213.558774644203,18244.84014299414
optimized_proposed,2025-10-19,3914.966290322438,6037.984001697018,1.1606972949736498,6037.984001697018,75522.37890512962,45710.66265301821,1199.081415500082,854.5980013457458,3527.7359614333536,38,5871.7187732722905,49238.398614451566
optimized_proposed,2025-10-20,6037.984001697018,6256.782030478777,1.182313745471647,6256.782030478777,74870.75106566335,46146.243053059094,1490.8093055030815,767.3151836589375,3765.385411464057,17,6648.298465245557,49911.62846452315
optimized_proposed,2025-10-21,6256.782030478777,6187.242310586312,1.166054834925462,6187.242310586312,75221.62704546901,46361.80039624111,1506.775542037632,555.8893381241236,2064.9889148366838,26,5032.665224886225,48426.789311077795
optimized_proposed,2025-10-22,6187.242310586312,6121.361953469161,1.1506515109722615,6121.361953469161,76436.04781398353,46937.88096866944,1196.9795340692974,653.5777322256326,3334.490056153829,33,7164.452263495013,50272.37102482327
optimized_proposed,2025-10-23,6121.361953469161,6150.482164404638,1.1574600357321843,6150.482164404638,75501.88350688218,46407.44968763046,1789.972331244459,213.32853107928764,1133.0880659281036,20,7879.302139470699,47540.537753558565
optimized_proposed,2025-10-24,6150.482164404638,3987.0270145649138,0.6516279183995045,3987.0270145649138,32025.431493673805,16941.590226688582,943.8245192214165,427.9455413297847,1916.6676760007208,23,13197.648272302595,18858.257902689304
optimized_proposed,2025-10-25,3987.0270145649138,4092.1222855373885,0.6761999847266466,4092.1222855373885,35675.07786148326,18660.06685814198,846.2848646058919,183.23990736870917,773.2281988242917,14,13025.203194895643,19433.29505696627
optimized_proposed,2025-10-26,4092.1222855373885,6392.703437910603,1.2140931948016558,6392.703437910603,78168.94411047763,47903.96353414118,1365.6452176758098,184.8730568925116,565.1995806682005,13,6799.572463827768,48469.16311480938
optimized_proposed,2025-10-27,6392.703437910603,6373.02994084945,1.209493382933812,6373.02994084945,77245.70558270428,47809.48364886272,1425.8886755062017,374.32090752380657,1521.97397269732,16,9645.854966578536,49331.45762156004
optimized_proposed,2025-10-28,6373.02994084945,6253.103737177052,1.1814537327789316,6253.103737177052,74027.26926848415,45781.24017376956,1571.8826788080485,658.4618119023861,2345.977080450066,24,4439.723246043537,48127.21725421963
optimized_proposed,2025-10-29,6253.103737177052,6172.518009232658,1.1626121823100313,6172.518009232658,74124.72944462852,45470.54971397996,1742.4903567091274,2202.100765991816,8609.43371302691,59,2680.3611043709307,54079.983427006875
optimized_proposed,2025-10-30,6172.518009232658,7448.601804958213,1.1821521551530634,7448.601804958213,78056.12886855056,47954.85038748353,1596.319215113051,313.9920978014889,1550.8629321931423,22,7688.328041658353,49505.71331967667
optimized_proposed,2025-10-31,7448.601804958213,4732.8544102737005,0.6683689544168335,4732.8544102737005,32857.65614011217,17634.613787792743,685.4804455747992,236.61127578402926,1215.735797002982,16,8825.334926026264,18850.349584795724
optimized_proposed,2025-11-01,4732.8544102737005,4796.160638436042,0.6803456487866588,4796.160638436042,35367.2821229944,18652.136676756978,617.8759621582964,256.21110805294654,938.8515571260258,17,9694.38567297126,19590.988233883003
optimized_proposed,2025-11-02,4796.160638436042,7705.889460798169,1.2308275494795413,7705.889460798169,80631.614907235,49361.564948913074,1485.4906001748113,509.00098936887065,2324.777007990897,31,4634.703995325893,51686.34195690397
optimized_proposed,2025-11-03,7705.889460798169,7653.757777651228,1.220964930047621,7653.757777651228,81618.33838603899,51109.256450776156,1174.4737604484162,185.9033789236446,524.6802564043745,14,7835.833455042212,51633.93670718053
optimized_proposed,2025-11-04,7653.757777651228,6322.586972749091,1.1976994368653482,6322.586972749091,78266.84856867403,48926.02948864082,1541.4567677952475,304.7536864010079,1388.7282686917322,27,8048.053961718679,50314.757757332554
optimized_proposed,2025-11-05,6322.586972749091,6312.386751426603,1.1953145482536298,6312.386751426603,80164.66650269295,50070.90321443499,1863.741427335614,188.05756652128514,587.1516257955782,17,6270.569727740056,50658.05484023057
optimized_proposed,2025-11-06,6312.386751426603,6292.479715063914,1.1906601331371884,6292.479715063914,78517.02725507767,48877.121002962536,1297.7100676395016,1472.583701829467,6786.875122101997,37,4199.060987628347,55663.996125064536
optimized_proposed,2025-11-07,6292.479715063914,4168.3479404095,0.6772505604235808,4168.3479404095,34538.829994397085,18853.58166680112,624.9117114221491,218.80387324718959,1043.1937890873985,19,10364.681942665662,19896.77545588852
optimized_proposed,2025-11-08,4168.3479404095,4190.662552391693,0.6823418043659909,4190.662552391693,36333.11087229657,19433.06574664492,568.9923044733754,173.40095820755124,480.1259029205745,12,9279.598411445473,19913.191649565495
optimized_proposed,2025-11-09,4190.662552391693,6596.6304648946525,1.23128119752857,6596.6304648946525,82760.51601888073,51295.9077368565,1610.1927718184388,769.911604302192,3055.6830720428147,26,5090.555588079476,54351.59080889931
optimized_proposed,2025-11-10,6596.6304648946525,6508.413391924388,1.2111538191661138,6508.413391924388,81284.1340431261,51081.46962490414,1513.5103705045724,772.5761492821724,2613.6171240384297,36,3872.004791068559,53695.086748942565
optimized_proposed,2025-11-11,6508.413391924388,6486.92446995416,1.2062509625133901,6486.92446995416,82393.75168941231,51846.09157552775,1151.0339379016073,63.95041762425975,207.38435144687105,10,6460.295758702226,52053.47592697462
optimized_proposed,2025-11-12,6486.92446995416,6293.776749650686,1.2059429238631103,6293.776749650686,82172.8895918813,51688.777374706304,1559.5977775579731,139.31741451624862,642.4359561854078,13,7075.979867314258,52331.21333089171
optimized_proposed,2025-11-13,6293.776749650686,6247.191432752902,1.1949139298514166,6247.191432752902,80931.91827015275,50949.87130136337,1608.4517965777013,614.0217486081732,1908.7314585314368,26,4794.66632186512,52858.602759894806
optimized_proposed,2025-11-14,6247.191432752902,4029.644697271766,0.6699135371324764,4029.644697271766,35149.913018457126,19249.492000832666,883.9793945156464,118.27207524753311,296.0898892601004,9,6598.016627658744,19545.581890092766
optimized_proposed,2025-11-15,4029.644697271766,3870.5093625970835,0.67322563785747,3870.5093625970835,37712.11106121293,20311.21102641836,913.3422007075314,218.11468793172799,679.7436542500645,16,6365.73050108482,20990.954680668427
optimized_proposed,2025-11-16,3870.5093625970835,5832.450591798269,1.2359678043720752,5832.450591798269,86619.98098675034,54362.16056744851,1344.3524971978982,459.8718705736014,1575.1813196035196,24,5884.2424880544,55937.34188705203
optimized_proposed,2025-11-17,5832.450591798269,5774.556165098329,1.2205211965700637,5774.556165098329,83601.54100194061,52784.45068628216,1454.8977127898263,318.76038847965503,1008.0620188298776,19,6805.159310237743,53792.512705112036
optimized_proposed,2025-11-18,5774.556165098329,5657.119356308061,1.189188295800446,5657.119356308061,83836.45134014648,53037.59287585101,1471.2467469939304,576.5196101606,1733.4667860463246,33,5091.284730573141,54771.059661897336
optimized_proposed,2025-11-19,5657.119356308061,5342.287054279125,1.1884601173812774,5342.287054279125,83780.27324971874,52929.54200910889,1421.9965914062086,414.70827626335983,1439.4708238247329,30,4635.9774662443015,54369.01283293362
optimized_proposed,2025-11-20,5342.287054279125,5339.712845552448,1.1877215533065568,5339.712845552448,84063.37117737491,53173.64628218497,1159.9642067191446,458.84432579846623,1719.7353216866786,25,5228.419467943233,54893.38160387165
optimized_proposed,2025-11-21,5339.712845552448,3548.8016839530324,0.6607784658040239,3548.8016839530324,36481.09198577435,19796.299754821855,971.8637545035006,298.40575133595155,753.8397663018378,24,6284.921912650737,20550.139521123692
optimized_proposed,2025-11-22,3548.8016839530324,3513.1054054941046,0.6688954870500707,3513.1054054941046,39094.7576980808,20940.581057207128,1007.368307151635,245.14444621788942,634.2379961347423,25,5557.74040591656,21574.81905334187
optimized_proposed,2025-11-23,3513.1054054941046,4982.043006306699,1.2297101583587102,4982.043006306699,86524.81254556224,54268.39096778816,1106.2105397939415,786.1191478004605,3291.6757309290165,33,5886.966802662044,57560.06669871718
optimized_proposed,2025-11-24,4982.043006306699,4898.6885406958445,1.2026079194536254,4898.6885406958445,84271.43091556177,53125.23299662309,1330.411647227817,417.68732050678943,1516.1186361371085,26,6053.224489364273,54641.3516327602
optimized_proposed,2025-11-25,4898.6885406958445,4828.329527309655,1.1797310792514342,4828.329527309655,83721.21197998416,52946.431769985415,1187.9982604424815,647.4197289609198,2027.9137288280526,33,3742.424056657255,54974.34549881347
optimized_proposed,2025-11-26,4828.329527309655,4841.198340176327,1.1839153018744386,4841.198340176327,85089.25243409835,53744.40743802916,1339.7122631856437,376.1938837268683,1259.5498139780002,22,4047.750359684145,55003.95725200716
optimized_proposed,2025-11-27,4841.198340176327,4827.612879279652,1.1794980651474187,4827.612879279652,84849.77745000657,53587.92980983712,1234.5542220877055,418.84027326015257,1700.627096695228,20,4864.803321246036,55288.55690653235
optimized_proposed,2025-11-28,4827.612879279652,3598.428995416031,0.6526693379593868,3598.428995416031,38379.269585980306,20639.01593071552,896.8167706248129,182.7127957679799,683.7618336956298,17,5338.072056657689,21322.77776441115
optimized_proposed,2025-11-29,3598.428995416031,3548.8016839530324,0.6668219760040398,3548.8016839530324,40616.289896867704,21601.53050167272,884.9662754573723,1790.7834418599969,5532.713169564672,40,3790.006992102914,27134.243671237393
optimized_proposed,2025-11-30,3548.8016839530324,5011.839141843647,1.239398205397974,5011.839141843647,90000.28835920471,56754.72673578496,1380.5797414552353,372.1505712654782,1382.1494203509128,27,3783.6803050361877,58136.87615613588
optimized_proposed,2025-12-01,5011.839141843647,4973.854769995915,1.2270477990588236,4973.854769995915,88631.47886077853,56145.83863563519,1215.3533459031992,4277.374761735947,15730.984242676954,86,1933.797413456401,71876.82287831214
optimized_proposed,2025-12-02,4973.854769995915,5219.250599133508,1.2486451545763675,5219.250599133508,92108.64827555126,58715.560130092184,1088.792875537892,3241.729125761715,12244.528659367894,79,1685.2609111569943,70960.08878946007
optimized_proposed,2025-12-03,5219.250599133508,6253.922043359281,1.2754694481410072,6253.922043359281,98775.74092675309,63252.13136736574,1231.3087136836364,339.99252230841375,991.6149224171073,21,5977.925978452541,64243.74628978285
optimized_proposed,2025-12-04,6253.922043359281,6981.911516869362,1.2808225787386747,6981.911516869362,96694.55032145669,61899.70873701389,1573.4748290779653,1397.7617475245818,5472.191478576667,44,5692.590248325279,67371.90021559056
optimized_proposed,2025-12-05,6981.911516869362,4495.562582219114,0.730040740443234,4495.562582219114,49747.06150479277,27023.28887824997,1301.2982306706267,181.06555078519898,687.3706248932514,13,7297.8187976075815,27710.65950314322
optimized_proposed,2025-12-06,4495.562582219114,4557.049253375381,0.7436614118213164,4557.049253375381,52003.535008206374,27817.08032760168,1477.8115663202766,996.3223411784422,3030.909431589652,27,5187.186055840868,30847.989759191332
optimized_proposed,2025-12-07,4557.049253375381,7174.211631776334,1.3631649885945005,7174.211631776334,104479.14203860787,66920.56690894463,1459.5020331983928,21.385034921507327,90.85482484163684,2,9091.681317148697,67011.42173378626
optimized_proposed,2025-12-08,7174.211631776334,7302.203257860055,1.3923694617977254,7302.203257860055,104557.27442691638,67871.77653710314,1946.9614813652395,7.115514471583083,30.67854064423046,1,11698.299240183826,67902.45507774738
optimized_proposed,2025-12-09,7302.203257860055,7092.011021535257,1.3444088746788605,7092.011021535257,102582.28426055277,66417.94093807327,1660.7794813402477,0.0,0.0,0,10550.710256469218,66417.94093807327
optimized_proposed,2025-12-10,7092.011021535257,6935.89262291606,1.3087865786856647,6935.89262291606,103717.77406870114,67161.0479864661,1433.0855775278008,13.999940239514444,57.95275262147004,1,10640.95376296198,67219.00073908757
optimized_proposed,2025-12-11,6935.89262291606,6290.0508675300425,1.2941581408222662,6290.0508675300425,101214.13044089758,65607.52821863038,1742.2545717056432,33.73569708314267,118.75070256943397,3,11127.546721742978,65726.27892119982
optimized_proposed,2025-12-12,6290.0508675300425,4025.1525381734823,0.7183020860685575,4025.1525381734823,53172.08302351451,28924.921799412805,1364.295627395863,300.07536173331613,914.6780803841814,15,8158.171509299896,29839.599879796988
optimized_proposed,2025-12-13,4025.1525381734823,4030.765935679553,0.719729306398809,4030.765935679553,57237.648123041894,30660.951276006876,1254.6798155097279,59.167694630536005,341.12244994482126,3,9380.802154790672,31002.073725951697
optimized_proposed,2025-12-14,4030.765935679553,6311.308556692723,1.2995629613635395,6311.308556692723,105656.449437848,67598.46793455108,1232.3068449899179,91.36859686059688,303.09748458706963,7,9558.493322471759,67901.56541913815
optimized_proposed,2025-12-15,6311.308556692723,6353.34286845361,1.3102502900710442,6353.34286845361,102498.71110153719,66009.97444790366,1674.9402952034263,112.9513922548731,361.7581528085285,5,8218.733069613307,66371.73260071219
optimized_proposed,2025-12-16,6353.34286845361,6170.051709817987,1.2636480553856877,6170.051709817987,100700.74425723341,64920.19300485028,1842.0894153545773,152.21571911861236,520.1973508189673,18,6775.165087447558,65440.39035566925
optimized_proposed,2025-12-17,6170.051709817987,6042.336594896243,1.231176168564991,6042.336594896243,100332.77900997076,64340.84300905302,1858.834409297704,272.06372990360524,1126.1823407077084,18,7688.941441941902,65467.02534976073
optimized_proposed,2025-12-18,6042.336594896243,5913.246543854875,1.1983547008032323,5913.246543854875,98552.95486411185,63264.73378734392,1800.7245088709071,523.5973447480749,1687.1348306741788,28,7029.485127168759,64951.868618018096
optimized_proposed,2025-12-19,5913.246543854875,3756.2391163170387,0.6499301771959131,3756.2391163170387,51817.417650264906,27671.779727975936,736.47393030324,547.6626540261736,2426.470207374914,33,7780.101700136671,30098.24993535085
optimized_proposed,2025-12-20,3756.2391163170387,3749.3576636518605,0.6481805506756492,3749.3576636518605,49985.19353046236,25818.832168979883,1085.281189035512,865.9712561827146,3682.3917260428907,45,3924.905859959738,29501.223895022773
optimized_proposed,2025-12-21,3749.3576636518605,5874.133290090369,1.1884100583839818,5874.133290090369,96338.17402534702,60931.02627738162,1285.920756507394,2162.216320968342,7975.932757824719,71,2295.007521467285,68906.95903520634
optimized_proposed,2025-12-22,5874.133290090369,6286.944743836976,1.2080485736686166,6286.944743836976,99419.25293261865,63583.177342447336,1936.1371194660344,435.6561807735494,2120.183598350044,30,5621.925819572391,65703.36094079739
optimized_proposed,2025-12-23,6286.944743836976,6126.336673470487,1.1699073395691169,6126.336673470487,97106.76031653261,62247.586920049536,1567.3960715881349,450.55009215655343,1880.2536919278798,29,5638.631598955151,64127.840611977415
optimized_proposed,2025-12-24,6126.336673470487,5986.006056143688,1.136581598748153,5986.006056143688,95611.38711968332,60946.60041164303,1962.4473568621459,1028.065364588219,4710.104025061032,52,4115.9420723297335,65656.70443670407
optimized_proposed,2025-12-25,5986.006056143688,5908.148878683828,1.1180920619207284,5908.148878683828,93741.56077967075,59876.0088303114,1479.8995912837324,1696.8298389348713,6082.8006235930825,65,2906.469534051599,65958.80945390448
optimized_proposed,2025-12-26,5908.148878683828,3788.2846097703473,0.6048303787256415,3788.2846097703473,47273.6154008201,24742.264894826832,1987.043535970936,1123.6724055167538,3933.3528202924836,50,3682.566743602143,28675.617715119315
optimized_proposed,2025-12-27,3788.2846097703473,3880.416338807233,0.6141360784528007,3880.416338807233,51028.95687359433,26464.321161542983,1902.0266390979243,689.7798261165085,2982.364237246463,36,4173.105826914127,29446.685398789446
optimized_proposed,2025-12-28,3880.416338807233,6271.827673579799,1.1620554288319067,6271.827673579799,98476.57356023177,62260.07079880921,1689.211703076627,918.8692312778637,3870.4523990134176,50,5087.4197634010425,66130.52319782262
optimized_proposed,2025-12-29,6271.827673579799,6312.520869876746,1.1713790401051607,6312.520869876746,99732.79568395675,63790.8034687507,1316.1084508227837,542.1250302936783,2315.8977178203245,29,7897.3699740983175,66106.70118657102
optimized_proposed,2025-12-30,6312.520869876746,6122.024834538294,1.1394849843547645,6122.024834538294,98121.21774489814,63000.21848259021,1439.2285833582641,104.33560240853933,416.1087009921721,10,7363.921030416246,63416.32718358238
optimized_proposed,2025-12-31,6122.024834538294,6035.755721641092,1.119513049619659,6035.755721641092,97688.1807579328,62444.70610377104,1492.1328122685263,634.9356609284391,2667.3825117215483,34,5006.326156361597,65112.08861549258
