date,load_mae_kw,load_rmse_kw,pv_mae_kw,pv_rmse_kw,actual_pv_daily_sum_kw,load_rmse_percentile,pv_rmse_percentile,combined_error_percentile,pv_daily_sum_q25_kw,eligible_pv_day,distance_to_median_score,selected_representative_day
2025-02-01,177.34507653463723,213.72018984039565,58.67428527777414,119.56510659528465,251562.18209999998,0.7694610778443114,0.03592814371257485,0.4026946107784431,296851.2006,False,,False
2025-02-02,112.31682790758929,138.28003328899658,71.08412785984297,138.14702963119865,260098.16820000001,0.2994011976047904,0.07784431137724551,0.18862275449101795,296851.2006,False,,False
2025-02-03,106.11821460418881,133.7248348116854,79.60324798035342,157.88625220559462,254321.115,0.2215568862275449,0.1407185628742515,0.18113772455089822,296851.2006,False,,False
2025-02-04,126.71499762898276,158.87216805815436,113.05451340424617,223.55101398887246,242299.4094,0.4491017964071856,0.3592814371257485,0.4041916167664671,296851.2006,False,,False
2025-02-05,105.92065090130717,136.73072987125806,87.09971830983159,178.31139917655506,247455.9447,0.2694610778443114,0.20359281437125748,0.23652694610778444,296851.2006,False,,False
2025-02-06,118.00761478760634,142.60371434056927,62.24571642323743,120.59463082480634,251886.63290000003,0.3473053892215569,0.041916167664670656,0.19461077844311378,296851.2006,False,,False
2025-02-07,120.32521857396283,149.43170720762825,169.8956690108913,338.2530880611941,266177.5036,0.38622754491017963,0.7514970059880239,0.5688622754491017,296851.2006,False,,False
2025-02-08,124.72219152794378,158.48651421615713,112.59905817789428,225.67481144466407,265017.74880000006,0.4431137724550898,0.37425149700598803,0.4086826347305389,296851.2006,False,,False
2025-02-09,138.01330258568962,168.03187192332342,131.05236669407435,256.28054837168776,251954.9256,0.5059880239520959,0.5209580838323353,0.5134730538922156,296851.2006,False,,False
2025-02-10,111.28275432001692,138.84186551419208,167.52062822577136,318.212686648656,282905.5616,0.3023952095808383,0.6976047904191617,0.5,296851.2006,False,,False
2025-02-11,114.54701417236846,140.35665879146205,68.9891055280662,138.72102936610372,277324.1069,0.3143712574850299,0.08383233532934131,0.19910179640718562,296851.2006,False,,False
2025-02-12,113.14901928623895,135.61238285603542,75.20466397357166,150.04165917959924,276582.7005,0.24850299401197604,0.10778443113772455,0.1781437125748503,296851.2006,False,,False
2025-02-13,111.73994741756272,137.53851850913833,151.37898310178642,275.25317156400496,299884.8282,0.2844311377245509,0.5988023952095808,0.4416167664670658,296851.2006,True,0.058383233532934176,False
2025-02-14,123.18191269858214,150.6948510677347,120.23736969922126,279.48883022670856,276425.0168,0.39520958083832336,0.6107784431137725,0.5029940119760479,296851.2006,False,,False
2025-02-15,134.61049679904608,162.97788456485577,81.09244614878503,157.24413076710536,280646.76690000005,0.4820359281437126,0.1317365269461078,0.3068862275449102,296851.2006,False,,False
2025-02-16,123.82709389676211,148.736491875564,112.0461424297909,235.05954310816102,275397.5891,0.38023952095808383,0.41916167664670656,0.39970059880239517,296851.2006,False,,False
2025-02-17,98.52409488390835,121.02119633817428,138.85333973787877,246.23405035162392,298659.0579,0.059880239520958084,0.4820359281437126,0.27095808383233533,296851.2006,True,0.22904191616766467,False
2025-02-18,107.23224598241609,134.73037553363693,82.220889865865,174.87991746890083,295439.3007,0.23652694610778444,0.19161676646706588,0.21407185628742514,296851.2006,False,,False
2025-02-19,111.05751325631147,140.74049640487002,105.85710125142054,206.95644620280225,293924.80039999995,0.32335329341317365,0.2904191616766467,0.3068862275449102,296851.2006,False,,False
2025-02-20,106.2331439724329,132.6554542243651,93.50265927919382,177.51325033229983,300672.7398,0.20359281437125748,0.20059880239520958,0.20209580838323354,296851.2006,True,0.29790419161676646,False
2025-02-21,122.20352627724348,149.8852604789855,52.95709297605368,94.12735724449841,301450.44,0.38922155688622756,0.005988023952095809,0.19760479041916168,296851.2006,True,0.3023952095808383,False
2025-02-22,107.55191919156222,133.73880032342197,105.76836389493938,194.30827439266898,287024.8763,0.2245508982035928,0.26047904191616766,0.24251497005988024,296851.2006,False,,False
2025-02-23,104.86263476955878,129.691186855965,101.30594412449166,196.84161475388362,297661.72349999996,0.16167664670658682,0.26646706586826346,0.21407185628742514,296851.2006,True,0.28592814371257486,False
2025-02-24,120.3800420424703,144.8669322295799,134.38006532231066,248.31237921382754,314555.72959999996,0.36227544910179643,0.49700598802395207,0.4296407185628742,296851.2006,True,0.07035928143712578,False
2025-02-25,111.52692742387765,143.03704318975207,201.05155372738625,363.7577556932202,331632.0579,0.3532934131736527,0.8053892215568862,0.5793413173652695,296851.2006,True,0.0793413173652695,False
2025-02-26,112.84812572756499,140.8746327916895,105.37972877002935,181.833251526661,313475.31649999996,0.32934131736526945,0.2125748502994012,0.27095808383233533,296851.2006,True,0.22904191616766467,False
2025-02-27,108.04770091302922,131.7857591783232,119.02230781270843,232.6310761315352,321857.42840000003,0.18862275449101795,0.40718562874251496,0.29790419161676646,296851.2006,True,0.20209580838323354,False
2025-02-28,108.56294869768249,134.54874263314147,115.41914619733535,251.49408729407068,312555.08640000003,0.23353293413173654,0.5059880239520959,0.3697604790419162,296851.2006,True,0.13023952095808378,False
2025-03-01,159.22207307269463,205.2576957396513,191.37911456464815,400.85689054028086,291512.36529999995,0.7425149700598802,0.8652694610778443,0.8038922155688623,296851.2006,False,,False
2025-03-02,137.54978813405262,174.22921301949265,262.8906484155889,538.1106388205989,273012.6601,0.5538922155688623,0.9730538922155688,0.7634730538922155,296851.2006,False,,False
2025-03-03,148.80909791188608,180.85650636301946,130.50267966099676,255.11547456193375,275649.59380000003,0.592814371257485,0.5119760479041916,0.5523952095808383,296851.2006,False,,False
2025-03-04,123.90667337171281,150.79750457259783,116.0356265555684,220.37019621465018,293637.40229999996,0.39820359281437123,0.3532934131736527,0.37574850299401197,296851.2006,False,,False
2025-03-05,115.04486165779359,139.39876942089577,208.4371569567372,365.67290063585864,311657.8309,0.30538922155688625,0.8083832335329342,0.5568862275449102,296851.2006,True,0.05688622754491024,False
2025-03-06,131.52399944893142,160.12907544116342,123.8662379750071,213.68991484253854,310397.66650000005,0.46107784431137727,0.32335329341317365,0.3922155688622755,296851.2006,True,0.10778443113772451,False
2025-03-07,131.2778882573895,161.88691136790283,91.88553701381478,189.28602927290473,304548.4555,0.47305389221556887,0.24251497005988024,0.35778443113772457,296851.2006,True,0.14221556886227543,False
2025-03-08,102.02910845052054,126.6453880753657,103.12557425903441,183.3098481176185,319689.43240000005,0.11077844311377245,0.218562874251497,0.16467065868263472,296851.2006,True,0.33532934131736525,False
2025-03-09,118.81680518111008,148.18727761736608,134.65771736617478,284.6512574047572,326156.7687,0.3712574850299401,0.625748502994012,0.49850299401197606,296851.2006,True,0.0014970059880239361,True
2025-03-10,131.2056398976549,159.5235342028985,176.8406325248056,381.55382716465994,299405.9575,0.45808383233532934,0.8413173652694611,0.6497005988023952,296851.2006,True,0.14970059880239517,False
2025-03-11,108.00667330432748,131.22432785106233,124.93537402575379,237.26265020349103,321363.8049,0.18562874251497005,0.4431137724550898,0.3143712574850299,296851.2006,True,0.18562874251497008,False
2025-03-12,112.59431302587026,137.40139770558608,125.2617115315132,225.2577835062679,334060.2129,0.27844311377245506,0.3712574850299401,0.3248502994011976,296851.2006,True,0.17514970059880242,False
2025-03-13,126.96597816075317,154.55190451380184,219.269106750762,425.9317617425326,304149.9542,0.4251497005988024,0.9011976047904192,0.6631736526946108,296851.2006,True,0.16317365269461082,False
2025-03-14,110.88633139164375,136.1016275380547,155.32196647033828,310.3039101589054,336476.65780000004,0.2634730538922156,0.6826347305389222,0.4730538922155689,296851.2006,True,0.026946107784431073,False
2025-03-15,103.75595763029962,135.1067065612789,183.53795784636603,366.1887385736193,310805.1398,0.24251497005988024,0.811377245508982,0.5269461077844312,296851.2006,True,0.026946107784431184,False
2025-03-16,104.75660995695318,130.05734164304928,145.00450076921868,293.45220577451744,327793.01430000004,0.16766467065868262,0.6497005988023952,0.4086826347305389,296851.2006,True,0.0913173652694611,False
2025-03-17,109.64985051711584,138.0458955035402,243.84095381074246,421.94810437710356,359012.94220000005,0.2904191616766467,0.8922155688622755,0.5913173652694611,296851.2006,True,0.0913173652694611,False
2025-03-18,99.49769898999608,127.82708625608144,115.63691396924904,236.91744504939962,336764.79130000004,0.1347305389221557,0.437125748502994,0.28592814371257486,296851.2006,True,0.21407185628742514,False
2025-03-19,106.15605461138132,130.31056416933998,119.40725986632378,230.12324196702485,346896.5253,0.17365269461077845,0.39520958083832336,0.2844311377245509,296851.2006,True,0.21556886227544908,False
2025-03-20,105.10203483973966,129.1853400634926,115.28172046989506,221.2273562696574,332636.51950000005,0.15269461077844312,0.3562874251497006,0.25449101796407186,296851.2006,True,0.24550898203592814,False
2025-03-21,97.20729839455817,120.58184819907248,175.74857559692015,307.72446874198926,363360.4062,0.05688622754491018,0.6796407185628742,0.3682634730538922,296851.2006,True,0.13173652694610782,False
2025-03-22,110.31723468232522,132.33841327833602,127.10692308801796,240.7407427004197,336334.37879999995,0.19760479041916168,0.4550898203592814,0.3263473053892215,296851.2006,True,0.17365269461077848,False
2025-03-23,102.17131066830792,125.54531013852512,169.95392390275833,310.5339723234957,353821.5429,0.09580838323353294,0.6856287425149701,0.3907185628742515,296851.2006,True,0.1092814371257485,False
2025-03-24,120.03633505989461,144.90976751190283,114.03125571205618,214.68105890086278,356560.0412,0.3652694610778443,0.3383233532934132,0.35179640718562877,296851.2006,True,0.14820359281437123,False
2025-03-25,110.55237674337867,137.2984166318113,127.5429593674884,257.52830222196735,342618.25860000006,0.27245508982035926,0.5299401197604791,0.40119760479041916,296851.2006,True,0.09880239520958084,False
2025-03-26,96.18140050445415,121.46664090291756,184.51343876536941,360.36372446584846,372672.43759999995,0.0658682634730539,0.8023952095808383,0.4341317365269461,296851.2006,True,0.06586826347305391,False
2025-03-27,112.29942273943087,139.6446236980047,108.7644109914691,196.93129519017546,355413.6538,0.31137724550898205,0.2694610778443114,0.2904191616766467,296851.2006,True,0.20958083832335328,False
2025-03-28,127.45071654303564,160.70231534634559,86.58393252467157,157.36818200849385,366419.319,0.46706586826347307,0.1377245508982036,0.3023952095808383,296851.2006,True,0.19760479041916168,False
2025-03-29,101.99043454276391,125.7552466959203,175.29869584007494,299.35995884119933,386466.40969999996,0.10179640718562874,0.6676646706586826,0.3847305389221557,296851.2006,True,0.1152694610778443,False
2025-03-30,140.59191676815217,165.4985507103302,106.78515863793308,198.309678647185,375894.5169,0.49700598802395207,0.27245508982035926,0.3847305389221557,296851.2006,True,0.1152694610778443,False
2025-03-31,110.99366064952557,137.30042786639288,210.1816040056594,391.2273528502173,360745.6568,0.2754491017964072,0.8532934131736527,0.5643712574850299,296851.2006,True,0.06437125748502992,False
2025-04-01,117.2132891473978,142.73575032441664,245.84276360156557,521.0589084386876,346549.7687,0.3502994011976048,0.9700598802395209,0.6601796407185628,296851.2006,True,0.16017964071856283,False
2025-04-02,110.2094994651523,135.6425202715656,256.407037551808,428.1620085519069,345307.7643,0.25149700598802394,0.907185628742515,0.5793413173652695,296851.2006,True,0.0793413173652695,False
2025-04-03,100.72905874447453,133.53973085361494,185.77418373926616,379.78283757327637,372125.555,0.2155688622754491,0.8323353293413174,0.5239520958083832,296851.2006,True,0.0239520958083832,False
2025-04-04,102.93500568028425,126.22406268361688,235.73050488642204,435.36205081817707,391829.6974,0.10479041916167664,0.9101796407185628,0.5074850299401197,296851.2006,True,0.007485029940119681,False
2025-04-05,105.55500670548534,129.3201030732725,141.14547408694793,267.06043287685134,363351.7655,0.15568862275449102,0.5808383233532934,0.36826347305389223,296851.2006,True,0.13173652694610777,False
2025-04-06,103.70288814547558,132.31373926867218,82.1906308608752,156.69239198755784,376772.1259,0.19461077844311378,0.12874251497005987,0.16167664670658682,296851.2006,True,0.3383233532934132,False
2025-04-07,103.71920615544069,132.47487116695916,195.39499059764356,381.0534089374859,382634.53650000005,0.20059880239520958,0.8353293413173652,0.5179640718562875,296851.2006,True,0.017964071856287456,False
2025-04-08,87.93107797738476,110.77939513291417,139.68440289731782,260.97682136462186,380160.5799,0.014970059880239521,0.5479041916167665,0.281437125748503,296851.2006,True,0.218562874251497,False
2025-04-09,90.63776030749757,115.02923137785069,245.01065782964218,443.2099025903075,351259.26910000003,0.038922155688622756,0.9161676646706587,0.47754491017964074,296851.2006,True,0.022455089820359264,False
2025-04-10,100.78418745134279,123.46034371926997,149.4127465798116,290.9329322757862,379248.3767,0.08383233532934131,0.6407185628742516,0.36227544910179643,296851.2006,True,0.13772455089820357,False
2025-04-11,115.7727556282001,140.60230869032145,204.41257424578947,384.7753024310741,400652.0795,0.3203592814371258,0.844311377245509,0.5823353293413174,296851.2006,True,0.08233532934131738,False
2025-04-12,101.9218061506544,130.48945897341753,166.94792382111063,286.7956579365563,377592.09130000003,0.17664670658682635,0.6287425149700598,0.4026946107784431,296851.2006,True,0.0973053892215569,False
2025-04-13,100.60670161815898,127.96614147906955,115.01703046393555,214.35351140753409,378040.2223,0.1377245508982036,0.33532934131736525,0.2365269461077844,296851.2006,True,0.2634730538922156,False
2025-04-14,108.86847424665012,135.76954378506926,109.51153035233015,191.61923902262123,392240.0453,0.25748502994011974,0.25449101796407186,0.2559880239520958,296851.2006,True,0.2440119760479042,False
2025-04-15,100.21939868531909,122.35287084552988,225.7496600559365,401.4981984923691,401504.858,0.07784431137724551,0.8682634730538922,0.4730538922155688,296851.2006,True,0.026946107784431184,False
2025-04-16,98.41322064141305,121.88960124188712,168.52649513489922,317.3747828959294,372871.7587,0.0748502994011976,0.6946107784431138,0.3847305389221557,296851.2006,True,0.1152694610778443,False
2025-04-17,83.71347926761165,102.34841544081134,102.82136780473144,185.5215394965128,387712.2017,0.0029940119760479044,0.23053892215568864,0.11676646706586827,296851.2006,True,0.38323353293413176,False
2025-04-18,93.03731456340154,120.5500067749893,108.21154731287639,207.49015605465198,390816.313,0.05389221556886228,0.2964071856287425,0.1751497005988024,296851.2006,True,0.3248502994011976,False
2025-04-19,99.95950864778244,128.07876224278442,137.08842050450536,234.98488849650457,390724.4166,0.1407185628742515,0.4161676646706587,0.2784431137724551,296851.2006,True,0.22155688622754488,False
2025-04-20,89.35550032689679,114.22910247510802,136.40456513307288,237.1235540041185,391440.4288,0.02694610778443114,0.44011976047904194,0.23353293413173654,296851.2006,True,0.26646706586826346,False
2025-04-21,118.83227426105502,145.0197005311647,199.24497927351567,353.14373190791446,419788.365,0.36826347305389223,0.7874251497005988,0.5778443113772456,296851.2006,True,0.07784431137724557,False
2025-04-22,98.83193755509076,121.69508189517059,160.27616127211573,279.7927639989548,393948.4302,0.0688622754491018,0.6137724550898204,0.3413173652694611,296851.2006,True,0.1586826347305389,False
2025-04-23,105.17083089661178,126.52791876761731,148.7435629894079,263.3259874698436,399783.58830000006,0.10778443113772455,0.5658682634730539,0.3368263473053892,296851.2006,True,0.16317365269461082,False
2025-04-24,95.89466371297605,113.07673118394551,163.79026907616176,312.45948777668144,422446.03780000005,0.023952095808383235,0.688622754491018,0.3562874251497006,296851.2006,True,0.14371257485029942,False
2025-04-25,104.76471158876363,124.10907621939472,129.61358986576917,233.6661837143415,418577.7813,0.08682634730538923,0.4101796407185629,0.24850299401197606,296851.2006,True,0.25149700598802394,False
2025-04-26,107.6724166636351,132.73976033886197,261.8254625480608,467.2487167142395,432184.3844,0.20658682634730538,0.9431137724550899,0.5748502994011976,296851.2006,True,0.07485029940119758,False
2025-04-27,112.50684603990777,140.79074322917174,168.14045805583172,264.37708900912344,410754.3081,0.3263473053892216,0.5688622754491018,0.4476047904191617,296851.2006,True,0.05239520958083832,False
2025-04-28,97.40749846226164,121.38982180462429,399.4363416547855,711.4227830551812,365492.0009,0.06287425149700598,0.9910179640718563,0.5269461077844311,296851.2006,True,0.026946107784431073,False
2025-04-29,82.14506755484771,103.28896174102736,208.2775707164116,357.04915179404554,418917.27,0.005988023952095809,0.7964071856287425,0.40119760479041916,296851.2006,True,0.09880239520958084,False
2025-04-30,101.73736334040875,127.28006529691211,230.35571145728338,369.7506932361746,416556.1577,0.12275449101796407,0.8173652694610778,0.47005988023952094,296851.2006,True,0.029940119760479056,False
2025-05-01,202.00451519374585,275.45052958203644,157.5363906091335,280.19246829601747,416119.2307,0.9041916167664671,0.6167664670658682,0.7604790419161677,296851.2006,True,0.26047904191616766,False
2025-05-02,160.6138788348479,220.66283750596514,371.55889586113295,599.5915436553142,362824.23990000004,0.8083832335329342,0.9850299401197605,0.8967065868263473,296851.2006,True,0.3967065868263473,False
2025-05-03,163.7919200011546,220.05296714788398,101.82328339301964,183.36791783375855,396166.0658,0.7994011976047904,0.2245508982035928,0.5119760479041916,296851.2006,True,0.0119760479041916,False
2025-05-04,171.2416574346128,217.55960015737384,221.3832869290355,352.43832932179834,413612.5014,0.7904191616766467,0.781437125748503,0.7859281437125749,296851.2006,True,0.2859281437125749,False
2025-05-05,164.33011354242535,200.83426886525615,199.16206786564487,324.90367220592384,393216.9424,0.7275449101796407,0.718562874251497,0.7230538922155689,296851.2006,True,0.22305389221556893,False
2025-05-06,141.5623787021815,188.58168959062746,197.16327146506626,356.825060556423,408882.6464,0.6317365269461078,0.7934131736526946,0.7125748502994012,296851.2006,True,0.21257485029940115,False
2025-05-07,150.50284303300467,178.54275220832238,108.52313595851348,200.56760461338828,396554.2144,0.5808383233532934,0.27844311377245506,0.4296407185628742,296851.2006,True,0.07035928143712578,False
2025-05-08,157.3441913993155,198.51163473632806,187.95356059705995,321.24313715906146,387713.7899,0.7125748502994012,0.7065868263473054,0.7095808383233533,296851.2006,True,0.20958083832335328,False
2025-05-09,171.78724089310225,198.3961260209548,112.26233636077286,210.95758911929406,394526.6376,0.7065868263473054,0.31736526946107785,0.5119760479041916,296851.2006,True,0.0119760479041916,False
2025-05-10,156.9643697249883,192.9127197692026,182.02811220302587,328.3973245625665,375161.6506,0.6646706586826348,0.7305389221556886,0.6976047904191617,296851.2006,True,0.19760479041916168,False
2025-05-11,135.56459110033808,170.90524937443004,151.2369366230025,236.09666974299836,391554.06799999997,0.5209580838323353,0.4341317365269461,0.47754491017964074,296851.2006,True,0.022455089820359264,False
2025-05-12,142.12429969564698,172.1891089267006,300.1210076342353,513.0307503036306,411104.4503,0.5299401197604791,0.9670658682634731,0.7485029940119761,296851.2006,True,0.24850299401197606,False
2025-05-13,124.72131032822735,148.24668255042724,88.84357583036511,148.7023295146737,402842.51300000004,0.37425149700598803,0.10479041916167664,0.23952095808383234,296851.2006,True,0.26047904191616766,False
2025-05-14,113.7646538967784,135.94283532488382,121.87328704562441,213.92667175659514,405467.1389,0.26047904191616766,0.32934131736526945,0.29491017964071853,296851.2006,True,0.20508982035928147,False
2025-05-15,133.31489630233375,170.03965322165115,146.47007735446198,260.07510369721786,400999.5092,0.5179640718562875,0.5389221556886228,0.5284431137724551,296851.2006,True,0.02844311377245512,False
2025-05-16,127.93956132273001,161.97238375754907,207.17980479544173,352.9940640666191,431795.0293,0.47604790419161674,0.7844311377245509,0.6302395209580838,296851.2006,True,0.13023952095808378,False
2025-05-17,121.04033437358365,153.8189398149313,240.06856967551136,442.18564055054645,388954.3881,0.41317365269461076,0.9131736526946108,0.6631736526946108,296851.2006,True,0.16317365269461082,False
2025-05-18,117.5105326421427,143.11780884975792,166.846204989072,323.239794682951,402065.2134,0.3562874251497006,0.7155688622754491,0.5359281437125749,296851.2006,True,0.03592814371257491,False
2025-05-19,117.14248009877912,159.47664799233857,243.08200280572086,482.45495034049424,435343.0286,0.4550898203592814,0.9520958083832335,0.7035928143712574,296851.2006,True,0.20359281437125742,False
2025-05-20,97.3848736261611,124.31388229013706,179.21439880777555,343.4187881544956,395461.09739999997,0.08982035928143713,0.7694610778443114,0.4296407185628743,296851.2006,True,0.07035928143712572,False
2025-05-21,107.88782242596909,141.63162660525776,228.29991995322058,391.19296186530806,413522.616,0.3383233532934132,0.8502994011976048,0.594311377245509,296851.2006,True,0.09431137724550898,False
2025-05-22,129.66225977799047,164.91269748029137,89.1057815232437,163.6835789527648,413478.2952,0.49101796407185627,0.15868263473053892,0.3248502994011976,296851.2006,True,0.17514970059880242,False
2025-05-23,124.99220104012915,153.29601431198236,112.86963663107116,205.63150251024575,411374.61299999995,0.4101796407185629,0.2874251497005988,0.34880239520958084,296851.2006,True,0.15119760479041916,False
2025-05-24,120.77161843781293,152.36315766810844,192.47190483717435,321.29958568028775,425635.8986,0.4041916167664671,0.7095808383233533,0.5568862275449102,296851.2006,True,0.05688622754491024,False
2025-05-25,142.7099631032615,173.62774274107363,120.27335066500018,225.69179823424912,430649.2045,0.5419161676646707,0.3772455089820359,0.4595808383233533,296851.2006,True,0.04041916167664672,False
2025-05-26,112.8659749385734,138.09652606500723,270.46811442898274,510.7785516298707,388968.8185,0.2934131736526946,0.9640718562874252,0.6287425149700598,296851.2006,True,0.12874251497005984,False
2025-05-27,132.92090992034503,159.3222869437541,134.97816712013895,241.99537635279225,423938.76029999997,0.45209580838323354,0.46407185628742514,0.45808383233532934,296851.2006,True,0.041916167664670656,False
2025-05-28,127.59052735055563,153.90714013428297,238.76803523995716,405.5505888547788,405888.1387,0.41916167664670656,0.8802395209580839,0.6497005988023952,296851.2006,True,0.14970059880239517,False
2025-05-29,147.54997811774058,182.7853105046181,136.88475825868443,262.4781569551796,397975.1446,0.6047904191616766,0.562874251497006,0.5838323353293413,296851.2006,True,0.08383233532934131,False
2025-05-30,144.5172031228641,181.052929552594,203.94866754462768,379.2091986705564,408095.94730000006,0.5958083832335329,0.8293413173652695,0.7125748502994012,296851.2006,True,0.21257485029940115,False
2025-05-31,163.9494367716384,206.3828291758467,154.5720461474364,292.3776720110491,398334.90619999997,0.7455089820359282,0.6467065868263473,0.6961077844311377,296851.2006,True,0.19610778443113774,False
2025-06-01,341.46465131682857,406.79282776428835,419.042428324702,778.2563297644181,342142.4024,0.9760479041916168,0.9970059880239521,0.9865269461077845,296851.2006,True,0.48652694610778446,False
2025-06-02,269.2611882430743,322.55120755589155,296.63268227717913,474.51802244743703,356638.3772,0.9461077844311377,0.9461077844311377,0.9461077844311377,296851.2006,True,0.44610778443113774,False
2025-06-03,224.2988092030163,271.4183827513868,128.8177753569727,240.28620874634203,359306.84239999996,0.8982035928143712,0.4491017964071856,0.6736526946107784,296851.2006,True,0.17365269461077837,False
2025-06-04,210.3817871271026,263.60401792300684,141.71519942034354,278.79492481313866,353367.4966,0.8892215568862275,0.6077844311377245,0.7485029940119761,296851.2006,True,0.24850299401197606,False
2025-06-05,192.934803146405,230.24452298354998,147.0189558940933,256.87458869683275,343839.6159,0.8293413173652695,0.5239520958083832,0.6766467065868264,296851.2006,True,0.17664670658682635,False
2025-06-06,211.7183482619347,242.07469976849538,263.50236650462523,452.6753474772053,311354.5176,0.8592814371257484,0.9221556886227545,0.8907185628742516,296851.2006,True,0.39071856287425155,False
2025-06-07,199.27435400014818,231.94727462341646,167.84718063584418,312.48304288407553,312181.4795,0.8353293413173652,0.6916167664670658,0.7634730538922155,296851.2006,True,0.26347305389221554,False
2025-06-08,234.74101686148333,280.3051238134496,427.9841136519505,712.7582192547139,378492.1403,0.9101796407185628,0.9940119760479041,0.9520958083832335,296851.2006,True,0.4520958083832335,False
2025-06-09,240.76900017832546,281.6402553421571,157.5142462313451,270.66089285218754,343418.8515,0.9131736526946108,0.5868263473053892,0.75,296851.2006,True,0.25,False
2025-06-10,241.8328135195546,285.71566350522744,153.07697218233835,260.80524645424293,334776.2853,0.9161676646706587,0.5449101796407185,0.7305389221556886,296851.2006,True,0.2305389221556886,False
2025-06-11,183.99256614105767,219.74895362345077,243.08619480444133,459.0695799524803,312913.386,0.7964071856287425,0.9311377245508982,0.8637724550898203,296851.2006,True,0.36377245508982026,False
2025-06-12,167.4557975959707,202.93428846030804,107.42903378068743,191.17504723408385,331616.5293,0.7305389221556886,0.24850299401197604,0.48952095808383234,296851.2006,True,0.010479041916167664,False
2025-06-13,195.35311442033725,229.9051070383363,185.1894946941453,327.01282805331823,321265.66020000004,0.8263473053892215,0.7245508982035929,0.7754491017964071,296851.2006,True,0.27544910179640714,False
2025-06-14,168.6794867642483,207.85442012849822,176.28885839827439,319.53414479618345,336358.8862,0.7574850299401198,0.7005988023952096,0.7290419161676647,296851.2006,True,0.22904191616766467,False
2025-06-15,193.96893949268508,232.22366883114069,151.5410412743713,248.85692322421204,340451.46109999996,0.8383233532934131,0.5,0.6691616766467066,296851.2006,True,0.16916167664670656,False
2025-06-16,162.96345453364393,204.76582388054982,121.33867059902416,223.81154952783012,329547.4752,0.7395209580838323,0.3652694610778443,0.5523952095808383,296851.2006,True,0.05239520958083832,False
2025-06-17,141.92078195671644,177.52118095024534,185.05026940472177,391.40765466802935,316048.46030000004,0.5718562874251497,0.8562874251497006,0.7140718562874251,296851.2006,True,0.2140718562874251,False
2025-06-18,128.49577079399543,162.53540902985299,127.5849713320145,225.23371506107253,335884.12810000003,0.47904191616766467,0.36826347305389223,0.4236526946107785,296851.2006,True,0.07634730538922152,False
2025-06-19,143.41701370179806,177.63838532537557,227.37689604549394,457.273001553216,354537.3762,0.5748502994011976,0.9281437125748503,0.7514970059880239,296851.2006,True,0.25149700598802394,False
2025-06-20,143.71065535722792,172.51476367235585,129.06814577895742,217.77733328583884,352418.9932,0.5359281437125748,0.3473053892215569,0.4416167664670658,296851.2006,True,0.058383233532934176,False
2025-06-21,161.71064278293613,198.61114740606754,225.6988900340181,462.26866845782615,372439.9464,0.7155688622754491,0.9401197604790419,0.8278443113772456,296851.2006,True,0.32784431137724557,False
2025-06-22,144.76719295225706,176.27265477297826,196.84531139928038,339.18738110087094,354492.72490000003,0.5658682634730539,0.7544910179640718,0.6601796407185628,296851.2006,True,0.16017964071856283,False
2025-06-23,156.28986447210457,195.30905699503592,107.98485727278441,194.97207172524563,357777.52249999996,0.6796407185628742,0.2634730538922156,0.4715568862275449,296851.2006,True,0.02844311377245512,False
2025-06-24,188.23128790192425,218.97156193536566,390.52287741275995,663.3163414148579,305064.3166,0.7934131736526946,0.9880239520958084,0.8907185628742516,296851.2006,True,0.39071856287425155,False
2025-06-25,180.15951337970546,215.65711790100985,169.34349077627132,320.5506842903251,335237.92240000004,0.7784431137724551,0.7035928143712575,0.7410179640718564,296851.2006,True,0.24101796407185638,False
2025-06-26,188.83375587897893,232.30246129125277,182.3117673280483,368.50527616687094,354900.36919999996,0.8413173652694611,0.8143712574850299,0.8278443113772456,296851.2006,True,0.32784431137724557,False
2025-06-27,161.2772123960698,195.68431953359092,173.33006523481467,351.4273076557896,358749.6548,0.6826347305389222,0.7784431137724551,0.7305389221556886,296851.2006,True,0.2305389221556886,False
2025-06-28,175.6069884508432,217.4043904917624,181.1642950836606,340.2668593255656,353307.8801,0.7874251497005988,0.7634730538922155,0.7754491017964071,296851.2006,True,0.27544910179640714,False
2025-06-29,195.25807467509023,234.4130456642708,169.22608047151303,341.9395452051786,342702.2411,0.8473053892215568,0.7664670658682635,0.8068862275449102,296851.2006,True,0.30688622754491024,False
2025-06-30,188.17135795964947,234.39363882310482,159.48669831134336,288.6961329159201,336417.81960000005,0.844311377245509,0.6347305389221557,0.7395209580838323,296851.2006,True,0.23952095808383234,False
2025-07-01,644.6574745548517,673.5966000764106,241.2277234859057,402.2040893518554,376081.84219999996,1.0,0.8712574850299402,0.9356287425149701,296851.2006,True,0.4356287425149701,False
2025-07-02,388.6290689043965,434.97158237704986,372.00927921633263,585.491846760168,409763.3511,0.9850299401197605,0.9820359281437125,0.9835329341317365,296851.2006,True,0.4835329341317365,False
2025-07-03,296.96522701337676,343.55108515062153,135.29873165645913,235.67336755795188,370830.7182,0.9520958083832335,0.4251497005988024,0.688622754491018,296851.2006,True,0.18862275449101795,False
2025-07-04,184.0427611991286,220.62697909089923,172.80967346365728,373.2184444396593,401485.1897,0.8053892215568862,0.8263473053892215,0.8158682634730539,296851.2006,True,0.31586826347305386,False
2025-07-05,160.25953582590586,196.783211683584,148.74918065634108,259.6480786766125,402496.5296,0.6946107784431138,0.5359281437125748,0.6152694610778443,296851.2006,True,0.1152694610778443,False
2025-07-06,157.6657975156021,194.85673264828367,228.54693965798282,403.43381372755107,368703.5586,0.6766467065868264,0.8772455089820359,0.7769461077844311,296851.2006,True,0.2769461077844311,False
2025-07-07,182.18899260034263,220.5695691238116,166.73031888315194,271.68758378092315,408515.4683,0.8023952095808383,0.5898203592814372,0.6961077844311377,296851.2006,True,0.19610778443113774,False
2025-07-08,497.21211217863896,530.6043033543442,195.33172320651533,325.24558041023005,394283.0399,0.9910179640718563,0.7215568862275449,0.8562874251497006,296851.2006,True,0.3562874251497006,False
2025-07-09,400.7997582409111,435.71357294209247,149.1408745389129,266.33772242574463,399191.87970000005,0.9880239520958084,0.5778443113772455,0.7829341317365269,296851.2006,True,0.28293413173652693,False
2025-07-10,338.91043221748487,395.7570204172347,106.6924158716671,213.78953447816636,405659.5132,0.9700598802395209,0.3263473053892216,0.6482035928143712,296851.2006,True,0.14820359281437123,False
2025-07-11,313.2061139893623,351.0914858271817,273.04424843821045,494.23326305557623,373333.8675,0.9610778443113772,0.9610778443113772,0.9610778443113772,296851.2006,True,0.4610778443113772,False
2025-07-12,231.62485468528905,269.47005765828175,110.01501098707593,208.41473627988947,385404.76660000003,0.8952095808383234,0.30538922155688625,0.6002994011976048,296851.2006,True,0.10029940119760483,False
2025-07-13,207.72166352068265,251.1559161590829,264.54607591585943,484.82375597214065,423753.8765,0.8802395209580839,0.9550898203592815,0.9176646706586826,296851.2006,True,0.4176646706586826,False
2025-07-14,215.33755869690265,261.5493654938596,145.34504482605,261.9358596270653,415528.46550000005,0.8862275449101796,0.5598802395209581,0.7230538922155689,296851.2006,True,0.22305389221556893,False
2025-07-15,505.4181327328394,544.6092603218236,230.54862072453318,460.2888612408188,400776.6725,0.9940119760479041,0.937125748502994,0.965568862275449,296851.2006,True,0.465568862275449,False
2025-07-16,293.4916807224303,346.42117065920263,126.45774332926597,227.20791856216005,409384.21199999994,0.9580838323353293,0.38323353293413176,0.6706586826347305,296851.2006,True,0.1706586826347305,False
2025-07-17,212.09181558453434,254.34473409504142,145.66338447051228,261.24053934177255,401092.4593,0.8832335329341318,0.5508982035928144,0.7170658682634731,296851.2006,True,0.21706586826347307,False
2025-07-18,151.07852127628573,193.5981133761209,226.39339239463652,412.7183875024854,374542.9506,0.6706586826347305,0.8832335329341318,0.7769461077844311,296851.2006,True,0.2769461077844311,False
2025-07-19,160.46281528068985,204.1208591315589,136.71090952371705,242.66911135596177,404290.22010000004,0.7335329341317365,0.46706586826347307,0.6002994011976048,296851.2006,True,0.10029940119760483,False
2025-07-20,171.5947175399664,211.6269966559818,118.77025796389427,199.9736720453633,399963.36329999997,0.7664670658682635,0.2754491017964072,0.5209580838323353,296851.2006,True,0.020958083832335328,False
2025-07-21,176.22536832625616,216.72602724540286,151.4938357075715,257.5806985344906,386718.4227,0.781437125748503,0.5329341317365269,0.657185628742515,296851.2006,True,0.15718562874251496,False
2025-07-22,160.36773441376286,195.87118243044748,182.26792048649457,354.49917889814793,394318.2852,0.688622754491018,0.7904191616766467,0.7395209580838323,296851.2006,True,0.23952095808383234,False
2025-07-23,145.68210253479197,186.67511849052488,157.18874862033033,277.6128211219751,391400.9192,0.6227544910179641,0.6047904191616766,0.6137724550898204,296851.2006,True,0.11377245508982037,False
2025-07-24,195.1360726993785,238.3718030426744,193.6037389994012,322.17980762752296,391714.4731,0.8502994011976048,0.7125748502994012,0.781437125748503,296851.2006,True,0.281437125748503,False
2025-07-25,196.52416364122593,245.1254710023379,122.15828954471525,204.83568515069874,395097.12069999997,0.8682634730538922,0.2844311377245509,0.5763473053892215,296851.2006,True,0.07634730538922152,False
2025-07-26,255.88525071857072,301.4327132331216,145.61451481758343,267.29198792276645,388311.5902,0.9281437125748503,0.5838323353293413,0.7559880239520957,296851.2006,True,0.25598802395209574,False
2025-07-27,301.7255041022775,344.33974294547517,145.5516547518787,273.806097488574,386550.0389,0.9550898203592815,0.592814371257485,0.7739520958083832,296851.2006,True,0.2739520958083832,False
2025-07-28,245.94797493043382,296.06670675785404,205.48473222292282,387.22687956746097,361644.72719999996,0.9251497005988024,0.8473053892215568,0.8862275449101796,296851.2006,True,0.38622754491017963,False
2025-07-29,156.18525713578583,195.7292854567394,155.08207685983774,297.5726262518104,373472.995,0.6856287425149701,0.6616766467065869,0.6736526946107785,296851.2006,True,0.17365269461077848,False
2025-07-30,144.73556969385805,179.1065170542676,171.40947339891534,344.514817796038,385926.6623,0.5838323353293413,0.7724550898203593,0.6781437125748503,296851.2006,True,0.1781437125748503,False
2025-07-31,152.4174597393676,189.4788922390732,116.82632862465039,214.00582885089742,376369.9047,0.6407185628742516,0.3323353293413174,0.48652694610778446,296851.2006,True,0.013473053892215536,False
2025-08-01,147.20420232978873,184.1153366681007,355.0794249949689,563.849782255274,428808.38659999997,0.6137724550898204,0.9790419161676647,0.7964071856287425,296851.2006,True,0.29640718562874246,False
2025-08-02,148.15620000731846,198.4503847081665,193.62365231514184,371.0966567490093,423811.31570000004,0.7095808383233533,0.8233532934131736,0.7664670658682635,296851.2006,True,0.2664670658682635,False
2025-08-03,140.91561777586048,180.26628956265432,284.07521208984093,476.10603551259436,451338.037,0.5898203592814372,0.9491017964071856,0.7694610778443114,296851.2006,True,0.2694610778443114,False
2025-08-04,149.23698697290956,183.5357973106488,98.54481207645519,161.52971908868835,437378.7112,0.6077844311377245,0.15269461077844312,0.38023952095808383,296851.2006,True,0.11976047904191617,False
2025-08-05,159.2882402643234,204.1358702593092,118.76919999153058,227.7394621513955,427837.12529999996,0.7365269461077845,0.38622754491017963,0.561377245508982,296851.2006,True,0.06137724550898205,False
2025-08-06,181.941827502127,222.15060957519805,218.7871614553205,443.9525647928891,411610.1312,0.811377245508982,0.9191616766467066,0.8652694610778443,296851.2006,True,0.3652694610778443,False
2025-08-07,178.36601854930666,223.94157958701715,123.58524083342783,240.681117152326,440776.6153,0.8143712574850299,0.45209580838323354,0.6332335329341318,296851.2006,True,0.13323353293413176,False
2025-08-08,128.6319003208803,164.9951137551288,193.49986047312507,333.384902358421,449568.2692,0.4940119760479042,0.7455089820359282,0.6197604790419162,296851.2006,True,0.11976047904191622,False
2025-08-09,136.97061848282024,168.05995001324328,164.03040010606153,298.8315804825635,428291.41650000005,0.5089820359281437,0.6646706586826348,0.5868263473053892,296851.2006,True,0.08682634730538918,False
2025-08-10,140.17459292347883,175.01074540085332,171.11130893838128,329.44552741254086,427384.95399999997,0.5598802395209581,0.7335329341317365,0.6467065868263473,296851.2006,True,0.1467065868263473,False
2025-08-11,152.93886515776808,192.79333703367124,124.87777253351435,232.1199425224817,431166.0611,0.6616766467065869,0.40119760479041916,0.531437125748503,296851.2006,True,0.03143712574850299,False
2025-08-12,140.02836422608854,176.24075706655194,194.33694583862766,332.3806261945824,413262.3183,0.562874251497006,0.7425149700598802,0.652694610778443,296851.2006,True,0.15269461077844304,False
2025-08-13,154.3504394004122,190.2168109818309,133.84096049474192,244.8241218173059,422562.1064,0.6497005988023952,0.47305389221556887,0.561377245508982,296851.2006,True,0.06137724550898205,False
2025-08-14,155.25814614563146,191.02406545408397,148.36651624168474,254.06103072577673,420058.5863,0.6526946107784432,0.5089820359281437,0.5808383233532934,296851.2006,True,0.08083832335329344,False
2025-08-15,149.8744549834587,183.91391153910357,155.58207885237172,297.3678756646269,436849.9853,0.6107784431137725,0.6586826347305389,0.6347305389221557,296851.2006,True,0.1347305389221557,False
2025-08-16,144.73015107017477,181.84190554428022,152.69714312464765,304.92116161588564,439525.4999,0.6017964071856288,0.6766467065868264,0.6392215568862276,296851.2006,True,0.13922155688622762,False
2025-08-17,156.94587285572166,192.95965035417302,139.9142789152125,247.60361349938597,433222.3373,0.6676646706586826,0.49101796407185627,0.5793413173652695,296851.2006,True,0.0793413173652695,False
2025-08-18,157.5170632396624,198.32188680884678,135.83670284440413,247.68312789606418,427896.3546,0.7035928143712575,0.4940119760479042,0.5988023952095809,296851.2006,True,0.0988023952095809,False
2025-08-19,150.6690661792655,191.977397224851,133.8703889312452,240.06827768765348,426280.93700000003,0.655688622754491,0.44610778443113774,0.5508982035928144,296851.2006,True,0.050898203592814384,False
2025-08-20,152.3606785832573,186.56693693092956,321.8048871412162,554.4888873706084,386384.1756,0.6197604790419161,0.9760479041916168,0.7979041916167664,296851.2006,True,0.2979041916167664,False
2025-08-21,127.72657819651012,168.38933137290465,146.91045757037068,255.14584908558803,414764.2825,0.5119760479041916,0.5149700598802395,0.5134730538922155,296851.2006,True,0.013473053892215536,False
2025-08-22,151.26482908908483,189.82342779626507,160.37421433284484,280.4724484617409,415806.966,0.6467065868263473,0.6197604790419161,0.6332335329341316,296851.2006,True,0.13323353293413165,False
2025-08-23,133.28595153690017,173.64515477245817,132.27557588040247,261.5054498086356,403002.84050000005,0.5449101796407185,0.5538922155688623,0.5494011976047903,296851.2006,True,0.04940119760479034,False
2025-08-24,146.58893721334354,185.88823235954843,218.83621219911868,425.40013598761965,428006.8915,0.6167664670658682,0.8982035928143712,0.7574850299401197,296851.2006,True,0.2574850299401197,False
2025-08-25,141.98920758414508,174.20097810091656,248.48999318538017,424.12417625955806,382431.16040000005,0.5508982035928144,0.8952095808383234,0.7230538922155689,296851.2006,True,0.22305389221556893,False
2025-08-26,154.60783003657232,192.37449046435324,152.00503338560003,293.6826661838159,413040.8733,0.6586826347305389,0.6526946107784432,0.655688622754491,296851.2006,True,0.15568862275449102,False
2025-08-27,126.88776226023346,161.4940650008375,151.72574159486962,255.3946301467412,395245.3994,0.47005988023952094,0.5179640718562875,0.4940119760479042,296851.2006,True,0.0059880239520958,False
2025-08-28,167.83563020806872,207.70357011440277,231.60253502957252,459.93686416191696,382656.1295,0.7544910179640718,0.9341317365269461,0.844311377245509,296851.2006,True,0.344311377245509,False
2025-08-29,144.91222802115576,174.68345873840886,130.255041932191,217.41266896841515,394638.67319999996,0.5568862275449101,0.344311377245509,0.45059880239520955,296851.2006,True,0.04940119760479045,False
2025-08-30,152.59855293359556,189.63527660289898,258.6606510254856,491.2195144653401,423074.2065,0.6437125748502994,0.9580838323353293,0.8008982035928144,296851.2006,True,0.3008982035928144,False
2025-08-31,150.01673429298117,187.25553348107448,121.6448312666962,211.98473790375408,400312.4205,0.625748502994012,0.3203592814371258,0.47305389221556887,296851.2006,True,0.026946107784431128,False
2025-09-01,538.5766454125276,606.7648529752364,156.67671339489073,274.3392021162994,406136.9084,0.9970059880239521,0.5958083832335329,0.7964071856287425,296851.2006,True,0.29640718562874246,False
2025-09-02,357.45530481765144,425.48402195106564,154.36597948119015,244.45844797547682,404850.4098,0.9790419161676647,0.47005988023952094,0.7245508982035929,296851.2006,True,0.22455089820359286,False
2025-09-03,278.4413245668697,335.4723306417817,175.05892577692364,288.2019881506097,395315.9951,0.9491017964071856,0.6317365269461078,0.7904191616766467,296851.2006,True,0.2904191616766467,False
2025-09-04,272.51737251293866,321.4153605381824,181.09364984707324,339.26723236171716,402813.64489999996,0.9431137724550899,0.7574850299401198,0.8502994011976048,296851.2006,True,0.35029940119760483,False
2025-09-05,204.4355663505939,239.99317885291327,116.83423091992599,241.49032797105173,409852.3127,0.8532934131736527,0.46107784431137727,0.657185628742515,296851.2006,True,0.15718562874251496,False
2025-09-06,215.32663591839324,263.80340229686243,243.55812282639687,418.2703432269337,408631.7428,0.8922155688622755,0.8892215568862275,0.8907185628742516,296851.2006,True,0.39071856287425155,False
2025-09-07,250.789794943916,311.60285452284376,116.34980010275152,248.91487311373993,394920.15249999997,0.9401197604790419,0.5029940119760479,0.7215568862275449,296851.2006,True,0.22155688622754488,False
2025-09-08,393.5702492100934,431.51650574350793,238.40461136265458,454.8321452068457,372030.1374,0.9820359281437125,0.9251497005988024,0.9535928143712575,296851.2006,True,0.45359281437125754,False
2025-09-09,327.72074209914285,367.17433631139005,212.7556353548528,394.9496257925748,407876.4079,0.9640718562874252,0.8592814371257484,0.9116766467065869,296851.2006,True,0.4116766467065869,False
2025-09-10,320.59463874597986,368.30664610306286,239.56501645612147,426.62009433911976,359752.73899999994,0.9670658682634731,0.9041916167664671,0.9356287425149701,296851.2006,True,0.4356287425149701,False
2025-09-11,250.47219478061146,302.17674003563565,205.9781949535155,402.8290169487824,403504.15540000005,0.9311377245508982,0.874251497005988,0.902694610778443,296851.2006,True,0.40269461077844304,False
2025-09-12,187.44534407261432,226.57414177359988,118.26104328266287,217.0343424971693,384813.4255,0.8233532934131736,0.3413173652694611,0.5823353293413174,296851.2006,True,0.08233532934131738,False
2025-09-13,175.13244132054962,215.3167445073025,209.12090112671945,399.6334076196838,402338.8898,0.7754491017964071,0.8622754491017964,0.8188622754491017,296851.2006,True,0.31886227544910173,False
2025-09-14,233.39574734480982,279.84332760666166,200.61377470214003,381.21782640097524,366830.22550000006,0.907185628742515,0.8383233532934131,0.8727544910179641,296851.2006,True,0.3727544910179641,False
2025-09-15,249.44343869334554,292.54907837692514,176.25776990139587,335.174103805234,394157.99549999996,0.9191616766467066,0.7485029940119761,0.8338323353293413,296851.2006,True,0.3338323353293413,False
2025-09-16,215.79507121936635,250.6153741239704,141.31597769794345,299.6929947665794,374109.52489999996,0.8772455089820359,0.6706586826347305,0.7739520958083832,296851.2006,True,0.2739520958083832,False
2025-09-17,117.08719386532145,148.28550364424484,149.32198001438684,291.273316129383,365788.0596,0.3772455089820359,0.6437125748502994,0.5104790419161677,296851.2006,True,0.010479041916167664,False
2025-09-18,101.22441208437115,128.6962910751784,89.17835547216504,187.48079297118534,371088.3915,0.1467065868263473,0.23952095808383234,0.19311377245508982,296851.2006,True,0.3068862275449102,False
2025-09-19,173.98371765484103,207.63858628440192,127.74861421743178,241.27436106233824,355114.64489999996,0.7514970059880239,0.45808383233532934,0.6047904191616766,296851.2006,True,0.10479041916167664,False
2025-09-20,167.49303042283563,217.0973988685632,136.02829582707116,245.82746869903605,358111.76340000005,0.7844311377245509,0.47604790419161674,0.6302395209580838,296851.2006,True,0.13023952095808378,False
2025-09-21,141.32708396951065,179.87535724103645,173.58892784165045,330.4121017234885,375448.773,0.5868263473053892,0.7395209580838323,0.6631736526946108,296851.2006,True,0.16317365269461082,False
2025-09-22,148.61272012559292,181.36472471714004,63.67236853664862,114.22382575310992,363624.1311,0.5988023952095808,0.029940119760479042,0.3143712574850299,296851.2006,True,0.18562874251497008,False
2025-09-23,162.4700311212252,194.72632360756248,118.55824473129223,230.67486662222512,354393.9945,0.6736526946107785,0.39820359281437123,0.5359281437125749,296851.2006,True,0.03592814371257491,False
2025-09-24,162.3403608902637,199.6205101741915,110.34429752133873,187.2825750786164,359705.8099,0.7215568862275449,0.23652694610778444,0.47904191616766467,296851.2006,True,0.020958083832335328,False
2025-09-25,229.52241316013513,272.1175911139795,91.92212966775446,165.64749114595548,361265.3895,0.9011976047904192,0.16766467065868262,0.534431137724551,296851.2006,True,0.034431137724550975,False
2025-09-26,268.9423729717105,302.57480734703825,144.6041108690537,303.96986769804295,339000.66130000004,0.9341317365269461,0.6736526946107785,0.8038922155688624,296851.2006,True,0.30389221556886237,False
2025-09-27,195.63544468253343,240.93441575108147,192.70333780157458,329.4952800584184,348866.817,0.8562874251497006,0.7365269461077845,0.7964071856287425,296851.2006,True,0.29640718562874246,False
2025-09-28,193.87922848169927,231.02879465918548,106.67717172968679,190.24595574096273,341411.9425,0.8323353293413174,0.24550898203592814,0.5389221556886228,296851.2006,True,0.038922155688622784,False
2025-09-29,183.7175565031024,224.87531884330448,73.21663715686317,153.7424621299408,350109.1392,0.8173652694610778,0.12574850299401197,0.4715568862275449,296851.2006,True,0.02844311377245512,False
2025-09-30,140.14846531047834,178.05477059625528,148.66123075656512,264.7590378137222,332965.6818,0.5778443113772455,0.5718562874251497,0.5748502994011976,296851.2006,True,0.07485029940119758,False
2025-10-01,198.10454790815064,244.645179675363,455.4510238338211,814.7050197751296,405341.59910000005,0.8652694610778443,1.0,0.9326347305389222,296851.2006,True,0.4326347305389222,False
2025-10-02,154.79110410706534,188.66420943652028,191.71277703470807,358.7290909557268,393005.56,0.6347305389221557,0.7994011976047904,0.7170658682634731,296851.2006,True,0.21706586826347307,False
2025-10-03,138.30082791149368,172.24172914163393,76.54017562002657,151.85617039220747,382242.2246,0.5329341317365269,0.11676646706586827,0.3248502994011976,296851.2006,True,0.17514970059880242,False
2025-10-04,128.02506028932783,157.59483573271453,247.86185967428264,414.0747105548658,355808.5944,0.44011976047904194,0.8862275449101796,0.6631736526946108,296851.2006,True,0.16317365269461082,False
2025-10-05,134.49522213497642,171.33622133222306,65.2710264360282,119.95243679680445,377210.759,0.5239520958083832,0.038922155688622756,0.281437125748503,296851.2006,True,0.218562874251497,False
2025-10-06,139.51206500599054,171.62963449929143,105.42049472535695,209.63429993234246,360978.1613,0.5269461077844312,0.3083832335329341,0.4176646706586826,296851.2006,True,0.08233532934131738,False
2025-10-07,126.28004378367407,164.28385176076176,95.39133970424245,174.26350403985626,357513.6938,0.48502994011976047,0.18862275449101795,0.3368263473053892,296851.2006,True,0.16317365269461082,False
2025-10-08,115.87501602110706,142.5436319698697,115.36529699317288,228.68325635272015,365475.4001,0.344311377245509,0.38922155688622756,0.36676646706586824,296851.2006,True,0.13323353293413176,False
2025-10-09,136.24535790885,165.58005908990935,130.95090175864945,245.90150826470688,370038.0483,0.5,0.47904191616766467,0.48952095808383234,296851.2006,True,0.010479041916167664,False
2025-10-10,141.21098959007537,173.21748855447476,155.05577893304013,327.4165453028665,378167.5152,0.5389221556886228,0.7275449101796407,0.6332335329341318,296851.2006,True,0.13323353293413176,False
2025-10-11,106.81388455915112,134.23558808216512,166.48401679009424,294.272306732097,346107.907,0.23053892215568864,0.655688622754491,0.4431137724550898,296851.2006,True,0.056886227544910184,False
2025-10-12,113.57368104826253,138.1912641214445,119.09982048185172,232.14193330961933,355166.5692,0.2964071856287425,0.4041916167664671,0.35029940119760483,296851.2006,True,0.14970059880239517,False
2025-10-13,88.23578943599605,110.87815944531708,107.30242776158615,229.42800941254237,363902.15119999996,0.017964071856287425,0.39221556886227543,0.20508982035928142,296851.2006,True,0.2949101796407186,False
2025-10-14,92.18290098393989,114.70728995239563,108.33943073492013,183.3608307421248,343550.3994,0.03293413173652695,0.2215568862275449,0.12724550898203593,296851.2006,True,0.3727544910179641,False
2025-10-15,110.09554652340755,136.2704647527172,149.03838628176513,288.7247149703545,332534.7427,0.26646706586826346,0.6377245508982036,0.4520958083832335,296851.2006,True,0.04790419161676651,False
2025-10-16,124.5014485078421,154.2839495235501,150.05645866496258,284.39840860182875,328600.8203,0.4221556886227545,0.6227544910179641,0.5224550898203593,296851.2006,True,0.022455089820359264,False
2025-10-17,101.56979342240302,127.35895642867598,67.35112520537024,131.75900234427795,335633.8393,0.12874251497005987,0.0658682634730539,0.09730538922155688,296851.2006,True,0.40269461077844315,False
2025-10-18,103.53978966264069,128.4451862718273,80.918369985647,152.01390111006864,333480.64910000004,0.1437125748502994,0.11976047904191617,0.13173652694610777,296851.2006,True,0.36826347305389223,False
2025-10-19,107.36082733593894,133.654877190388,113.15739659143632,208.3744230423542,324633.1491,0.218562874251497,0.3023952095808383,0.26047904191616766,296851.2006,True,0.23952095808383234,False
2025-10-20,96.9686634580243,121.79724317189181,130.4924927484429,261.82633740178187,320775.21770000004,0.0718562874251497,0.5568862275449101,0.3143712574850299,296851.2006,True,0.18562874251497008,False
2025-10-21,96.69796562019138,119.31810224738011,135.764155158669,235.78732318145282,308029.6058,0.05089820359281437,0.4311377245508982,0.2410179640718563,296851.2006,True,0.25898203592814373,False
2025-10-22,116.3174655264674,153.86416528990281,131.91468120243124,260.38748624609553,312702.539,0.4161676646706587,0.5419161676646707,0.47904191616766467,296851.2006,True,0.020958083832335328,False
2025-10-23,112.88872843040417,140.8786356869643,115.49387403301509,246.36716339258703,322995.1109,0.3323353293413174,0.48502994011976047,0.4086826347305389,296851.2006,True,0.0913173652694611,False
2025-10-24,120.29148884593843,152.94887956516632,101.13539549622536,182.06747546490502,322292.80689999997,0.40718562874251496,0.2155688622754491,0.31137724550898205,296851.2006,True,0.18862275449101795,False
2025-10-25,126.66054811905254,156.6052846857347,88.17156698331348,163.55062176385815,315866.1256,0.4311377245508982,0.15568862275449102,0.2934131736526946,296851.2006,True,0.2065868263473054,False
2025-10-26,98.84849873405872,127.12821008327131,66.27089384619231,138.54844587791692,317268.194,0.11676646706586827,0.08083832335329341,0.09880239520958084,296851.2006,True,0.40119760479041916,False
2025-10-27,114.09520126910303,139.4731278955813,179.42769960184802,339.6471777291341,325427.8959,0.3083832335329341,0.7604790419161677,0.5344311377245509,296851.2006,True,0.034431137724550864,False
2025-10-28,114.89817383718709,142.09539862210465,90.58613770453118,185.97703953414452,309250.3386,0.3413173652694611,0.23353293413173654,0.28742514970059885,296851.2006,True,0.21257485029940115,False
2025-10-29,127.81450289299268,158.62585416646405,185.08455024323723,370.836976879579,290456.1463,0.44610778443113774,0.8203592814371258,0.6332335329341318,296851.2006,False,,False
2025-10-30,137.56410434518426,169.18562641129807,90.46423033394029,181.48905266228698,312769.5175,0.5149700598802395,0.20958083832335328,0.3622754491017964,296851.2006,True,0.13772455089820362,False
2025-10-31,116.62852474165048,144.85866024752417,133.3714848376067,257.26137059924633,287068.1818,0.3592814371257485,0.5269461077844312,0.44311377245508987,296851.2006,False,,False
2025-11-01,106.95779965499898,135.68409631835883,53.576880382647964,101.69316594983476,296581.0263,0.25449101796407186,0.014970059880239521,0.1347305389221557,296851.2006,False,,False
2025-11-02,107.69254155836897,141.39273251446417,72.64218754578516,135.983363755244,294281.1143,0.33532934131736525,0.0718562874251497,0.20359281437125748,296851.2006,False,,False
2025-11-03,100.16316015280634,125.73664885844696,111.13318284463523,206.9580874801848,289823.9085,0.09880239520958084,0.2934131736526946,0.19610778443113772,296851.2006,False,,False
2025-11-04,132.29406350835063,160.3459993850171,102.78995253918319,223.76928743690107,298899.23219999997,0.46407185628742514,0.36227544910179643,0.4131736526946108,296851.2006,True,0.08682634730538918,False
2025-11-05,106.71188197329273,134.74895241804896,66.75890510170912,121.3684683943495,288518.3253,0.23952095808383234,0.04790419161676647,0.1437125748502994,296851.2006,False,,False
2025-11-06,109.06397328953979,129.38179627308784,145.99560255508277,265.3387353800088,278061.0575,0.15868263473053892,0.5748502994011976,0.36676646706586824,296851.2006,False,,False
2025-11-07,108.18783340474161,130.98212106145337,157.52098807478168,275.38568974555693,293363.50130000006,0.17964071856287425,0.6017964071856288,0.3907185628742515,296851.2006,False,,False
2025-11-08,95.59107239771978,124.51797723593782,52.54851619036528,97.88493220941291,289461.9583,0.09281437125748503,0.011976047904191617,0.05239520958083832,296851.2006,False,,False
2025-11-09,105.89075687448323,131.85374989703442,104.49941586579547,209.8666233680545,279185.11789999995,0.19161676646706588,0.31137724550898205,0.25149700598802394,296851.2006,False,,False
2025-11-10,100.62381419788544,127.18247383953805,134.34623910010507,235.74468783089847,267369.958,0.11976047904191617,0.4281437125748503,0.2739520958083832,296851.2006,False,,False
2025-11-11,93.24256704540254,110.36092084300299,62.00779521386039,122.68673819521842,278393.0867,0.011976047904191617,0.05389221556886228,0.03293413173652695,296851.2006,False,,False
2025-11-12,102.1524405296383,129.860638124663,91.23646675875173,184.46502626371728,278764.3565,0.16467065868263472,0.2275449101796407,0.19610778443113772,296851.2006,False,,False
2025-11-13,105.39320014841284,128.73311875507852,113.23285758026174,226.5755068243387,272305.4157,0.1497005988023952,0.38023952095808383,0.26497005988023953,296851.2006,False,,False
2025-11-14,91.37164777683546,114.63342073533848,88.76435846402687,178.70367580624787,264836.62679999997,0.029940119760479042,0.20658682634730538,0.1182634730538922,296851.2006,False,,False
2025-11-15,91.80713334674653,114.75503198301597,55.0212343774232,111.53881414527753,265530.5394,0.03592814371257485,0.02694610778443114,0.03143712574850299,296851.2006,False,,False
2025-11-16,111.83919872802113,140.5624140135232,86.19769432233527,191.66359857899502,263554.35510000004,0.31736526946107785,0.25748502994011974,0.2874251497005988,296851.2006,False,,False
2025-11-17,112.25324590758552,137.50316583146468,76.15128746460488,147.3008771594607,267443.73789999995,0.281437125748503,0.09880239520958084,0.19011976047904192,296851.2006,False,,False
2025-11-18,101.82928106969811,131.00283815061533,101.78612380286783,218.98756440433522,257358.808,0.18263473053892215,0.3502994011976048,0.26646706586826346,296851.2006,False,,False
2025-11-19,103.80761500940045,126.83280788187456,71.17854384227121,142.0608480453994,256868.3385,0.11377245508982035,0.09580838323353294,0.10479041916167664,296851.2006,False,,False
2025-11-20,98.23364157980383,117.25036315780218,87.94629276469175,170.2054408161806,258320.28720000002,0.04491017964071856,0.17964071856287425,0.1122754491017964,296851.2006,False,,False
2025-11-21,96.29191050101676,122.46089557568835,63.82487514938735,132.2972478790158,258808.7582,0.08083832335329341,0.0688622754491018,0.07485029940119761,296851.2006,False,,False
2025-11-22,94.1731324907138,112.73319479842854,63.51293698822829,130.87151659245342,253980.4839,0.020958083832335328,0.06287425149700598,0.041916167664670656,296851.2006,False,,False
2025-11-23,93.05959999592015,115.43894940998,136.1303671624047,247.13797104220308,255303.5755,0.041916167664670656,0.4880239520958084,0.26497005988023953,296851.2006,False,,False
2025-11-24,95.62445150906024,117.46772172110039,102.0982648393909,210.9197789699446,262882.4647,0.04790419161676647,0.3143712574850299,0.1811377245508982,296851.2006,False,,False
2025-11-25,101.13462904588411,127.41910101708858,74.22852005536089,141.52662825001923,249082.3905,0.1317365269461078,0.09281437125748503,0.1122754491017964,296851.2006,False,,False
2025-11-26,109.78624515101762,133.19266161368154,71.97787273156077,151.2745105470383,245572.6191,0.20958083832335328,0.11377245508982035,0.16167664670658682,296851.2006,False,,False
2025-11-27,82.5947780616495,107.32911044836791,80.74360477849054,152.5799275800389,248503.49349999998,0.008982035928143712,0.12275449101796407,0.06586826347305388,296851.2006,False,,False
2025-11-28,101.21872298175145,127.32436958749022,59.738437078352135,111.07727998548619,247906.69640000002,0.12574850299401197,0.023952095808383235,0.0748502994011976,296851.2006,False,,False
2025-11-29,108.8228558852034,133.40418608055765,166.84057696714027,351.10468583806596,223360.4987,0.2125748502994012,0.7754491017964071,0.49401197604790414,296851.2006,False,,False
2025-11-30,109.95617406407837,137.64876989856933,79.26264520121825,161.26851869542685,226584.0379,0.2874251497005988,0.1497005988023952,0.218562874251497,296851.2006,False,,False
2025-12-01,337.8620947406304,406.4066641852416,80.28341821703152,191.6170397125619,233954.78340000001,0.9730538922155688,0.25149700598802394,0.6122754491017963,296851.2006,False,,False
2025-12-02,249.6341932841054,309.7638620940668,74.62754409764082,160.07344101830637,220576.88189999998,0.937125748502994,0.1437125748502994,0.5404191616766467,296851.2006,False,,False
2025-12-03,198.8444504459271,242.4496087375478,76.87495133806163,167.8113630077854,224761.0954,0.8622754491017964,0.17365269461077845,0.5179640718562875,296851.2006,False,,False
2025-12-04,201.3357024928947,249.84831092650455,80.70266638615662,171.70291933673013,231390.25320000004,0.874251497005988,0.18263473053892215,0.5284431137724551,296851.2006,False,,False
2025-12-05,172.72529896783487,208.34825898150783,68.38662791213304,139.7495394306601,225338.6604,0.7634730538922155,0.08982035928143713,0.42664670658682635,296851.2006,False,,False
2025-12-06,159.43481419309603,196.60189576632945,92.10244692093289,204.70401547066032,214837.142,0.6916167664670658,0.281437125748503,0.4865269461077844,296851.2006,False,,False
2025-12-07,151.8253637296936,189.05994081111484,65.56739562945944,120.65013154123574,224488.69,0.6377245508982036,0.04491017964071856,0.34131736526946105,296851.2006,False,,False
2025-12-08,257.0557066611318,295.689766645196,72.76512105491426,151.04829274740877,219378.85689999998,0.9221556886227545,0.11077844311377245,0.5164670658682635,296851.2006,False,,False
2025-12-09,207.4639860854797,246.69393508847264,83.69138312653656,168.84733445718916,223837.3609,0.8712574850299402,0.17664670658682635,0.5239520958083832,296851.2006,False,,False
2025-12-10,183.58614899898146,226.307191307745,80.58773100462174,164.58909593774067,215946.8763,0.8203592814371258,0.16467065868263472,0.49251497005988026,296851.2006,False,,False
2025-12-11,175.7454987835269,215.08037376687662,83.21681019839178,176.95664809375768,226959.26559999998,0.7724550898203593,0.19760479041916168,0.48502994011976047,296851.2006,False,,False
2025-12-12,167.49077593928712,206.82895598262166,109.90179206620284,235.20438092605133,209683.74120000002,0.7485029940119761,0.4221556886227545,0.5853293413173652,296851.2006,False,,False
2025-12-13,125.4632112146006,157.1388405786361,73.15068806750412,147.54081826639975,210249.745,0.437125748502994,0.10179640718562874,0.2694610778443114,296851.2006,False,,False
2025-12-14,120.54642036218462,151.50775880557438,45.33768569120676,96.03362937514906,214463.1843,0.40119760479041916,0.008982035928143712,0.20508982035928144,296851.2006,False,,False
2025-12-15,171.5245138407762,200.02711522202029,64.07957666526939,137.01361180168786,209014.0051,0.7245508982035929,0.0748502994011976,0.3997005988023952,296851.2006,False,,False
2025-12-16,129.25970345525937,157.0053810866953,49.638719867605765,103.05580092771928,211373.11229999998,0.4341317365269461,0.017964071856287425,0.22604790419161674,296851.2006,False,,False
2025-12-17,103.25545384292772,130.10588586820177,56.28908903126214,123.61436509363956,217648.2455,0.17065868263473055,0.05688622754491018,0.11377245508982037,296851.2006,False,,False
2025-12-18,121.09428763212674,155.44471227280775,97.21308181234927,234.2641615926337,221694.5538,0.4281437125748503,0.41317365269461076,0.4206586826347305,296851.2006,False,,False
2025-12-19,105.5916429040156,135.28503220919296,82.34638951851838,164.4663909301453,214109.6048,0.24550898203592814,0.16167664670658682,0.20359281437125748,296851.2006,False,,False
2025-12-20,106.49290873062522,134.20730637006827,65.13077136973506,122.66270084192753,214873.0072,0.2275449101796407,0.05089820359281437,0.13922155688622753,296851.2006,False,,False
2025-12-21,148.49199254815196,187.58178996767023,81.32004068952041,175.35872297514163,212031.9546,0.6287425149700598,0.19461077844311378,0.4116766467065868,296851.2006,False,,False
2025-12-22,125.00827943326411,150.34217412399636,38.4784297854742,75.11982483531519,214686.1604,0.39221556886227543,0.0029940119760479044,0.19760479041916168,296851.2006,False,,False
2025-12-23,120.92982116349994,149.11492212903443,52.637352808156805,108.79178287421382,220191.37219999998,0.38323353293413176,0.020958083832335328,0.20209580838323354,296851.2006,False,,False
2025-12-24,139.79427165081006,173.7948321245676,74.16229139603986,157.3288119542498,216598.8718,0.5479041916167665,0.1347305389221557,0.3413173652694611,296851.2006,False,,False
2025-12-25,159.38553641672405,198.99542128674403,55.8769251820103,128.54864458983434,215864.45620000002,0.718562874251497,0.059880239520958084,0.38922155688622756,296851.2006,False,,False
2025-12-26,138.68969095877884,166.392229213182,81.49904539897314,173.97290564271066,211576.1113,0.5029940119760479,0.18562874251497005,0.344311377245509,296851.2006,False,,False
2025-12-27,155.2606795381848,197.97769033457857,56.101036793258245,114.62563013986869,210422.24920000002,0.6976047904191617,0.03293413173652695,0.3652694610778443,296851.2006,False,,False
2025-12-28,142.38944719072177,176.36170904068516,74.9600088171089,167.02649605421138,220212.09000000003,0.5688622754491018,0.17065868263473055,0.3697604790419162,296851.2006,False,,False
2025-12-29,166.5599215143398,207.8750322081955,67.43031497745083,139.5413788439889,216921.24070000002,0.7604790419161677,0.08682634730538923,0.4236526946107784,296851.2006,False,,False
2025-12-30,137.15663930589005,164.37116702119565,100.6799173792954,208.13917941298473,223812.6387,0.4880239520958084,0.2994011976047904,0.3937125748502994,296851.2006,False,,False
2025-12-31,159.49209003665405,198.15064266013488,77.34988474973612,160.43037326978626,210871.69289999997,0.7005988023952096,0.1467065868263473,0.4236526946107784,296851.2006,False,,False
