strategy,date,soc_start_kwh,soc_end_kwh,planned_purchase_kwh,planned_cost_yuan,expected_emergency_cost_yuan,safety_quantile,safety_scenario_positive_net_kwh,actual_emergency_kwh,actual_emergency_cost_yuan,actual_emergency_intervals,spill_kwh,rolling_lp_calls,total_cost_yuan,day_price_min,day_price_max,day_price_mean
dynamic_greedy,2025-02-01,1807.9369406476267,2095.8127771415684,43240.60176036408,17974.62848087647,488.0839539821435,0.8,47553.91881453118,0.0,0.0,0,4442.107305172618,0,17974.62848087647,0.2537,1.1766,0.6514930555555556
dynamic_greedy,2025-02-02,2095.8127771415684,1786.3529134017763,88161.5892520341,61781.636375103284,9192.390118532265,0.8,84713.00875854935,0.0,0.0,0,6000.669862662711,0,61781.636375103284,0.3697,1.3998,0.8363881944444445
dynamic_greedy,2025-02-03,1786.3529134017763,1418.7978095019416,86503.31097098568,61457.8163373861,3982.7501049176594,0.8,82692.76180332477,0.0,0.0,0,2578.0412577098714,0,61457.8163373861,0.3709,1.3447,0.8447902777777778
dynamic_greedy,2025-02-04,1418.7978095019416,1449.8772089380263,86673.7769925889,61364.53810530326,1023.3185934762623,0.8,82383.05770033956,0.0,0.0,0,855.7845350961987,0,61364.53810530326,0.381,1.3987,0.8491895833333333
dynamic_greedy,2025-02-05,1449.8772089380263,1235.9525739652295,86221.97459310257,61047.40832521522,4191.170828183611,0.8,81698.03425805247,4.349482055352155,30.115813751258322,1,939.295569205221,0,61077.52413896648,0.3423,1.3848,0.8482541666666665
dynamic_greedy,2025-02-06,1235.9525739652295,1581.7970794254713,86650.63013730553,61432.44380039496,3839.9141213609837,0.8,81806.03625655739,0.0,0.0,0,1655.4921275770507,0,61432.44380039496,0.3228,1.447,0.8439645833333334
dynamic_greedy,2025-02-07,1581.7970794254713,1254.595989804307,41836.513144569166,17139.493255423444,13.850291181501756,0.8,45813.85584915299,0.0,0.0,0,6033.674176140054,0,17139.493255423444,0.2631,1.2102,0.6440388888888888
dynamic_greedy,2025-02-08,1254.595989804307,1234.3604017016469,36862.49487154128,14961.166831605853,639.2903415994991,0.8,43008.051111069326,266.7490121845149,1130.7219200665195,2,1598.1991782785917,0,16091.888751672373,0.2752,1.1675,0.642351388888889
dynamic_greedy,2025-02-09,1234.3604017016469,1200.0,81313.60830899369,56504.037140973065,680.2517202019538,0.8,77483.94932172308,2461.573153894653,15021.899556548075,10,85.9084136227948,0,71525.93669752115,0.3001,1.3378,0.8413840277777778
dynamic_greedy,2025-02-10,1200.0,1200.0,82665.53852707866,56220.35245983717,970.6234229936832,0.8,78387.47227234556,34.56667784771844,83.28841027407758,1,4243.190085425202,0,56303.64087011125,0.3637,1.352,0.8180638888888889
dynamic_greedy,2025-02-11,1200.0,1282.8433297290096,81539.53832657902,55744.26418153193,1274.2673276648973,0.8,77240.60694329128,0.0,0.0,0,1949.7345170056644,0,55744.26418153193,0.36,1.343,0.8284923611111111
dynamic_greedy,2025-02-12,1282.8433297290096,1200.0,82016.80140339996,55451.854824644615,401.6050086270637,0.8,77654.30195022537,224.51427789923918,824.1757278770815,11,2686.5055254505905,0,56276.0305525217,0.3727,1.3314,0.8264243055555556
dynamic_greedy,2025-02-13,1200.0,1410.138984669777,80175.4721416692,53583.42089443565,608.536680290006,0.8,75926.46486621138,35.035006690768455,80.3002353352413,1,4341.5681753929875,0,53663.72112977089,0.3026,1.3496,0.8147909722222221
dynamic_greedy,2025-02-14,1410.138984669777,1237.5639805290616,35788.47037363035,14541.706277288908,61.81479335680034,0.8,42451.66201278616,165.09309898130658,722.1134127097084,3,2213.5792509498124,0,15263.819689998616,0.2247,1.1609,0.6311
dynamic_greedy,2025-02-15,1237.5639805290616,1200.0,35086.50428228239,14706.769516382508,123.64895337368311,0.8,41678.101146444256,604.6606480417059,2584.3293620166337,9,2722.3892584564114,0,17291.09887839914,0.2846,1.1564,0.6378472222222222
dynamic_greedy,2025-02-16,1200.0,1222.9527368111223,79065.73634519993,53106.07115032789,580.6142674121887,0.8,75059.10014476607,1091.8354949301608,6064.739229587546,9,86.7330846372738,0,59170.810379915434,0.34,1.3733,0.8303222222222222
dynamic_greedy,2025-02-17,1222.9527368111223,1578.7857068265323,82301.09982757003,55617.9923785655,41.49012305339291,0.8,77925.11838001429,0.0,0.0,0,6850.285236993339,0,55617.9923785655,0.3597,1.3221,0.8173527777777777
dynamic_greedy,2025-02-18,1578.7857068265323,1913.6829145854385,80470.10269279058,53423.33397576249,28.080865551707944,0.8,76928.77923139592,0.0,0.0,0,3856.7715702343494,0,53423.33397576249,0.3707,1.3605,0.8145215277777778
dynamic_greedy,2025-02-19,1913.6829145854385,1682.4824988322166,80246.43670326269,52947.463819290606,65.35831322113674,0.8,77004.523294394,34.02371622951193,184.5446368288727,1,2981.5265474450503,0,53132.00845611948,0.3736,1.3304,0.8164298611111112
dynamic_greedy,2025-02-20,1682.4824988322166,2088.568618878397,80343.53079346719,54094.467069648745,52.50512776181258,0.8,76569.6225544789,0.0,0.0,0,4771.936538090611,0,54094.467069648745,0.3079,1.3465,0.8168069444444445
dynamic_greedy,2025-02-21,2088.568618878397,2065.4315207525688,35931.89858962981,15058.940371479372,200.70733715304263,0.8,43555.62574897047,0.0,0.0,0,6640.171504519816,0,15058.940371479372,0.2473,1.1504,0.62085
dynamic_greedy,2025-02-22,2065.4315207525688,1759.1362434036296,35166.61204443327,14771.94200580932,216.30834144400114,0.8,42487.71442247231,0.0,0.0,0,3804.763694407269,0,14771.94200580932,0.2472,1.2217,0.6352840277777778
dynamic_greedy,2025-02-23,1759.1362434036296,2029.8555065751643,78400.8721772349,52196.00569780216,768.1779476827594,0.8,75040.40175963215,0.0,0.0,0,2452.092681366323,0,52196.00569780216,0.3868,1.375,0.8153784722222223
dynamic_greedy,2025-02-24,2029.8555065751643,2445.3981680459856,79565.86318155545,52780.54631135384,173.40251409250126,0.8,76295.01439898006,0.0,0.0,0,6908.12863486354,0,52780.54631135384,0.3649,1.3842,0.8082493055555555
dynamic_greedy,2025-02-25,2445.3981680459856,2324.2438185463925,75805.49501415889,50095.77141622448,500.5859070260003,0.8,74463.3916437393,0.0,0.0,0,6548.678757125757,0,50095.77141622448,0.3725,1.3107,0.7940965277777778
dynamic_greedy,2025-02-26,2324.2438185463925,2318.317630184685,74311.4160523177,48948.345973316,1084.8765249993955,0.8,73625.98405277648,0.0,0.0,0,1283.15406258536,0,48948.345973316,0.3378,1.3369,0.8055381944444444
dynamic_greedy,2025-02-27,2318.317630184685,2335.107606599188,72406.37375747292,47011.26669174092,484.4059089626724,0.8,72791.80370296696,222.32117723198252,1145.0991630825488,3,1469.734227203373,0,48156.365854823474,0.3235,1.3501,0.7979118055555556
dynamic_greedy,2025-02-28,2335.107606599188,2157.1982278421183,33972.03645925755,13992.436913822658,368.11231958599666,0.8,42128.885999887505,0.0,0.0,0,7361.618945748834,0,13992.436913822658,0.2409,1.1629,0.6166784722222222
dynamic_greedy,2025-03-01,2157.1982278421183,2196.4084182148663,34188.98759038377,14059.535970986853,82.58729141166377,0.8,41893.665932812604,0.0,0.0,0,6972.663948404066,0,14059.535970986853,0.2405,1.1576,0.6142222222222222
dynamic_greedy,2025-03-02,2196.4084182148663,1258.0447887617977,74266.7099860457,48463.11648955518,450.61411396309734,0.8,71698.70219044424,2101.5277609770997,13198.883131400456,10,524.2516462072417,0,61661.999620955634,0.3093,1.3111,0.8122930555555556
dynamic_greedy,2025-03-03,1258.0447887617977,1238.659959481561,76779.05641857108,50444.57947532913,1148.5295569081657,0.8,73119.91377819286,148.7596038300277,562.8498127324833,7,431.20099218760004,0,51007.42928806161,0.3264,1.3164,0.81185
dynamic_greedy,2025-03-04,1238.659959481561,1583.7446532295514,77773.8374443861,51153.09436899081,781.4562115789329,0.8,73953.6638944705,0.0,0.0,0,4028.7620117212887,0,51153.09436899081,0.3381,1.3441,0.8006277777777778
dynamic_greedy,2025-03-05,1583.7446532295514,1665.5687791937787,76628.5300271278,49484.665618969935,1018.8339178698345,0.8,73456.86248204269,0.0,0.0,0,6556.157695408419,0,49484.665618969935,0.3644,1.3305,0.7945006944444444
dynamic_greedy,2025-03-06,1665.5687791937787,1203.8454015607979,73315.86939904976,47369.7353623767,1082.5124592395225,0.8,70664.66584073886,0.0,0.0,0,3699.8704128222357,0,47369.7353623767,0.3327,1.3434,0.7918569444444444
dynamic_greedy,2025-03-07,1203.8454015607979,1200.0,31413.93976880214,12504.859471703592,354.7222839208367,0.8,38276.459900236965,144.53816247187763,249.16729432346568,5,7208.159955086579,0,12754.026766027058,0.1545,1.1883,0.6085013888888889
dynamic_greedy,2025-03-08,1200.0,1424.7701695032579,31243.469771039076,12451.110264715286,169.66707611474558,0.8,38142.630865118226,557.2493052457747,1767.354661863142,5,8854.37375749221,0,14218.464926578428,0.21,1.1729,0.5972631944444444
dynamic_greedy,2025-03-09,1424.7701695032579,1312.5874774828762,72356.2982827464,45690.12734264691,156.47452338929602,0.8,69007.71544333055,0.0,0.0,0,5061.6984952040875,0,45690.12734264691,0.3641,1.3356,0.7838090277777777
dynamic_greedy,2025-03-10,1312.5874774828762,1200.0,66891.19474529254,43018.78272628627,840.7008802475033,0.8,67239.11170770979,4566.3211023432605,28427.74901254749,16,0.0,0,71446.53173883376,0.3691,1.3308,0.802451388888889
dynamic_greedy,2025-03-11,1200.0,1420.5145583882831,70463.64540763649,44828.21768221358,917.5431075808795,0.8,68355.34090386951,17.434451716911166,38.652179456392055,1,2357.436909140131,0,44866.86986166997,0.3822,1.3372,0.7893930555555556
dynamic_greedy,2025-03-12,1420.5145583882831,1200.0,69766.27835529858,43609.25726928799,880.2948807809677,0.8,67761.38360594961,183.37881510408118,397.7603124475254,3,3549.097347133622,0,44007.01758173552,0.35,1.3485,0.7801680555555556
dynamic_greedy,2025-03-13,1200.0,1200.0,70040.77604741056,44592.68451260621,284.8171798464541,0.8,67878.40017349723,1600.3165458637168,9809.633680561255,12,65.22394955788354,0,54402.31819316746,0.3312,1.3317,0.7996374999999999
dynamic_greedy,2025-03-14,1200.0,1900.1580571945801,31402.49756244997,12053.49739914104,116.71072898208797,0.8,38404.98525463698,0.0,0.0,0,10968.155754422154,0,12053.49739914104,0.1602,1.1955,0.5913868055555556
dynamic_greedy,2025-03-15,1900.1580571945801,1474.583082705778,30417.964603259454,12398.956950969303,123.56202072746737,0.8,38261.98678300966,471.47690797989696,1463.246679814456,4,7026.634600491248,0,13862.203630783759,0.2699,1.1777,0.6047722222222222
dynamic_greedy,2025-03-16,1474.583082705778,1920.4255869673532,72388.21406682953,45609.5547514332,380.83445906660444,0.8,68418.66830826945,0.0,0.0,0,4418.741172523987,0,45609.5547514332,0.3598,1.3095,0.784895138888889
dynamic_greedy,2025-03-17,1920.4255869673532,2270.483119399189,68618.49314459688,42269.567744302316,1288.4248287318828,0.8,67634.29051140242,0.0,0.0,0,6827.004005079401,0,42269.567744302316,0.367,1.3189,0.7601756944444445
dynamic_greedy,2025-03-18,2270.483119399189,2263.304643607086,70002.11525973454,43242.81176763271,24.254103604712196,0.8,67995.45118231329,0.0,0.0,0,4761.377432022464,0,43242.81176763271,0.3707,1.3196,0.7760166666666666
dynamic_greedy,2025-03-19,2263.304643607086,2405.2902465885927,64325.487316267056,39791.14675358012,1446.5964871631052,0.8,66566.23383128116,0.0,0.0,0,499.752659063641,0,39791.14675358012,0.3401,1.3494,0.7718381944444445
dynamic_greedy,2025-03-20,2405.2902465885927,1511.6347287877873,62995.32390713729,39718.921005206685,661.5381345616463,0.8,65862.94476082856,2086.875549838446,13490.756292575894,4,84.01008076854134,0,53209.677297782575,0.2794,1.3228,0.7786381944444444
dynamic_greedy,2025-03-21,1511.6347287877873,1962.0199811357768,31032.930408398082,12188.277850414439,99.67820278999038,0.8,38520.25434195,41.57334009118114,111.34371482945596,2,15100.445838371299,0,12299.621565243895,0.1352,1.1788,0.5702902777777777
dynamic_greedy,2025-03-22,1962.0199811357768,2343.8064394287494,30414.418240958064,11931.462519767134,220.0362172606768,0.8,38251.05296548611,0.0,0.0,0,10575.084995510086,0,11931.462519767134,0.1546,1.1642,0.5873881944444445
dynamic_greedy,2025-03-23,2343.8064394287494,1951.1826285904735,64126.53460971296,39505.51269649714,1231.2325985576495,0.8,65983.2508486485,0.0,0.0,0,1595.6703995535622,0,39505.51269649714,0.3404,1.3289,0.7671784722222222
dynamic_greedy,2025-03-24,1951.1826285904735,2503.2767916606595,65839.34084567975,40386.33433590036,999.2921838425348,0.8,66199.32528491912,0.0,0.0,0,3041.389673331359,0,40386.33433590036,0.3336,1.3583,0.7674861111111111
dynamic_greedy,2025-03-25,2503.2767916606595,2050.068354555939,66457.3293658485,40758.54243910307,564.0615749362491,0.8,66980.80550167985,0.0,0.0,0,1906.2115563238874,0,40758.54243910307,0.3706,1.3143,0.7712756944444445
dynamic_greedy,2025-03-26,2050.068354555939,2267.1564458967587,65571.73363481459,40108.200866688974,345.12039340279165,0.8,66430.49874968301,0.0,0.0,0,5929.680243316324,0,40108.200866688974,0.3654,1.3062,0.7566111111111112
dynamic_greedy,2025-03-27,2267.1564458967587,2136.651322681793,63800.041061998636,39030.82519611962,341.74545420902734,0.8,65595.02959800042,0.0,0.0,0,1254.955799124422,0,39030.82519611962,0.3125,1.3182,0.7664159722222222
dynamic_greedy,2025-03-28,2136.651322681793,1800.7486337744415,28960.023857365544,11292.930275638473,386.0511820700978,0.8,36898.176135917325,5.186716243491993,18.718858922762603,1,15075.873834807948,0,11311.649134561236,0.1269,1.1837,0.5747680555555555
dynamic_greedy,2025-03-29,1800.7486337744415,2108.9913310678535,29033.32134813257,11635.671007305133,205.02106685960476,0.8,36720.19560251024,106.49495828806565,339.95632470068244,3,18017.16488333333,0,11975.627332005815,0.0913,1.1833,0.5630868055555556
dynamic_greedy,2025-03-30,2108.9913310678535,2368.2218176016922,60071.0696083475,36357.19956151025,685.6302611007796,0.8,64254.78747060582,0.0,0.0,0,285.7476999227175,0,36357.19956151025,0.3471,1.3168,0.7520270833333333
dynamic_greedy,2025-03-31,2368.2218176016922,1467.7213106387596,58994.431982923015,35827.32766645118,944.1082427624985,0.8,63931.15816299685,834.7706901076205,5492.588068213419,3,36.43064265123542,0,41319.915734664595,0.3473,1.3379,0.7607041666666667
dynamic_greedy,2025-04-01,1467.7213106387596,1397.4978500317488,60256.80858093381,37271.42642823119,311.49808170890077,0.8,63025.53958500939,3221.1583883825638,20573.927088172448,9,58.59746115465509,0,57845.353516403644,0.3582,1.3193,0.7731090277777778
dynamic_greedy,2025-04-02,1397.4978500317488,2047.9799356829933,63616.929189669594,38527.501958234905,969.7850894584466,0.8,64044.44112152899,1883.5109856037502,10211.452322780082,11,226.4385898106063,0,48738.95428101499,0.3693,1.3316,0.772320138888889
dynamic_greedy,2025-04-03,2047.9799356829933,1904.2693329364358,67039.23375153157,40901.60862634245,118.78078583327877,0.8,65064.76740708459,0.0,0.0,0,7456.366092134033,0,40901.60862634245,0.3202,1.3867,0.7644638888888888
dynamic_greedy,2025-04-04,1904.2693329364358,1503.3927848241979,27976.92406864901,10793.579836321562,295.07852508888675,0.8,35902.724333982434,0.0,0.0,0,19134.738040755976,0,10793.579836321562,0.0905,1.2001,0.5595027777777778
dynamic_greedy,2025-04-05,1503.3927848241979,1229.0532571848867,28383.51241205892,11087.76397523706,343.49313647363323,0.8,36367.72431710697,0.0,0.0,0,13684.231804239644,0,11087.76397523706,0.1482,1.1736,0.5755284722222221
dynamic_greedy,2025-04-06,1229.0532571848867,2106.1385494357733,65073.612078144695,39147.96921353761,73.19109840395016,0.8,63378.79739287243,0.0,0.0,0,5913.753912136752,0,39147.96921353761,0.3579,1.3107,0.7556868055555556
dynamic_greedy,2025-04-07,2106.1385494357733,1669.908385984613,61043.701587954565,36513.62115714241,1219.876121525163,0.8,63082.960307191366,0.0,0.0,0,4332.359371703707,0,36513.62115714241,0.3671,1.3349,0.7517159722222222
dynamic_greedy,2025-04-08,1669.908385984613,1200.0,63435.27801508239,37132.44395002264,152.30435824847385,0.8,62614.773241182156,719.4663909954613,3059.4411578658105,14,6100.991103779792,0,40191.885107888455,0.3246,1.3574,0.7519159722222222
dynamic_greedy,2025-04-09,1200.0,1200.0,60440.77905085562,36020.22104949517,1197.2457672209089,0.8,63021.88895324268,2529.92162529243,15533.396988771034,13,147.1822437155322,0,51553.618038266206,0.3756,1.321,0.7662708333333333
dynamic_greedy,2025-04-10,1200.0,1459.1510898642575,62236.70716167906,37003.806958337824,881.9828950526862,0.8,63597.86427857856,7.200454902198771,26.807293600886027,1,3457.1415057414156,0,37030.61425193871,0.2828,1.3433,0.7580270833333334
dynamic_greedy,2025-04-11,1459.1510898642575,1224.6943931427459,27884.396580079145,10642.38220955999,141.9753593435044,0.8,35263.23980867149,0.0,0.0,0,19588.20818418662,0,10642.38220955999,0.1092,1.1471,0.5514784722222222
dynamic_greedy,2025-04-12,1224.6943931427459,1308.6771829791628,28556.834960098364,10369.553924862961,139.5366687171873,0.8,35401.21017972659,0.0,0.0,0,16245.8058797394,0,10369.553924862961,0.214,1.1558,0.5638673611111111
dynamic_greedy,2025-04-13,1308.6771829791628,1258.8768720811395,61900.26841580919,36730.26818216815,45.133733419021354,0.8,61226.630033498695,308.03633498075897,1707.4027198179044,5,3945.246482772368,0,38437.67090198605,0.3493,1.3312,0.7562548611111111
dynamic_greedy,2025-04-14,1258.8768720811395,1215.815023724982,56471.53583662554,33453.66293377413,1223.9336454962845,0.8,60561.62932706499,336.30705044928135,1296.784992389265,5,203.53781364378972,0,34750.4479261634,0.3437,1.3446,0.7465972222222221
dynamic_greedy,2025-04-15,1215.815023724982,1420.7516198211185,62580.55038281413,36031.44171772266,17.790637724017873,0.8,61347.60373617039,0.0,0.0,0,8372.204545080933,0,36031.44171772266,0.3275,1.3283,0.738532638888889
dynamic_greedy,2025-04-16,1420.7516198211185,1200.0,56335.33098842357,33833.1514779177,908.557178553071,0.8,60236.283028505364,2623.444732600219,16030.323603639306,17,13.96458452987497,0,49863.47508155701,0.3669,1.364,0.7623541666666667
dynamic_greedy,2025-04-17,1200.0,1362.1336640202028,58393.91526760135,34362.346435592306,909.6272200401497,0.8,60334.27846304122,54.92702413679056,274.5527301477476,1,1443.060242052215,0,34636.899165740055,0.3043,1.3148,0.7477673611111111
dynamic_greedy,2025-04-18,1362.1336640202028,1427.847805586172,26733.540373118463,10089.1570537226,185.6416527657545,0.8,34439.281746883185,0.0,0.0,0,17324.31170304223,0,10089.1570537226,0.1948,1.1711,0.5594201388888889
dynamic_greedy,2025-04-19,1427.847805586172,1200.0,26475.197358420133,10005.02193840169,189.4781587085352,0.8,34315.894382306506,80.00524424240166,152.65000601450237,1,16994.446976019182,0,10157.671944416192,0.1113,1.1659,0.5579763888888889
dynamic_greedy,2025-04-20,1200.0,1212.1959027632213,56902.55281455818,33638.64740680122,664.0843082535747,0.8,60012.59580988272,0.0,0.0,0,1002.6820183789642,0,33638.64740680122,0.3618,1.3046,0.7454388888888889
dynamic_greedy,2025-04-21,1212.1959027632213,1220.9280451950967,55773.14403949416,32667.125344193715,438.1932175156814,0.8,60132.338860531236,366.0433822603667,1083.6909343970865,10,3804.3252867728206,0,33750.8162785908,0.2898,1.3263,0.7339520833333333
dynamic_greedy,2025-04-22,1220.9280451950967,1200.0,55950.561145916115,33420.95793535653,581.6170457041519,0.8,60065.712160524876,232.8796029660161,693.6423758107819,7,236.31427827462107,0,34114.60031116731,0.3534,1.3399,0.7509583333333334
dynamic_greedy,2025-04-23,1200.0,1647.710019370007,56363.647365783414,33554.27546387429,993.8036859474596,0.8,60199.3753437835,106.09584831663157,257.34103529215395,5,692.4016404880678,0,33811.61649916645,0.3289,1.3932,0.7479125
dynamic_greedy,2025-04-24,1647.710019370007,1200.0,55298.62608297993,32791.58221805528,721.9715733410596,0.8,59260.088215359254,150.74198668921764,770.5465327048375,6,4992.557734729186,0,33562.128750760116,0.3044,1.349,0.7361847222222223
dynamic_greedy,2025-04-25,1200.0,1205.67042881007,26051.009916038558,9377.581295508266,87.98149633918578,0.8,33431.19272542305,102.15453580536843,188.37296402509938,1,21019.449214357825,0,9565.954259533364,0.1126,1.1686,0.5406916666666667
dynamic_greedy,2025-04-26,1205.67042881007,1200.0,26310.437453599574,9520.759104308556,69.85781190453008,0.8,33411.92222237015,327.6793356153926,930.8889818989003,4,23281.565604761046,0,10451.648086207457,0.0076,1.196,0.5378048611111111
dynamic_greedy,2025-04-27,1200.0,1231.605617463897,52176.45857540006,30904.061992586103,526.5047750005212,0.8,57810.97153712921,757.3489213555063,4603.141299113862,5,470.6604264394721,0,35507.20329169997,0.272,1.3177,0.7337826388888888
dynamic_greedy,2025-04-28,1231.605617463897,1357.961322865752,52610.12066524389,31446.975535460777,925.6243799171223,0.8,58459.124698158834,6773.351881239469,42895.975371650624,22,35.28650749840676,0,74342.9509071114,0.3592,1.3403,0.7660520833333333
dynamic_greedy,2025-04-29,1357.961322865752,1803.6561871941374,60324.98129280455,34605.79277609222,1149.476457737836,0.8,60579.552806646854,0.0,0.0,0,8845.405122461358,0,34605.79277609222,0.3089,1.3284,0.7303826388888888
dynamic_greedy,2025-04-30,1803.6561871941374,1391.7112305494375,54928.33450459602,32242.160713643243,1693.7779402297924,0.8,59702.834735034485,0.0,0.0,0,3380.728751421601,0,32242.160713643243,0.3282,1.3318,0.7294423611111112
dynamic_greedy,2025-05-01,1391.7112305494375,1200.0,55848.48897787322,33497.545337331925,1937.4059519070593,0.8,58622.49694611253,2771.3602474298987,13755.118330978408,26,3929.9467893178053,0,47252.663668310335,0.2921,1.3606,0.7473263888888889
dynamic_greedy,2025-05-02,1200.0,1200.0,26670.027261853633,10373.415441305522,1169.312351600673,0.8,33768.804603067656,2648.58454165718,11274.682735846432,14,11874.89673318094,0,21648.098177151955,0.2486,1.2187,0.5869513888888889
dynamic_greedy,2025-05-03,1200.0,1200.0,27560.227209002143,10694.816222305319,1067.3102072616462,0.8,34702.44768459712,1466.4319663986803,6164.610139107013,9,17089.367385011596,0,16859.426361412334,0.14,1.2238,0.5698243055555555
dynamic_greedy,2025-05-04,1200.0,1200.0117868431182,62494.94286168182,38247.347375881334,731.1531870585401,0.8,61647.01966859041,404.054354271133,988.9596862139892,13,7768.466550603675,0,39236.30706209532,0.3732,1.3892,0.7461284722222222
dynamic_greedy,2025-05-05,1200.0117868431182,1363.0151248107481,59605.193360769845,36689.29028680745,3536.8206366466475,0.8,62374.84499316374,265.19327873728764,1636.8099647011497,4,608.3359562481202,0,38326.1002515086,0.3375,1.3756,0.7604611111111113
dynamic_greedy,2025-05-06,1363.0151248107481,1382.9643452365622,61247.66992935659,37753.32320729578,1971.57968972748,0.8,62347.71593039326,0.0,0.0,0,4419.570105965345,0,37753.32320729578,0.3324,1.343,0.7532361111111112
dynamic_greedy,2025-05-07,1382.9643452365622,1846.0229799452466,67632.13891305821,41271.225021655046,944.2858434758718,0.8,64533.9033031003,0.0,0.0,0,8417.44228130271,0,41271.225021655046,0.347,1.3712,0.7587291666666667
dynamic_greedy,2025-05-08,1846.0229799452466,2388.9600248304473,60350.35595248304,38179.047115753754,2917.0290925957233,0.8,64924.36558978693,82.43748333333338,572.7872274833337,2,425.46186199933544,0,38751.83434323709,0.3201,1.4134,0.7616590277777777
dynamic_greedy,2025-05-09,2388.9600248304473,3246.1031185352217,30075.564833209217,13156.910694441236,570.573482639453,0.8,38182.42152494228,0.0,0.0,0,18035.64236647515,0,13156.910694441236,0.1705,1.1847,0.5667381944444444
dynamic_greedy,2025-05-10,3246.1031185352217,2611.5441900736514,28614.593608676565,12567.24095178281,222.00549199030752,0.8,37600.783534933784,0.0,0.0,0,14221.20073916298,0,12567.24095178281,0.1241,1.1933,0.5753076388888889
dynamic_greedy,2025-05-11,2611.5441900736514,1548.0888861110063,59801.514979039464,37183.808860650184,928.2301385129397,0.8,63287.3379787314,27.8675915704963,185.663503251795,2,1752.0971257187325,0,37369.47236390198,0.3089,1.3772,0.7607819444444445
dynamic_greedy,2025-05-12,1548.0888861110063,3141.3318277467097,64983.006744563565,40342.21171554199,3544.0408938600317,0.8,65511.65834308957,0.0,0.0,0,8244.42155782994,0,40342.21171554199,0.3229,1.3827,0.7517881944444444
dynamic_greedy,2025-05-13,3141.3318277467097,2828.75910306076,57976.19960751249,35978.800992051896,412.03522228111945,0.8,62401.35888152475,0.0,0.0,0,1414.8373484062176,0,35978.800992051896,0.2841,1.3607,0.7564458333333334
dynamic_greedy,2025-05-14,2828.75910306076,2745.3209727780154,60603.50894488882,37238.550462484156,2959.000175964594,0.8,62791.624049059275,0.0,0.0,0,4374.463465840045,0,37238.550462484156,0.2722,1.3983,0.747551388888889
dynamic_greedy,2025-05-15,2745.3209727780154,2914.254935198074,56816.16404252225,36279.03919040252,1684.5837906073298,0.8,61996.97678153982,0.0,0.0,0,73.12463941715055,0,36279.03919040252,0.3356,1.3271,0.7527770833333334
dynamic_greedy,2025-05-16,2914.254935198074,2358.0578278029493,27440.031286216392,11842.533349931991,524.2908657116542,0.8,36409.628661677176,0.0,0.0,0,22484.92320398562,0,11842.533349931991,0.0992,1.2252,0.5453854166666666
dynamic_greedy,2025-05-17,2358.0578278029493,2139.583670161914,27618.25707175382,11958.063961054397,429.432538693452,0.8,36212.64193261905,4.589190939146784,13.116086085959804,2,14429.49492896796,0,11971.180047140357,0.2134,1.2422,0.5734159722222222
dynamic_greedy,2025-05-18,2139.583670161914,1407.3441886217006,55687.63950264033,35359.92148926573,2289.4109985830987,0.8,61164.528136176974,618.6075081461731,4095.658929597585,3,0.0,0,39455.58041886332,0.377,1.3468,0.75068125
dynamic_greedy,2025-05-19,1407.3441886217006,2556.5092215691157,58391.389175165416,35646.336260758195,684.3892836833339,0.8,61338.05762908058,62.34681110202234,435.08722127546287,1,6160.493453241754,0,36081.42348203366,0.2653,1.3957,0.7317597222222223
dynamic_greedy,2025-05-20,2556.5092215691157,1295.3299089423226,53743.605813845075,33882.15536037272,720.4675658372399,0.8,60435.78038864025,2350.2594869588297,15705.631815612862,5,0.6503295793828556,0,49587.787175985584,0.3146,1.373,0.7565819444444445
dynamic_greedy,2025-05-21,1295.3299089423226,1744.66977542709,56060.06304872451,35210.37426500555,2468.1136346159665,0.8,60353.301748966056,0.0,0.0,0,678.3112821973159,0,35210.37426500555,0.311,1.3612,0.7458243055555555
dynamic_greedy,2025-05-22,1744.66977542709,2834.184419516977,56235.9548381558,35233.0435154764,1793.297095487936,0.8,59982.08357447856,0.0,0.0,0,922.9366860986837,0,35233.0435154764,0.3239,1.3576,0.7461930555555555
dynamic_greedy,2025-05-23,2834.184419516977,2185.6058927647127,25502.135308812463,10586.441003114287,524.052804315001,0.8,34844.908554692236,661.0018933703002,1533.3351187420121,8,17465.65101709095,0,12119.7761218563,0.1593,1.188,0.5569743055555555
dynamic_greedy,2025-05-24,2185.6058927647127,2096.3036637459854,26350.61436221488,11292.20859670615,589.72940067651,0.8,34680.228409349555,165.96233395554674,318.09113502728235,6,20219.80749278815,0,11610.299731733432,0.1275,1.1755,0.553204861111111
dynamic_greedy,2025-05-25,2096.3036637459854,3006.312415056048,54351.39206947942,34471.30107242937,1075.5973902508042,0.8,60007.65238980701,0.0,0.0,0,1267.5688393760263,0,34471.30107242937,0.3608,1.4094,0.7379618055555556
dynamic_greedy,2025-05-26,3006.312415056048,1407.092441402262,54503.917019196706,33693.558155736035,203.32706379849674,0.8,59035.04585666655,1895.3144777950217,12185.506941609208,6,136.53442467707748,0,45879.06509734524,0.3289,1.3799,0.7524722222222222
dynamic_greedy,2025-05-27,1407.092441402262,2331.4416720254053,58761.85604114689,35668.324967287,1467.5294899423632,0.8,59499.933616003414,0.0,0.0,0,4539.0371281551825,0,35668.324967287,0.3312,1.3497,0.7429215277777778
dynamic_greedy,2025-05-28,2331.4416720254053,1399.6094670206307,53277.308597720395,33740.383985805354,1395.417406165037,0.8,59156.90023588878,1522.178451209078,9086.693583221324,9,50.24494117369022,0,42827.077569026675,0.2285,1.3888,0.7512673611111111
dynamic_greedy,2025-05-29,1399.6094670206307,2721.6259523505423,60684.49183839642,37497.13151586837,510.59320309527084,0.8,61510.03987613467,0.0,0.0,0,1540.9364389605366,0,37497.13151586837,0.3164,1.3731,0.7595125
dynamic_greedy,2025-05-30,2721.6259523505423,1817.84611428629,26655.26306995264,11149.38340288151,374.3140782230491,0.8,35293.46762958229,0.0,0.0,0,17900.20107942378,0,11149.38340288151,0.0389,1.2666,0.5609930555555556
dynamic_greedy,2025-05-31,1817.84611428629,2353.414402122676,28780.101930753517,11295.41135202984,583.4094573419018,0.8,36031.66912801709,134.79382811390155,404.0474859069624,4,16330.866363837644,0,11699.458837936802,0.1409,1.2,0.5663548611111112
dynamic_greedy,2025-06-01,2353.414402122676,1200.0,59216.963957900574,39911.93226427243,1821.543246016703,0.8,62254.33102615671,13103.552567247763,78913.43225190986,59,2.606585884826245,0,118825.3645161823,0.3697,1.406,0.8191805555555556
dynamic_greedy,2025-06-02,1200.0,1200.0,66173.34912184323,43566.08617600196,5650.772638973884,0.8,65329.13175070217,7320.167661472733,43850.79749824002,40,1311.4925712276454,0,87416.88367424198,0.3546,1.3869,0.8099458333333333
dynamic_greedy,2025-06-03,1200.0,1200.0,74510.45803642337,50281.61106909151,1540.6956590930222,0.8,70807.49574451402,602.0187242282785,1882.1258625427017,9,2951.254641802913,0,52163.73693163421,0.3586,1.4412,0.806282638888889
dynamic_greedy,2025-06-04,1200.0,1200.0,74518.7074099321,49717.29205801923,3606.5703727287582,0.8,70825.16973656189,1418.5039407375573,5927.203353874292,20,2357.120952626121,0,55644.49541189352,0.3598,1.4185,0.8136590277777778
dynamic_greedy,2025-06-05,1200.0,1389.3254756288484,78333.2630598435,53999.08959504134,4624.819591285022,0.8,72356.45324154352,150.0290880376616,779.6639231081772,7,3131.993787698734,0,54778.75351814952,0.3403,1.4022,0.8220694444444444
dynamic_greedy,2025-06-06,1389.3254756288484,1556.632656581171,36708.565451991344,18146.784177545516,1232.650488031403,0.8,43568.38808429561,1220.1514702710738,7579.525307201462,3,4119.182838900447,0,25726.309484746977,0.2445,1.2673,0.6492826388888889
dynamic_greedy,2025-06-07,1556.632656581171,2253.107890066375,38360.8221660236,19018.962228511024,797.6463279010859,0.8,45511.32808237051,0.0,0.0,0,3508.969556725251,0,19018.962228511024,0.2901,1.2859,0.6502881944444445
dynamic_greedy,2025-06-08,2253.107890066375,3193.797652759106,87083.27343806418,59561.165012919635,1054.9365663079818,0.8,84074.70293916225,0.0,0.0,0,18354.06832841097,0,59561.165012919635,0.3642,1.4164,0.7970791666666668
dynamic_greedy,2025-06-09,3193.797652759106,3116.056257992991,84524.67209609777,59837.32959504762,4880.483638681634,0.8,82678.65187371225,0.0,0.0,0,10294.277023462442,0,59837.32959504762,0.3522,1.4169,0.81925625
dynamic_greedy,2025-06-10,3116.056257992991,3102.5352130736605,81159.08945080088,55961.72713588234,1832.7584481298625,0.8,78702.35890487864,0.0,0.0,0,5711.052972865105,0,55961.72713588234,0.377,1.4372,0.8168180555555556
dynamic_greedy,2025-06-11,3102.5352130736605,1930.764113329902,80141.67077485542,54966.71667923179,1492.9238329107975,0.8,78699.72501411973,753.4506533460296,4482.883580711484,7,1419.800826964865,0,59449.60025994327,0.2889,1.442,0.8316965277777778
dynamic_greedy,2025-06-12,1930.764113329902,2883.610553972551,84192.9628512805,59023.102954910595,3484.619367183058,0.8,80433.51341278767,0.0,0.0,0,6984.542007448119,0,59023.102954910595,0.3069,1.4394,0.8219833333333333
dynamic_greedy,2025-06-13,2883.610553972551,3288.8425575343704,39325.357845878345,20101.62742152127,1722.797303761632,0.8,47398.90851460749,0.0,0.0,0,7990.286159449526,0,20101.62742152127,0.2565,1.298,0.6400291666666666
dynamic_greedy,2025-06-14,3288.8425575343704,3587.677292837117,42113.018267985404,21948.899256797053,766.5243368402155,0.8,51259.19357008981,0.0,0.0,0,12383.657848462542,0,21948.899256797053,0.2585,1.238,0.6368673611111111
dynamic_greedy,2025-06-15,3587.677292837117,2706.8091230859327,79435.49332969644,54912.74391565716,3536.5446155444542,0.8,78044.45488471915,0.0,0.0,0,6208.496930181648,0,54912.74391565716,0.3571,1.4464,0.8178270833333333
dynamic_greedy,2025-06-16,2706.8091230859327,3317.496399163044,80105.33439523636,55844.426645810214,408.37845355890704,0.8,78107.60042917787,2.1066486866175183,14.369450691418093,1,2867.980819370334,0,55858.79609650163,0.3023,1.3988,0.8232416666666666
dynamic_greedy,2025-06-17,3317.496399163044,2776.7937750011433,80249.75308136232,55898.79878351431,5654.494422447805,0.8,78009.7303744972,0.0,0.0,0,1869.346879514367,0,55898.79878351431,0.3465,1.4509,0.8286263888888888
dynamic_greedy,2025-06-18,2776.7937750011433,2348.128230377981,78761.49646544222,54955.57548132023,2958.588455927202,0.8,76537.83465278072,0.0,0.0,0,4785.25805503762,0,54955.57548132023,0.3499,1.4109,0.82005
dynamic_greedy,2025-06-19,2348.128230377981,1953.3353694605871,77363.43305745938,53245.72670647723,1666.6550241968393,0.8,74648.8760129093,16.543796242990197,116.22016860700614,1,5721.031789152647,0,53361.946875084235,0.3554,1.4236,0.8079104166666666
dynamic_greedy,2025-06-20,1953.3353694605871,2240.874377912045,34312.951762372555,17090.164931760206,583.6601071644466,0.8,42617.06317737806,0.0,0.0,0,8771.497979906455,0,17090.164931760206,0.2668,1.2402,0.6213069444444445
dynamic_greedy,2025-06-21,2240.874377912045,1468.7372782895752,31177.21989301605,15247.659910481334,222.03708142700256,0.8,39063.58481381976,1064.7413683395926,2662.3768620339056,16,10864.81408331103,0,17910.03677251524,0.1828,1.2633,0.6095256944444445
dynamic_greedy,2025-06-22,1468.7372782895752,1200.0,71147.20545339023,48012.19415097732,4126.139236941204,0.8,69775.87423973586,325.74919659743375,1620.5323553407466,6,97.58020863533397,0,49632.72650631806,0.3355,1.4122,0.8074916666666668
dynamic_greedy,2025-06-23,1200.0,1281.0798758320407,71869.2835737376,48558.28884357691,1084.6068285187293,0.8,70203.43832088273,0.0,0.0,0,511.2307504093077,0,48558.28884357691,0.3539,1.4023,0.8048722222222222
dynamic_greedy,2025-06-24,1281.0798758320407,1437.6756879501959,70649.07904534269,49549.33935876781,4691.026460969978,0.8,69509.64260682215,8951.046856816614,55621.03996973155,31,6.108745037249491,0,105170.37932849936,0.3611,1.4158,0.8405347222222221
dynamic_greedy,2025-06-25,1437.6756879501959,1200.0,72073.21258457954,48413.74876985612,3345.8408995741133,0.8,70224.4776429662,2261.2389724296754,14407.069896340265,13,392.28289734878786,0,62820.818666196385,0.3384,1.4004,0.8163465277777777
dynamic_greedy,2025-06-26,1200.0,1200.0,73757.79306785767,49035.989266399614,4462.406366429897,0.8,70912.8063828548,428.3976975909155,1905.578362972888,10,2379.450660387391,0,50941.567629372505,0.3376,1.417,0.8059743055555556
dynamic_greedy,2025-06-27,1200.0,1352.6182888992766,31977.48763739154,15402.563254369277,454.6535774714357,0.8,39388.60604442042,245.54275911289156,729.3629402078311,5,9561.271853732365,0,16131.926194577109,0.1708,1.2437,0.6051201388888889
dynamic_greedy,2025-06-28,1352.6182888992766,1317.4752377305658,32510.372443009674,15670.149783066943,702.480400183005,0.8,40392.491294984764,0.0,0.0,0,7899.503267506792,0,15670.149783066943,0.1995,1.2402,0.6229888888888888
dynamic_greedy,2025-06-29,1317.4752377305658,1679.6810523591118,73675.52952565247,50044.35925217795,1412.7269901648724,0.8,71478.77184920081,210.01021163691524,1364.7252238196775,6,266.6828156640612,0,51409.084475997624,0.3508,1.3938,0.8118270833333334
dynamic_greedy,2025-06-30,1679.6810523591118,1506.0358926915237,74589.16780906139,49680.057264321775,5115.118079602873,0.8,72470.79015970694,18.364572153339623,127.55113589102035,1,760.0269586638397,0,49807.6084002128,0.3316,1.4347,0.8101881944444445
dynamic_greedy,2025-07-01,1506.0358926915237,1200.0,75628.70309336332,55152.59323955429,5576.718420810212,0.8,72539.92874307977,7515.565070233595,48794.61945590428,39,879.4670512558669,0,103947.21269545857,0.3868,1.7322,0.8907618055555555
dynamic_greedy,2025-07-02,1200.0,1200.0,79066.15687912091,58442.75067538716,4225.34172770077,0.8,78384.08149538594,1394.046394301202,7472.800247546811,25,4028.6924220587935,0,65915.55092293397,0.4184,1.727,0.8753215277777778
dynamic_greedy,2025-07-03,1200.0,1427.9117994466242,77729.8130332448,59347.94667142081,2077.2936443286258,0.8,77144.25375599321,5174.507203496885,42503.93444463449,15,0.0,0,101851.8811160553,0.3737,1.7936,0.9014361111111112
dynamic_greedy,2025-07-04,1427.9117994466242,1473.0052163509893,41977.77883520819,24440.412608243743,1357.5915416674457,0.8,49127.32147653411,0.0,0.0,0,10174.568929319175,0,24440.412608243743,0.1337,1.5677,0.6903083333333333
dynamic_greedy,2025-07-05,1473.0052163509893,2643.8489657981827,45216.31765566282,25808.817559816496,546.7249334140794,0.8,53101.12903626748,0.0,0.0,0,12268.681546044041,0,25808.817559816496,0.168,1.5334,0.68431875
dynamic_greedy,2025-07-06,2643.8489657981827,1652.1080512284627,80876.71747949201,61376.201281137386,3957.267474453501,0.8,82246.3016854448,1836.2447495964489,15826.525695526969,7,126.84645611103576,0,77202.72697666436,0.4315,1.7731,0.8986708333333334
dynamic_greedy,2025-07-07,1652.1080512284627,4820.569315039752,92590.67326207779,69806.801043543,1926.5132515489247,0.8,91538.61654339056,0.0,0.0,0,12892.514624168347,0,69806.801043543,0.3983,1.7052,0.8773902777777778
dynamic_greedy,2025-07-08,4820.569315039752,5108.378347594099,90385.78000727986,69761.29380653895,3910.2625436762332,0.8,92165.08081332706,0.0,0.0,0,11237.699132555152,0,69761.29380653895,0.3935,1.7507,0.8836034722222222
dynamic_greedy,2025-07-09,5108.378347594099,4513.489932643704,88454.89450986858,67743.00483485268,3362.336517963173,0.8,90739.59548042435,0.0,0.0,0,11775.299469935155,0,67743.00483485268,0.3976,1.7416,0.8791770833333333
dynamic_greedy,2025-07-10,4513.489932643704,3458.7409110007316,84181.98386796453,64192.84638910576,1803.5893882027854,0.8,85899.39331048423,0.0,0.0,0,9184.075447293606,0,64192.84638910576,0.4072,1.7648,0.8775076388888888
dynamic_greedy,2025-07-11,3458.7409110007316,4231.514924681702,48379.257166308525,29218.089843461286,1099.0454705200784,0.8,56826.20429460627,0.0,0.0,0,12577.03538954941,0,29218.089843461286,0.2855,1.5451,0.7069465277777778
dynamic_greedy,2025-07-12,4231.514924681702,3125.8248405726017,48537.97643898018,27691.45511077172,138.97709160488589,0.8,56189.976120652165,0.0,0.0,0,15626.370778125514,0,27691.45511077172,0.2556,1.5783,0.6942819444444444
dynamic_greedy,2025-07-13,3125.8248405726017,2443.4699718760594,83718.60402271818,61007.79410724437,2365.882176083441,0.8,83236.27967598113,5.786146838817558,47.41168719727108,1,11884.056263138371,0,61055.205794441645,0.3392,1.7345,0.8542875
dynamic_greedy,2025-07-14,2443.4699718760594,4005.185123377618,88515.85283861341,65787.1475905792,1898.0778492902784,0.8,86062.09932353266,0.0,0.0,0,11556.063719672977,0,65787.1475905792,0.3522,1.7345,0.8722152777777779
dynamic_greedy,2025-07-15,4005.185123377618,4486.881352155774,87565.74148357305,65064.38704135467,532.304871090427,0.8,87309.98390198473,0.0,0.0,0,10833.993433784963,0,65064.38704135467,0.3419,1.7416,0.8721083333333334
dynamic_greedy,2025-07-16,4486.881352155774,3529.46212862081,83606.97800389593,63719.88920106282,2639.865824348933,0.8,85367.21986825348,0.0,0.0,0,9390.523001696041,0,63719.88920106282,0.3718,1.6813,0.8758020833333333
dynamic_greedy,2025-07-17,3529.46212862081,1908.883291397242,79373.22792813467,58988.49930406472,712.0215287537069,0.8,80466.37110458454,0.0,0.0,0,4380.3071699980055,0,58988.49930406472,0.3696,1.7092,0.8748208333333334
dynamic_greedy,2025-07-18,1908.883291397242,1972.4911011167528,42595.249580046664,24209.60547426064,746.1139778785424,0.8,51230.42780556059,0.0,0.0,0,8560.050918942768,0,24209.60547426064,0.3031,1.5835,0.6942027777777777
dynamic_greedy,2025-07-19,1972.4911011167528,1200.0,40730.535515948155,22304.366268107333,873.838701554969,0.8,48412.17771856612,1103.1073569116556,7044.62082830034,9,12353.059489698464,0,29348.987096407673,0.1583,1.5795,0.6802993055555555
dynamic_greedy,2025-07-20,1200.0,1215.5011596247573,76489.03025818372,55817.87016381639,966.0493851400294,0.8,76104.43776547813,152.40588586202765,595.760054011439,5,768.5908780148882,0,56413.63021782783,0.3497,1.7018,0.8676124999999999
dynamic_greedy,2025-07-21,1215.5011596247573,1330.3258249744802,76958.76357411154,57064.11540834795,1571.1697893108978,0.8,75936.8644014723,1041.7452103888613,8390.756522913398,10,68.99685641107772,0,65454.87193126135,0.3888,1.7317,0.8791791666666667
dynamic_greedy,2025-07-22,1330.3258249744802,2185.7093837283796,81527.56308628664,59718.66975225735,715.3267070301492,0.8,79655.65900062441,40.73144491244138,253.13809166011643,3,2935.4256407506373,0,59971.80784391747,0.3953,1.7059,0.8751333333333333
dynamic_greedy,2025-07-23,2185.7093837283796,1469.4476253103944,78109.17764028677,57562.028289856265,1973.674958163129,0.8,78541.33994012143,28.52216008047901,244.19113386901992,2,581.5391079123785,0,57806.219423725284,0.4298,1.7196,0.8755840277777778
dynamic_greedy,2025-07-24,1469.4476253103944,1613.0276101098902,79052.45464911751,58882.16375389115,1991.5832885704513,0.8,78072.9257604577,0.0,0.0,0,1428.8856460633644,0,58882.16375389115,0.4014,1.7129,0.8774458333333334
dynamic_greedy,2025-07-25,1613.0276101098902,1200.0,39358.78228429912,21888.623866059592,199.29699846071048,0.8,46877.52018359379,1145.868415747219,3978.8930594684016,25,11514.596772821631,0,25867.516925527994,0.192,1.5162,0.67696875
dynamic_greedy,2025-07-26,1200.0,1200.0,38973.32212740354,21188.9652584723,635.4887032864979,0.8,45966.93447215973,2151.7833721812567,8182.129192393313,27,9249.109890206422,0,29371.094450865614,0.2778,1.5779,0.6880090277777778
dynamic_greedy,2025-07-27,1200.0,1200.0,73212.49884195521,53872.19782317072,1412.0902335093192,0.8,73301.1036618395,4998.392283205476,28623.15211166869,33,787.8354581634082,0,82495.34993483941,0.3756,1.6917,0.87713125
dynamic_greedy,2025-07-28,1200.0,1261.0577571014828,75599.7629234111,55519.28348932901,3091.21324396591,0.8,76141.35566424516,5906.406481867509,45272.04650225892,26,114.12024333384807,0,100791.32999158793,0.3783,1.7444,0.8862368055555556
dynamic_greedy,2025-07-29,1261.0577571014828,2861.318571951252,90413.83938492325,66555.1951577022,404.5594033368033,0.8,86366.83988546589,0.0,0.0,0,8876.229246391938,0,66555.1951577022,0.4164,1.7497,0.8846277777777778
dynamic_greedy,2025-07-30,2861.318571951252,2818.660494319221,84347.31444364901,63019.18014831559,918.1534118560014,0.8,82864.85065938273,0.0,0.0,0,6746.838060781527,0,63019.18014831559,0.3727,1.6898,0.8796965277777778
dynamic_greedy,2025-07-31,2818.660494319221,2471.484290645682,81410.13661318799,60056.47902904405,3221.296328725531,0.8,80456.68169844334,0.0,0.0,0,2985.023141236137,0,60056.47902904405,0.381,1.7439,0.8814312499999999
dynamic_greedy,2025-08-01,2471.484290645682,2894.5273964349135,42980.5602527055,24420.644892321605,432.04082054883827,0.8,51867.749049229154,0.0,0.0,0,18483.98333342149,0,24420.644892321605,0.1568,1.5892,0.6663972222222222
dynamic_greedy,2025-08-02,2894.5273964349135,2294.209410397461,40597.3346350724,22509.530637634685,1097.6668989792483,0.8,49558.48458629064,0.0,0.0,0,17147.607210936818,0,22509.530637634685,0.1219,1.5378,0.6621874999999999
dynamic_greedy,2025-08-03,2294.209410397461,1643.5390195872226,80701.29263771167,57102.86206660712,172.98512564627737,0.8,80312.27209077282,118.62607375284927,996.0948905705026,4,15070.643561050883,0,58098.95695717762,0.3408,1.692,0.83336875
dynamic_greedy,2025-08-04,1643.5390195872226,1463.464095358344,70467.81122695563,51696.232291147026,1444.414051921894,0.8,74883.43709943064,0.0,0.0,0,1708.4173207388944,0,51696.232291147026,0.374,1.6947,0.8447847222222222
dynamic_greedy,2025-08-05,1463.464095358344,1200.0,67931.9015180194,50033.56539409545,1635.89729324473,0.8,72869.49624577627,702.9432758891744,4441.583731135082,12,102.31744395760984,0,54475.149125230535,0.3346,1.7018,0.8445958333333334
dynamic_greedy,2025-08-06,1200.0,1200.0,67525.06306607526,50479.509332636684,2761.250795991843,0.8,73489.7641683473,3983.2660203475334,31035.354456095272,22,141.29443906204813,0,81514.86378873195,0.3616,1.7116,0.8577486111111111
dynamic_greedy,2025-08-07,1200.0,1399.093296773638,70223.1049155198,51451.002012156474,1584.7485110645785,0.8,74163.6562177111,51.212584496805675,220.98076555801484,2,2945.690095928963,0,51671.98277771449,0.3292,1.7422,0.8411048611111112
dynamic_greedy,2025-08-08,1399.093296773638,1798.1758207630455,39901.21305399794,21642.6681537072,1003.8082293718833,0.8,47622.77858775745,0.0,0.0,0,20806.754785323195,0,21642.6681537072,0.0665,1.5268,0.6379520833333333
dynamic_greedy,2025-08-09,1798.1758207630455,2371.139538171475,40902.92393861604,22734.051830033553,950.9354846175053,0.8,48853.55866475409,0.0,0.0,0,18261.69529477624,0,22734.051830033553,0.1714,1.5586,0.6529750000000001
dynamic_greedy,2025-08-10,2371.139538171475,1571.8769341015006,68046.08491932554,51205.22250954789,2069.0386847480454,0.8,74470.47332249921,0.0,0.0,0,129.01397075301702,0,51205.22250954789,0.3761,1.7523,0.8486909722222223
dynamic_greedy,2025-08-11,1571.8769341015006,1533.5376032008512,71249.2814631453,51279.08730624095,551.7807660647102,0.8,75471.81590577998,14.288098098001115,40.63535099071517,1,2626.6811157408756,0,51319.722657231665,0.3636,1.7686,0.8396298611111112
dynamic_greedy,2025-08-12,1533.5376032008512,1387.244185042901,69551.46073845374,51212.04162186525,821.8343505246115,0.8,73921.41967075429,1523.945555004316,12494.625730792664,6,47.19468121875275,0,63706.66735265792,0.3472,1.7091,0.8573708333333333
dynamic_greedy,2025-08-13,1387.244185042901,2315.3261555908125,75223.33303780707,54938.6784058504,484.49205865757256,0.8,77168.95454618536,13.783689162802489,111.8822049344678,1,4742.032927541329,0,55050.560610784865,0.3789,1.7327,0.8531652777777778
dynamic_greedy,2025-08-14,2315.3261555908125,1437.511219021668,70035.53938971474,51100.73319505909,2093.5427206122586,0.8,74343.6840094689,429.597034858158,2747.279650709871,11,1388.9258783317068,0,53848.01284576896,0.3843,1.7384,0.8501201388888889
dynamic_greedy,2025-08-15,1437.511219021668,1466.0722064795746,39457.132280006736,21900.224813069195,445.84629252699307,0.8,47259.193351854075,0.0,0.0,0,19558.404271132495,0,21900.224813069195,0.1119,1.6114,0.6512152777777778
dynamic_greedy,2025-08-16,1466.0722064795746,2128.606524478063,42047.79940872546,23224.933776487018,361.90943788492285,0.8,49342.9341706422,0.0,0.0,0,21302.333396097783,0,23224.933776487018,0.0685,1.5409,0.6473409722222221
dynamic_greedy,2025-08-17,2128.606524478063,2570.7807006269086,77239.83324475402,55794.95164077114,186.96651524095424,0.8,78981.1444660644,8.317535935029468,69.83779143410958,2,10149.1547024118,0,55864.78943220525,0.3386,1.7136,0.8399
dynamic_greedy,2025-08-18,2570.7807006269086,1854.1156545476558,68035.74860775052,50669.18077871775,404.749826805246,0.8,74192.37061925825,34.30608593834188,288.93666129424093,2,506.10708747380636,0,50958.11744001199,0.3325,1.7616,0.8475611111111111
dynamic_greedy,2025-08-19,1854.1156545476558,2119.4284004733486,73849.930102993,54475.479655641495,555.9471052120291,0.8,77402.45056213975,3.743880216448133,31.806134378835115,1,5831.049724674505,0,54507.28579002033,0.4324,1.7202,0.8429152777777777
dynamic_greedy,2025-08-20,2119.4284004733486,1388.1253290199454,68498.33226323398,50885.17065869697,3724.440767867111,0.8,74810.23922478301,5094.524431543974,38966.08828182642,13,402.7608498466824,0,89851.25894052339,0.4085,1.7251,0.866348611111111
dynamic_greedy,2025-08-21,1388.1253290199454,1501.9678689766713,74709.60257191106,54124.53428126048,1092.6808486212244,0.8,76123.48373194922,0.0,0.0,0,5236.397670520775,0,54124.53428126048,0.4163,1.7157,0.8472069444444443
dynamic_greedy,2025-08-22,1501.9678689766713,1344.0520146795254,40289.27224871417,22426.715100511465,646.4483114323575,0.8,48448.71196580878,280.6204352190849,1674.1746415348193,3,16718.475577345467,0,24100.889742046285,0.1444,1.5612,0.6604708333333333
dynamic_greedy,2025-08-23,1344.0520146795254,1787.7744453315595,41445.718074433375,22771.551784449905,758.7243949262523,0.8,48931.15572905613,0.0,0.0,0,15656.7043467095,0,22771.551784449905,0.1405,1.5209,0.6591965277777778
dynamic_greedy,2025-08-24,1787.7744453315595,1744.573490723482,75083.58377308933,54147.33203581028,1955.4196290080467,0.8,76278.80936073605,0.0,0.0,0,7543.914152381954,0,54147.33203581028,0.3394,1.7075,0.8410215277777777
dynamic_greedy,2025-08-25,1744.573490723482,2048.087007341189,77658.85278031771,56511.89737891394,1261.8677356790188,0.8,78213.71272700278,0.0,0.0,0,2846.896160990066,0,56511.89737891394,0.3974,1.7083,0.8601569444444443
dynamic_greedy,2025-08-26,2048.087007341189,1887.3449990639713,74099.64127308133,53264.300682461835,1982.9660422150969,0.8,76259.37844289561,0.0,0.0,0,4960.538951614734,0,53264.300682461835,0.3224,1.6987,0.8444180555555555
dynamic_greedy,2025-08-27,1887.3449990639713,1224.4696480222458,71891.329118466,52067.76687406875,1893.6258954603225,0.8,75363.4783567739,85.06387784842809,720.1299059861205,2,512.1464746128156,0,52787.89678005487,0.3375,1.7058,0.8533875
dynamic_greedy,2025-08-28,1224.4696480222458,1310.5735595042802,72501.38235818548,52754.49377797663,2525.499879591482,0.8,76183.11796571569,2075.1354688877564,16447.977599818994,11,102.42890861360866,0,69202.47137779562,0.3748,1.7227,0.863504861111111
dynamic_greedy,2025-08-29,1310.5735595042802,1517.2051000433682,40808.35023807938,22432.24734891062,272.91038368889167,0.8,48165.39230475128,0.0,0.0,0,14955.87457394329,0,22432.24734891062,0.1616,1.5608,0.6645076388888889
dynamic_greedy,2025-08-30,1517.2051000433682,1200.0,40795.674532599274,22352.31440152373,287.12039421355286,0.8,47779.255848416935,380.4035855353887,917.3585044196332,6,19740.00157027773,0,23269.672905943364,0.115,1.5978,0.6546625
dynamic_greedy,2025-08-31,1200.0,2083.595280577265,74466.14024015743,53161.102323676685,821.9667290186499,0.8,75251.95037594106,0.0,0.0,0,3035.701108502707,0,53161.102323676685,0.4046,1.7034,0.846538888888889
dynamic_greedy,2025-09-01,2083.595280577265,6158.30278667215,73187.0157864881,47341.55157805285,37.85622604982668,0.8,75140.23610027177,0.0,0.0,0,12165.871631310447,0,47341.55157805285,0.3616,1.367,0.7517326388888889
dynamic_greedy,2025-09-02,6158.30278667215,5081.151165218129,60503.31732832396,40888.06877737063,1570.8860178013317,0.8,71052.77891975868,0.0,0.0,0,4016.568658453759,0,40888.06877737063,0.3185,1.3791,0.7539930555555555
dynamic_greedy,2025-09-03,5081.151165218129,3787.2305936639746,59599.38182932441,40284.54726556176,1607.7978124846002,0.8,68435.20237358814,0.0,0.0,0,1673.3340734382812,0,40284.54726556176,0.3744,1.3826,0.7609944444444445
dynamic_greedy,2025-09-04,3787.2305936639746,3525.1525637865097,61201.58110487039,40276.25614700005,899.2630495371674,0.8,66865.4218488741,0.0,0.0,0,3690.5829970232935,0,40276.25614700005,0.3556,1.3949,0.7569979166666667
dynamic_greedy,2025-09-05,3525.1525637865097,2742.893731695355,30930.370326886477,14353.641279730462,258.11415306169886,0.8,40813.893250354406,0.0,0.0,0,21840.96696993042,0,14353.641279730462,0.1454,1.2232,0.5586402777777777
dynamic_greedy,2025-09-06,2742.893731695355,2442.24942845689,29733.25616505006,13595.967416369174,340.6804691081128,0.8,38863.8964887011,1115.562163153431,3627.954554017787,9,20455.931688174725,0,17223.92197038696,0.07,1.2147,0.5657111111111112
dynamic_greedy,2025-09-07,2442.24942845689,1263.4871677124122,54724.51167808543,35425.410749270966,1461.0671855030118,0.8,61534.529468729714,2848.846203464458,17195.68751096037,15,36.33550666765666,0,52621.09826023134,0.3572,1.3878,0.7593138888888888
dynamic_greedy,2025-09-08,1263.4871677124122,1200.0,51579.48220446936,33248.89045371457,629.582749148163,0.8,57887.602858364786,10728.081449970397,61830.17470724805,38,0.0,0,95079.06516096262,0.3635,1.358,0.7735236111111111
dynamic_greedy,2025-09-09,1200.0,1200.0,56960.11440169137,36306.41891268398,3178.3820165524803,0.8,60825.15288533254,2090.715804360318,12437.144796666511,14,1957.225115099643,0,48743.56370935049,0.2568,1.377,0.7518833333333333
dynamic_greedy,2025-09-10,1200.0,1336.3782956578011,59424.37157635979,38935.74983854423,3179.9826623280956,0.8,65604.17925846601,5576.795545978811,34736.476194334115,20,80.24103134928248,0,73672.22603287834,0.3604,1.3717,0.7818236111111112
dynamic_greedy,2025-09-11,1336.3782956578011,1408.4043260902288,62015.80424865513,39478.715966476186,3103.1245415519743,0.8,63655.472955257224,0.0,0.0,0,4278.636250729036,0,39478.715966476186,0.301,1.368,0.7530638888888889
dynamic_greedy,2025-09-12,1408.4043260902288,1263.7370978642527,31752.857625127308,13791.56066568872,1072.745093045871,0.8,38089.310075362104,203.24459490627572,464.242380915465,4,17220.522543776788,0,14255.803046604184,0.112,1.219,0.5750854166666666
dynamic_greedy,2025-09-13,1263.7370978642527,1399.0313007015693,32674.031030535523,14240.000356900779,955.4001439774747,0.8,40229.95974139542,76.17076939466544,232.11545380611253,5,21423.634883467268,0,14472.115810706891,0.0376,1.2673,0.5665159722222222
dynamic_greedy,2025-09-14,1399.0313007015693,1200.0,60154.7411509493,39300.45742884828,2628.094664591345,0.8,65921.74961053675,3140.193482986385,20016.355984650574,15,18.53750259487117,0,59316.81341349886,0.3774,1.3811,0.7759062499999999
dynamic_greedy,2025-09-15,1200.0,1200.0,59622.07731627226,38789.791999312874,1838.8978656355466,0.8,63318.02983110723,1563.2296886684367,7366.877133880855,14,2300.419440681104,0,46156.66913319373,0.3138,1.3666,0.761726388888889
dynamic_greedy,2025-09-16,1200.0,1200.0,66002.13621697492,42546.268099274785,1272.6014498455004,0.8,67507.31385415472,511.34158617634733,1833.3914600692847,14,3246.483385210673,0,44379.65955934407,0.3741,1.3713,0.7779465277777776
dynamic_greedy,2025-09-17,1200.0,2237.586907216627,69843.4750985534,44835.17591623202,2597.2629353379857,0.8,70323.37273897776,0.0,0.0,0,5091.097165030748,0,44835.17591623202,0.3228,1.3545,0.778054861111111
dynamic_greedy,2025-09-18,2237.586907216627,2489.873474593654,66425.92906663002,43586.61058361246,1854.8297731281855,0.8,71575.39958390084,0.0,0.0,0,3574.6118482374463,0,43586.61058361246,0.355,1.4221,0.7698256944444445
dynamic_greedy,2025-09-19,2489.873474593654,3660.2944269558207,36907.26888384058,16883.12378607332,859.4179695005436,0.8,45367.98759269131,0.0,0.0,0,16581.951700932754,0,16883.12378607332,0.2021,1.2857,0.5932520833333333
dynamic_greedy,2025-09-20,3660.2944269558207,3057.7388437703157,35027.78823104729,15573.64763285538,1091.6053154363294,0.8,44434.028768739416,0.0,0.0,0,16805.770835173003,0,15573.64763285538,0.0958,1.2367,0.5874611111111112
dynamic_greedy,2025-09-21,3057.7388437703157,2461.4663418698206,70811.76086998284,46271.13063480474,1405.381534184638,0.8,73214.65070186021,0.0,0.0,0,9761.56832051086,0,46271.13063480474,0.36,1.3742,0.7738493055555556
dynamic_greedy,2025-09-22,2461.4663418698206,1875.2628404038442,70489.40319663964,46052.09168387989,1981.362855362781,0.8,71582.07800352681,0.0,0.0,0,6835.546756466436,0,46052.09168387989,0.381,1.3934,0.7821659722222223
dynamic_greedy,2025-09-23,1875.2628404038442,2488.973179037948,70307.22470241228,46860.27612643821,1317.0733748436046,0.8,74075.11862663255,0.0,0.0,0,4119.922498181235,0,46860.27612643821,0.3271,1.3866,0.7817520833333333
dynamic_greedy,2025-09-24,2488.973179037948,3299.9242241028674,70435.67370227099,46580.87571610889,2180.5649374261216,0.8,75002.96282305289,0.0,0.0,0,4937.684195635235,0,46580.87571610889,0.3701,1.3677,0.7761097222222222
dynamic_greedy,2025-09-25,3299.9242241028674,2025.6831916763033,70887.36330417177,46614.48733961696,2332.9181828149,0.8,73149.56250572702,0.0,0.0,0,8375.922818316714,0,46614.48733961696,0.3266,1.3825,0.7776076388888888
dynamic_greedy,2025-09-26,2025.6831916763033,2875.303158121381,38204.72234542691,16717.845733479284,829.571916703649,0.8,44674.64742988961,0.0,0.0,0,16606.195483134507,0,16717.845733479284,0.1786,1.1987,0.5928138888888889
dynamic_greedy,2025-09-27,2875.303158121381,2241.481894211302,36403.96560972774,16675.527041083897,933.1010956663798,0.8,45002.99770761542,0.0,0.0,0,16110.416169391148,0,16675.527041083897,0.208,1.2231,0.5996840277777777
dynamic_greedy,2025-09-28,2241.481894211302,2500.7236426683444,69152.71321486394,46622.59026402656,4372.937334860935,0.8,73068.91308590726,5.868333333333339,40.07191416666671,1,1935.0688590225818,0,46662.662178193226,0.3864,1.3665,0.7893881944444444
dynamic_greedy,2025-09-29,2500.7236426683444,1200.0,65870.08511865884,42943.34732008235,1164.3868056678652,0.8,68441.62018330966,688.7661435606761,3207.866901839655,7,864.8661278147962,0,46151.214221922004,0.3708,1.3651,0.7877583333333333
dynamic_greedy,2025-09-30,1200.0,1227.4828329543382,74788.17028220044,48214.70260366557,3434.910728264052,0.8,72320.45707039017,285.9953926333661,1571.4055967901404,9,5245.875239069266,0,49786.10820045571,0.3589,1.3781,0.7938243055555556
dynamic_greedy,2025-10-01,1227.4828329543382,4010.498348467349,74770.76755983465,46036.787302602286,1983.5346313976174,0.8,72208.88552480654,0.0,0.0,0,18656.198789608792,0,46036.787302602286,0.2329,1.3138,0.7381555555555556
dynamic_greedy,2025-10-02,4010.498348467349,2697.674170119582,57182.14611530635,37131.10622691175,1276.441913143242,0.8,64810.94076855814,0.0,0.0,0,3216.8359183276552,0,37131.10622691175,0.3234,1.3383,0.7419722222222223
dynamic_greedy,2025-10-03,2697.674170119582,3585.3922501033912,32779.42108540133,13336.525892708425,771.2792909417079,0.8,40878.20150300578,0.0,0.0,0,20737.98756552337,0,13336.525892708425,0.0924,1.1747,0.5579645833333333
dynamic_greedy,2025-10-04,3585.3922501033912,2744.0107891692855,30571.736426817817,12928.678636197572,282.1388880769688,0.8,39303.26374557089,0.0,0.0,0,15129.56342011927,0,12928.678636197572,0.132,1.1845,0.5858305555555555
dynamic_greedy,2025-10-05,2744.0107891692855,2979.481072332015,61475.69954285302,39650.09587856005,1484.601149997799,0.8,67565.68325184178,0.0,0.0,0,2828.981117268248,0,39650.09587856005,0.3247,1.303,0.752561111111111
dynamic_greedy,2025-10-06,2979.481072332015,2969.5290231815316,63469.7952967262,41071.66651921309,3176.790588490964,0.8,68575.51192982716,0.0,0.0,0,1890.5922621266232,0,41071.66651921309,0.3294,1.3468,0.7684895833333333
dynamic_greedy,2025-10-07,2969.5290231815316,2890.2018000317285,63891.866452206945,40538.15238023824,1371.2010940170248,0.8,68370.5599725479,0.0,0.0,0,2214.2541511545746,0,40538.15238023824,0.341,1.3141,0.7657534722222222
dynamic_greedy,2025-10-08,2890.2018000317285,1224.4230247278078,62757.939385255886,39102.97793369632,443.97891744517227,0.8,65644.65736491267,0.0,0.0,0,3937.0541632730674,0,39102.97793369632,0.37,1.3239,0.7606854166666666
dynamic_greedy,2025-10-09,1224.4230247278078,1200.0,59369.32106843396,37356.95506903598,2466.224514335143,0.8,63843.76139110705,639.9395273842238,3282.475817236522,9,88.6980033469081,0,40639.4308862725,0.3337,1.3793,0.7578034722222222
dynamic_greedy,2025-10-10,1200.0,1200.0,30144.50267773339,11844.91808513158,709.0817901205522,0.8,37285.67656751987,972.3665168885625,2950.149028688903,14,18335.11246806067,0,14795.067113820482,0.039,1.1569,0.5595319444444445
dynamic_greedy,2025-10-11,1200.0,1506.258239571604,32213.57988214732,12801.454011702466,134.33855269196357,0.8,39152.95267686987,0.0,0.0,0,14082.698015677399,0,12801.454011702466,0.155,1.184,0.5845513888888889
dynamic_greedy,2025-10-12,1506.258239571604,1288.8024106826742,63808.72922055831,39482.73578533327,866.899246528729,0.8,67043.68098512648,5.427996943281983,27.26211464763376,1,1499.218875242722,0,39509.9978999809,0.3076,1.3451,0.76634375
dynamic_greedy,2025-10-13,1288.8024106826742,1897.6361592390706,66324.82776957212,41624.24588530997,438.04954882376023,0.8,68594.80054774175,0.0,0.0,0,4780.146605224341,0,41624.24588530997,0.3599,1.3254,0.764651388888889
dynamic_greedy,2025-10-14,1897.6361592390706,1834.1637268140018,67848.51504886823,42503.12807595421,190.35053061810876,0.8,68586.62369204254,0.0,0.0,0,3097.3811982316165,0,42503.12807595421,0.3194,1.3729,0.7730666666666666
dynamic_greedy,2025-10-15,1834.1637268140018,1284.8788272781237,63482.67691124236,39941.24070039987,1020.9071501293108,0.8,66714.11200661527,2173.650099674583,13878.06030322006,12,95.5728376775802,0,53819.30100361993,0.3279,1.3505,0.7760555555555556
dynamic_greedy,2025-10-16,1284.8788272781237,1200.1519533182602,66997.3068508899,42110.105152057426,682.3341735560854,0.8,67374.51194239827,1363.3154539763648,8543.413620069026,9,1188.9395361945033,0,50653.51877212645,0.3224,1.3193,0.7822208333333331
dynamic_greedy,2025-10-17,1200.1519533182602,1217.594708488627,32804.51192996232,13048.87624600282,226.1411550955066,0.8,39289.87793464422,285.0861969368448,678.9176573363704,10,13458.369072153157,0,13727.79390333919,0.1661,1.1647,0.58880625
dynamic_greedy,2025-10-18,1217.594708488627,1733.2679801576378,33595.72932128658,13380.574589033506,241.70335884465104,0.8,39704.2192419033,0.0,0.0,0,13330.206247047356,0,13380.574589033506,0.1762,1.1522,0.5830680555555555
dynamic_greedy,2025-10-19,1733.2679801576378,1260.1245483735252,70122.82170515048,44448.47917977387,212.7870194683009,0.8,69656.54099079702,453.0359503805512,2810.6393520317665,3,2742.105161096476,0,47259.11853180564,0.3396,1.3441,0.7893604166666667
dynamic_greedy,2025-10-20,1260.1245483735252,1729.0562178948908,71770.17431052917,45948.09713426156,933.7404806304418,0.8,72206.61542010799,199.83171986505778,1047.9675694462503,3,2821.735178201844,0,46996.06470370781,0.3284,1.3294,0.7871270833333333
dynamic_greedy,2025-10-21,1729.0562178948908,2059.9125525199697,73063.05552851214,47190.75586595056,100.91228427955433,0.8,72267.55838695042,0.0,0.0,0,2197.356910343965,0,47190.75586595056,0.3559,1.3281,0.79530625
dynamic_greedy,2025-10-22,2059.9125525199697,1200.0,72708.4396990785,46614.64769901543,241.1514398613525,0.8,71500.3495168956,401.12707569003203,1882.459023244729,10,4234.23394939321,0,48497.10672226016,0.3376,1.3348,0.7929506944444444
dynamic_greedy,2025-10-23,1200.0,1575.9084490368937,70838.88491475911,45077.59170472233,1214.5176546431255,0.8,71688.56238871379,0.0,0.0,0,2875.2082435307907,0,45077.59170472233,0.3637,1.3254,0.7813361111111112
dynamic_greedy,2025-10-24,1575.9084490368937,1257.1334925411645,32976.422186455384,13655.437730145448,254.04284669989843,0.8,40254.25002259595,150.5593658276668,512.7479972607648,4,11806.785094374623,0,14168.185727406213,0.1355,1.1463,0.5963583333333333
dynamic_greedy,2025-10-25,1257.1334925411645,1500.248372234202,34870.50287431464,14393.759767653159,162.37866267972464,0.8,41203.87659765998,0.0,0.0,0,11815.452288436314,0,14393.759767653159,0.1778,1.172,0.5985090277777778
dynamic_greedy,2025-10-26,1500.248372234202,1913.7525100500977,70577.64635698147,45665.35282646335,853.2196906819339,0.8,71576.22224428155,0.0,0.0,0,1444.0962738196122,0,45665.35282646335,0.3661,1.3094,0.7873305555555555
dynamic_greedy,2025-10-27,1913.7525100500977,1499.695596515379,71402.57531767848,46141.707257991315,1542.8627264930951,0.8,73346.14844977579,0.0,0.0,0,4263.288328168551,0,46141.707257991315,0.3474,1.3209,0.7828958333333333
dynamic_greedy,2025-10-28,1499.695596515379,1355.607105861538,69985.8762988211,45401.31486888798,1531.1063203459246,0.8,70796.5810625329,271.3298143642686,1782.798958848506,2,322.2469472541603,0,47184.11382773649,0.3814,1.363,0.7930666666666668
dynamic_greedy,2025-10-29,1355.607105861538,1200.0,70320.15311652885,45875.229001647414,983.2191600313308,0.8,70827.45873786623,3086.8995971285995,19131.488430810816,13,443.4353875917388,0,65006.71743245823,0.3617,1.3399,0.8069569444444444
dynamic_greedy,2025-10-30,1200.0,1201.5569117393973,71976.06423122439,47185.757734444735,1335.4565494486483,0.8,71821.41086677762,96.44487488268405,369.13118197081593,7,3219.70088355451,0,47554.88891641555,0.3217,1.3188,0.7919604166666666
dynamic_greedy,2025-10-31,1201.5569117393973,1462.2982089798388,34808.66016678016,14344.713711184235,147.2133939630089,0.8,41599.591858379084,0.0,0.0,0,7131.56168020496,0,14344.713711184235,0.2016,1.1689,0.6177326388888889
dynamic_greedy,2025-11-01,1462.2982089798388,1529.948620622401,33985.859988787895,13758.428317264461,253.4228036780597,0.8,40967.74926496706,0.0,0.0,0,7684.960406148253,0,13758.428317264461,0.2088,1.193,0.6046034722222222
dynamic_greedy,2025-11-02,1529.948620622401,1343.8594067899644,73104.06677129492,48294.96388777737,945.5775032157105,0.8,72471.56914797559,0.0,0.0,0,352.6512126677212,0,48294.96388777737,0.3823,1.3248,0.8022444444444444
dynamic_greedy,2025-11-03,1343.8594067899644,1971.1975347987614,78247.07430734464,52270.28543195229,101.93117014787916,0.8,75228.3064848244,0.0,0.0,0,4113.830863041729,0,52270.28543195229,0.3421,1.3314,0.8054708333333334
dynamic_greedy,2025-11-04,1971.1975347987614,1378.521944592737,75234.3558479033,49521.914455343,448.28086422316164,0.8,73479.87838816192,38.57288883881686,178.64479075998733,2,4450.577073586318,0,49700.55924610299,0.3595,1.335,0.7975826388888889
dynamic_greedy,2025-11-05,1378.521944592737,1969.8167508789663,76076.9021959569,50948.88659400307,1344.4131147962578,0.8,74807.99622101724,0.0,0.0,0,1566.5205990804575,0,50948.88659400307,0.3759,1.328,0.8089555555555555
dynamic_greedy,2025-11-06,1969.8167508789663,1529.1222467587581,74456.7552267338,49957.249219281504,202.45806490248202,0.8,73679.90522245338,922.5727402003367,4978.595476905865,7,312.6448794134735,0,54935.84469618737,0.3771,1.3718,0.8150673611111112
dynamic_greedy,2025-11-07,1529.1222467587581,1997.2519503327112,35126.1974803446,14717.514918691613,200.6909709678652,0.8,42133.144803313306,145.1272733489356,719.3970226898803,2,7793.5436753408285,0,15436.911941381493,0.2158,1.1963,0.6155340277777778
dynamic_greedy,2025-11-08,1997.2519503327112,2128.5701808134145,34078.97936010836,14256.587000817217,255.90353243993906,0.8,41536.901949338666,0.0,0.0,0,6515.077947291088,0,14256.587000817217,0.242,1.2197,0.6173409722222222
dynamic_greedy,2025-11-09,2128.5701808134145,1302.841498554847,75136.33682616078,50354.882582728955,1687.859235195861,0.8,73944.9273449116,489.1475976309081,3001.216004166707,6,896.6534527403777,0,53356.09858689566,0.3516,1.3403,0.8103173611111111
dynamic_greedy,2025-11-10,1302.841498554847,1329.5157568907985,78412.82548413248,53253.07227558466,990.7099291402268,0.8,75819.71703280465,149.86026429447583,920.67688771244,2,141.25094795437963,0,54173.7491632971,0.2992,1.3367,0.8189729166666666
dynamic_greedy,2025-11-11,1329.5157568907985,1841.6679862177511,78811.49099880747,52924.44691276467,724.6697301308058,0.8,75887.18322273981,0.0,0.0,0,2548.868391682056,0,52924.44691276467,0.3475,1.3296,0.8138590277777777
dynamic_greedy,2025-11-12,1841.6679862177511,2111.9460759897506,78847.35699978078,53191.57983601831,1047.8902999429754,0.8,75838.10026741156,11.773333333333426,60.579686666667136,1,3412.2685730771163,0,53252.159522684975,0.3489,1.3537,0.8123951388888888
dynamic_greedy,2025-11-13,2111.9460759897506,1715.3203294187022,76485.98627220874,52737.00870679377,618.0830419829332,0.8,75275.26044834415,0.0,0.0,0,534.0259819444044,0,52737.00870679377,0.3456,1.3222,0.8185361111111111
dynamic_greedy,2025-11-14,1715.3203294187022,2570.5885257308814,36101.6953559716,15466.593429340908,61.93136794390775,0.8,42998.521921112646,0.0,0.0,0,4119.9249225972535,0,15466.593429340908,0.2419,1.1899,0.6290784722222222
dynamic_greedy,2025-11-15,2570.5885257308814,2149.6302603092067,34835.627952386014,15078.795638823758,159.2090271863715,0.8,42720.432514361906,246.10901450779073,1181.425492442709,3,3567.675410500171,0,16260.221131266468,0.2532,1.1995,0.6287680555555555
dynamic_greedy,2025-11-16,2149.6302603092067,1845.2152229692829,79732.14563090823,54952.70296715433,1007.66449833008,0.8,76861.46006475788,0.0,0.0,0,1276.9496257020141,0,54952.70296715433,0.3594,1.3416,0.8205798611111111
dynamic_greedy,2025-11-17,1845.2152229692829,2337.4909018236344,79217.24031620088,54209.82505724857,468.47331920194557,0.8,76892.68271272483,0.0,0.0,0,1823.7919683380715,0,54209.82505724857,0.3623,1.3437,0.815854861111111
dynamic_greedy,2025-11-18,2337.4909018236344,1798.7595867618456,78950.39465183356,54699.35850417585,1208.9869139306097,0.8,77007.34863220225,0.0,0.0,0,640.3997096210841,0,54699.35850417585,0.3257,1.3419,0.8219124999999999
dynamic_greedy,2025-11-19,1798.7595867618456,1200.0,79553.40813983041,55588.084545173566,484.3384819149348,0.8,76889.12259268656,102.2577288723594,513.2784421573617,6,639.2117353165105,0,56101.362987330926,0.3761,1.3453,0.8290138888888889
dynamic_greedy,2025-11-20,1200.0,1302.5570508517835,80140.97462748953,54730.3363343417,659.8862049350952,0.8,77075.33978038465,0.0,0.0,0,959.3448394388854,0,54730.3363343417,0.3421,1.4244,0.8211791666666666
dynamic_greedy,2025-11-21,1302.5570508517835,2033.3419714342622,36322.41234468558,15601.296492489728,187.18575228745664,0.8,42829.45901397857,0.0,0.0,0,3087.1800961269873,0,15601.296492489728,0.2524,1.1626,0.6326340277777778
dynamic_greedy,2025-11-22,2033.3419714342622,1769.8499854760569,35853.10014042755,15373.714087907423,301.51049234783625,0.8,42852.6879852926,71.7721044541502,345.8946949046349,4,2040.1811134859945,0,15719.608782812058,0.2376,1.1753,0.636675
dynamic_greedy,2025-11-23,1769.8499854760569,1785.3931821231513,80230.1231956661,55577.76298668854,670.7641477009853,0.8,77675.06515439932,243.87836911452624,1224.5316033263646,3,883.3195405326206,0,56802.294590014906,0.3495,1.346,0.8264944444444444
dynamic_greedy,2025-11-24,1785.3931821231513,1469.9462168478424,79884.48342831369,55002.64274991308,562.7535276185903,0.8,77205.45791383975,8.490168616413484,44.85356080051243,1,1729.1064564293433,0,55047.49631071359,0.3605,1.3475,0.8210506944444445
dynamic_greedy,2025-11-25,1469.9462168478424,1200.0,80042.16587409056,54767.81199164028,233.49571428516873,0.8,76545.04673616524,347.66628497203095,1973.8935041897932,5,99.95879077322036,0,56741.70549583007,0.3452,1.3383,0.8241243055555556
dynamic_greedy,2025-11-26,1200.0,1294.2854992468485,81524.38156038825,56389.81527912588,295.1157031707132,0.8,78040.18107225999,225.31017278982284,1447.7644035226804,2,228.580640581568,0,57837.57968264856,0.2983,1.3677,0.8299340277777778
dynamic_greedy,2025-11-27,1294.2854992468485,1656.9212891649615,81185.37438638994,56342.45567676501,230.45729084685732,0.8,77599.94418301496,0.0,0.0,0,691.7640203832282,0,56342.45567676501,0.3187,1.3841,0.8285638888888889
dynamic_greedy,2025-11-28,1656.9212891649615,1987.5105588029744,36228.79677519265,15234.259833681448,149.57264439726129,0.8,43147.03259629114,106.04269723291297,474.9295507847131,4,1330.2745843427665,0,15709.18938446616,0.2408,1.184,0.6340243055555557
dynamic_greedy,2025-11-29,1987.5105588029744,1200.0,36689.05362711213,15174.579971241299,217.651532280092,0.8,43447.4036126349,1426.1414558745507,7275.858196946903,6,88.57009403278118,0,22450.4381681882,0.2736,1.1734,0.6504381944444445
dynamic_greedy,2025-11-30,1200.0,1200.0,84540.92516447077,59128.710143414864,1056.567007078545,0.8,79974.5725368491,314.04607568291425,1879.5039762301815,4,108.84562945655239,0,61008.21411964505,0.3651,1.3886,0.8395993055555555
dynamic_greedy,2025-12-01,1200.0,1200.0,85302.70404750836,62772.52565035982,537.746521098963,0.8,80438.12199047621,5755.346348268207,38329.89696272889,23,365.1649304736868,0,101102.42261308871,0.361,1.5873,0.9076055555555556
dynamic_greedy,2025-12-02,1200.0,1323.4230788615712,88344.45536450844,65972.45072085942,284.4632503104156,0.8,83569.69410145137,4916.049144266835,34136.614356906866,19,51.16720857021153,0,100109.06507776628,0.378,1.584,0.9153138888888888
dynamic_greedy,2025-12-03,1323.4230788615712,2137.4795331729592,92905.31420662213,70898.51167869981,1442.338424168633,0.8,88209.8349105944,0.0,0.0,0,420.75189401067746,0,70898.51167869981,0.3713,1.584,0.9120326388888889
dynamic_greedy,2025-12-04,2137.4795331729592,2198.771678307172,90597.61159212448,67957.99575044162,1781.791172639966,0.8,86819.54370126317,1820.3594289106763,12637.977103115754,8,987.4906382317035,0,80595.97285355738,0.3853,1.5836,0.9050854166666666
dynamic_greedy,2025-12-05,2198.771678307172,2479.2570236274723,47783.659999583484,21744.58675723357,1024.3342409153297,0.8,50778.673383251415,0.0,0.0,0,1970.3988203830004,0,21744.58675723357,0.2354,1.4106,0.7171770833333333
dynamic_greedy,2025-12-06,2479.2570236274723,1832.6601080977534,47022.56510516025,21831.949316480768,1103.3937290409958,0.8,50200.19425402554,217.97994323762524,1251.6408340704443,1,128.68603526845084,0,23083.590150551212,0.3005,1.4053,0.7271965277777777
dynamic_greedy,2025-12-07,1832.6601080977534,2598.4725076160394,95944.47408963459,73018.30734789264,2642.4986904576085,0.8,92106.8578651739,0.0,0.0,0,3391.5017004535102,0,73018.30734789264,0.3908,1.6174,0.9101083333333333
dynamic_greedy,2025-12-08,2598.4725076160394,3247.7477056249672,98893.64684576285,75892.05773654711,2457.7670283844454,0.8,95087.67342569566,0.0,0.0,0,6121.156190769838,0,75892.05773654711,0.3445,1.6698,0.9085152777777777
dynamic_greedy,2025-12-09,3247.7477056249672,2877.786788978315,97323.52244190329,73847.864552944,1216.4326307151077,0.8,94127.2049506963,0.0,0.0,0,5915.8256094213,0,73847.864552944,0.3418,1.5404,0.9057770833333332
dynamic_greedy,2025-12-10,2877.786788978315,2843.3819088167297,96894.95325729158,74664.50707755654,2710.793484170376,0.8,93831.57624559273,0.0,0.0,0,4565.954468224194,0,74664.50707755654,0.3834,1.6143,0.9161590277777777
dynamic_greedy,2025-12-11,2843.3819088167297,2670.415087885844,96505.29050325276,72628.43959057418,1978.676038019746,0.8,93598.7093656965,0.0,0.0,0,6654.107355401402,0,72628.43959057418,0.33,1.5835,0.8976340277777778
dynamic_greedy,2025-12-12,2670.415087885844,2471.809225322035,49976.428867703056,23342.387713367756,1289.3526512428573,0.8,52691.19632654544,0.0,0.0,0,2833.7188868246603,0,23342.387713367756,0.2681,1.456,0.7237798611111111
dynamic_greedy,2025-12-13,2471.809225322035,2368.5078915736267,54189.71130652791,25773.509509082447,229.91218435122096,0.8,54957.38534083485,0.0,0.0,0,6918.208154537875,0,25773.509509082447,0.3133,1.4166,0.7296965277777777
dynamic_greedy,2025-12-14,2368.5078915736267,2054.7000175928647,100119.45226843678,77016.022497893,302.99611332591155,0.8,96381.9053980994,0.0,0.0,0,7246.794248346738,0,77016.022497893,0.3769,1.5687,0.9207375000000001
dynamic_greedy,2025-12-15,2054.7000175928647,2062.578331759577,98558.59616472459,75699.29536163725,1261.3493745051203,0.8,94330.77010276678,0.0,0.0,0,4722.818908996584,0,75699.29536163725,0.3509,1.5558,0.9144402777777779
dynamic_greedy,2025-12-16,2062.578331759577,1790.0476064078123,96991.42047886363,74346.1450512329,1139.3755948108994,0.8,93087.42646234237,0.0,0.0,0,3575.3917447097883,0,74346.1450512329,0.3715,1.5512,0.9109138888888888
dynamic_greedy,2025-12-17,1790.0476064078123,1663.9264810303273,96170.14602899001,73149.08362072444,2523.082430516093,0.8,92096.81292678522,0.0,0.0,0,3724.851952046035,0,73149.08362072444,0.3507,1.5634,0.9088097222222221
dynamic_greedy,2025-12-18,1663.9264810303273,1280.3697238432612,94229.04807787106,70770.80282681753,2382.284761567705,0.8,89710.7087904713,0.0,0.0,0,2776.5206889419323,0,70770.80282681753,0.3508,1.5699,0.9094777777777777
dynamic_greedy,2025-12-19,1280.3697238432612,1200.0,50616.05229734129,23401.093785017656,822.6046738821672,0.8,49754.06397797781,355.3781411129828,1099.861200927108,7,4267.465655007543,0,24500.954985944765,0.2621,1.394,0.7250944444444445
dynamic_greedy,2025-12-20,1200.0,1200.0,46633.43832785309,20773.32720517057,678.4189058458854,0.8,48396.23181038152,760.6434912740378,2701.894891566162,10,262.8024670486527,0,23475.222096736732,0.2632,1.3841,0.7189708333333333
dynamic_greedy,2025-12-21,1200.0,1200.0,90402.55543857277,67336.73508472455,1024.297404261621,0.8,85436.35293597664,2941.515031241124,20639.903121971878,14,19.197577899916723,0,87976.63820669643,0.3905,1.5659,0.9100763888888888
dynamic_greedy,2025-12-22,1200.0,1327.9404821600438,95516.83640545903,72780.97731232853,2381.326742452805,0.8,90738.42956867123,216.83184628797596,1232.225565602394,8,2246.440816402907,0,74013.20287793092,0.3709,1.5876,0.9192854166666665
dynamic_greedy,2025-12-23,1327.9404821600438,1200.0,94204.64714462316,71450.24059968253,374.9047835466505,0.8,89395.0424129481,58.14058334781985,132.73495178307272,1,2850.781425987984,0,71582.9755514656,0.3848,1.5836,0.9126888888888889
dynamic_greedy,2025-12-24,1200.0,1200.0,92394.28103817391,68873.7693100446,1902.523978787969,0.8,87700.04611919241,1124.2103530335007,6927.440957827987,12,1071.1337993635514,0,75801.2102678726,0.3591,1.547,0.9082652777777778
dynamic_greedy,2025-12-25,1200.0,1200.0,91145.34517186567,68683.97069384385,660.868275023821,0.8,86671.54530091217,1190.7215295077472,7811.079146686592,10,167.24548317686993,0,76495.04984053044,0.2502,1.6252,0.9102520833333334
dynamic_greedy,2025-12-26,1200.0,1226.4812144022585,47103.813128456735,21303.501620383435,1112.8872356336774,0.8,47832.929060218456,400.8314931600705,1052.4093319572794,13,383.4668974948207,0,22355.910952340713,0.278,1.4434,0.7237750000000001
dynamic_greedy,2025-12-27,1226.4812144022585,1243.386550144704,47471.488075762696,20685.972535465968,1242.253597196302,0.8,48265.89492856394,457.0812409107699,2382.2681801754256,3,313.0368223348622,0,23068.240715641394,0.2681,1.4076,0.7212277777777778
dynamic_greedy,2025-12-28,1243.386550144704,1200.0,92902.1326224611,69515.37834362198,846.6923771174563,0.8,88001.76161560947,377.552019420985,1737.4405878685511,10,1984.6274154825528,0,71252.81893149053,0.3477,1.5651,0.9058916666666667
dynamic_greedy,2025-12-29,1200.0,1426.7014271635398,96097.29451427556,72330.05970369659,574.2514879009816,0.8,91542.55605432604,0.0,0.0,0,4033.554233734699,0,72330.05970369659,0.3684,1.5396,0.90653125
dynamic_greedy,2025-12-30,1426.7014271635398,1803.1582352412593,95338.02950176154,71125.38694531628,360.31399585855297,0.8,91091.60950954966,0.0,0.0,0,4503.593544956597,0,71125.38694531628,0.3684,1.5554,0.9004583333333334
dynamic_greedy,2025-12-31,1803.1582352412593,1254.5144822222094,93838.37698857902,70502.37098023505,228.3804743666289,0.8,89472.51898304021,425.9057251304439,2669.5393883785564,9,1650.6509386989692,0,73171.91036861361,0.3518,1.5632,0.9102437499999999
