strategy,date,soc_start_kwh,soc_end_kwh,planned_purchase_kwh,planned_cost_yuan,expected_emergency_cost_yuan,safety_quantile,safety_scenario_positive_net_kwh,actual_emergency_kwh,actual_emergency_cost_yuan,actual_emergency_intervals,max_emergency_charge_product,spill_kwh,rolling_lp_calls,total_cost_yuan,day_price_min,day_price_max,day_price_mean
dynamic_rolling,2025-02-01,1812.7596250834226,2093.632395588252,43307.86535125603,18007.391307188955,534.4693754916216,0.8,47553.91881453125,0.0,0.0,0,0.0,4452.604197628147,56,18007.391307188955,0.2537,1.1766,0.6514930555555556
dynamic_rolling,2025-02-02,2093.632395588252,1755.966905489088,88390.60678546736,61780.35484449686,9511.617508224768,0.8,84713.00875854914,0.0,0.0,0,0.0,6116.223404319956,52,61780.35484449686,0.3697,1.3998,0.8363881944444445
dynamic_rolling,2025-02-03,1755.966905489088,1391.4296998020252,86925.99713231518,61499.81879753814,4236.796718863729,0.8,82692.76180332463,0.0,0.0,0,0.0,2735.8409532591418,69,61499.81879753814,0.3709,1.3447,0.8447902777777778
dynamic_rolling,2025-02-04,1391.4296998020252,1466.7289425312981,87136.7139707341,61632.47642807291,916.5684179003474,0.8,82383.05770033998,0.0,0.0,0,0.0,1249.9680722161374,71,61632.47642807291,0.381,1.3987,0.8491895833333333
dynamic_rolling,2025-02-05,1466.7289425312981,1271.2188257906091,86889.92463394464,61222.59027731054,4254.032297613739,0.8,81698.03425805276,4.349482055359893,30.115813751311897,1,0.0,1285.1570538864298,77,61252.70609106185,0.3423,1.3848,0.8482541666666665
dynamic_rolling,2025-02-06,1271.2188257906091,1588.7413188037099,87549.9426066057,61956.54612622436,3479.5166107022355,0.8,81806.03625655748,0.0,0.0,0,0.0,2432.4247592203337,67,61956.54612622436,0.3228,1.447,0.8439645833333334
dynamic_rolling,2025-02-07,1588.7413188037099,1254.5959898043093,41828.79732303773,17136.809692694806,13.891676531217907,0.8,45813.855849152955,0.0,0.0,0,0.0,6033.674176140004,68,17136.809692694806,0.2631,1.2102,0.6440388888888888
dynamic_rolling,2025-02-08,1254.5959898043093,1240.1054657461264,37558.60482354484,15183.731940645484,461.12285739243634,0.8,43008.05111106931,262.30125396902605,1106.14341046316,3,0.0,2224.1912650180525,72,16289.875351108645,0.2752,1.1675,0.642351388888889
dynamic_rolling,2025-02-09,1240.1054657461264,1200.0000000000002,81587.39394573322,56675.52420630999,589.5929081898073,0.8,77483.94932172379,2269.429791829847,13547.177439446608,15,0.0,85.90841362280412,83,70222.70164575659,0.3001,1.3378,0.8413840277777778
dynamic_rolling,2025-02-10,1200.0000000000002,1200.0000000000002,82953.8034648341,56319.28264666578,1101.758672802797,0.8,78387.47227234521,35.11772966112471,84.61616961848,1,0.0,4524.45914021203,66,56403.89881628426,0.3637,1.352,0.8180638888888889
dynamic_rolling,2025-02-11,1200.0000000000002,1265.6107935297937,82277.0392820187,56151.22600451213,1081.087533294864,0.8,77240.60694329136,0.0,0.0,0,0.0,2684.4991874174902,76,56151.22600451213,0.36,1.343,0.8284923611111111
dynamic_rolling,2025-02-12,1265.6107935297937,1200.0000000000002,82347.2832402047,55629.744535332065,311.57773050653583,0.8,77654.30195022529,262.3128771684296,1093.680931442706,12,0.0,3002.3118218520826,77,56723.425466774774,0.3727,1.3314,0.8264243055555556
dynamic_rolling,2025-02-13,1200.0000000000002,1408.3001174628798,80328.4848677619,53616.293896622265,698.5622315277594,0.8,75926.46486621145,35.03500669076789,80.30023533523999,1,0.0,4499.117215429995,76,53696.59413195751,0.3026,1.3496,0.8147909722222221
dynamic_rolling,2025-02-14,1408.3001174628798,1237.5639805290657,35790.51355941582,14540.815947937013,64.29951989057051,0.8,42451.662012786124,173.26616031509354,752.8618892042343,5,0.0,2213.579250949829,70,15293.677837141247,0.2247,1.1609,0.6311
dynamic_rolling,2025-02-15,1237.5639805290657,1200.0000000000005,35083.37536765774,14706.575829431358,124.99928702939572,0.8,41678.101146444475,606.054280721843,2436.475489611839,11,0.0,2722.389258456413,71,17143.051319043196,0.2846,1.1564,0.6378472222222222
dynamic_rolling,2025-02-16,1200.0000000000005,1311.6597577696361,79585.14046488563,53383.673341254995,325.3501608606706,0.8,75059.10014476624,952.7133280533967,5083.060480545282,6,0.0,289.6002409842605,77,58466.73382180028,0.34,1.3733,0.8303222222222222
dynamic_rolling,2025-02-17,1311.6597577696361,1578.7857068266815,82202.53647094984,55573.9542708277,41.99973307417044,0.8,77925.11838001465,0.0,0.0,0,0.0,6850.2852369936245,58,55573.9542708277,0.3597,1.3221,0.8173527777777777
dynamic_rolling,2025-02-18,1578.7857068266815,1923.0662147366577,80470.83025938294,53426.73886776225,28.635302737790436,0.8,76928.77923139589,0.0,0.0,0,0.0,3856.7715702341784,58,53426.73886776225,0.3707,1.3605,0.8145215277777778
dynamic_rolling,2025-02-19,1923.0662147366577,1687.3522822854268,80246.90195384102,52952.130312765934,84.74453159514869,0.8,77004.52329439421,34.02371622951091,184.54463682886717,1,0.0,2975.073432737284,63,53136.6749495948,0.3736,1.3304,0.8164298611111112
dynamic_rolling,2025-02-20,1687.3522822854268,2088.5686188782397,80338.11992296312,54092.07059510231,52.50512776178907,0.8,76569.62255447844,0.0,0.0,0,0.0,4771.936538090271,55,54092.07059510231,0.3079,1.3465,0.8168069444444445
dynamic_rolling,2025-02-21,2088.5686188782397,2058.768659375432,35928.93423590333,15058.573725952197,201.77649470171482,0.8,43555.62574897027,0.0,0.0,0,0.0,6642.813944611914,58,15058.573725952197,0.2473,1.1504,0.62085
dynamic_rolling,2025-02-22,2058.768659375432,1762.9006723971393,35177.611362053365,14774.985414844356,216.51378390967193,0.8,42487.71442247203,0.0,0.0,0,0.0,3804.7636944071082,59,14774.985414844356,0.2472,1.2217,0.6352840277777778
dynamic_rolling,2025-02-23,1762.9006723971393,2027.6703830625681,78728.9780862156,52416.089986919564,619.4545749961912,0.8,75040.40175963285,0.0,0.0,0,0.0,2773.994103256603,65,52416.089986919564,0.3868,1.375,0.8153784722222223
dynamic_rolling,2025-02-24,2027.6703830625681,2438.9811867089284,79621.61715322992,52813.56487153811,165.69964851352273,0.8,76295.0143989801,0.0,0.0,0,0.0,7000.482350736737,47,52813.56487153811,0.3649,1.3842,0.8082493055555555
dynamic_rolling,2025-02-25,2438.9811867089284,2323.761509290346,75958.61851752781,50111.043480873064,608.3427930469855,0.8,74463.39164373893,9.744993630095326,50.72756434146122,1,0.0,6575.335685787228,54,50161.771045214526,0.3725,1.3107,0.7940965277777778
dynamic_rolling,2025-02-26,2323.761509290346,2282.1434206797458,75391.20471846036,49508.422550824595,677.0108625564969,0.8,73625.98405277684,0.0,0.0,0,0.0,2333.632503907792,56,49508.422550824595,0.3378,1.3369,0.8055381944444444
dynamic_rolling,2025-02-27,2282.1434206797458,2337.725504066685,72842.69735502526,47255.96905998983,402.2328943187766,0.8,72791.80370296689,183.88691876030043,944.4459796639871,3,0.0,1827.75402309901,59,48200.41503965382,0.3235,1.3501,0.7979118055555556
dynamic_rolling,2025-02-28,2337.725504066685,2157.1185065474733,34034.369752361075,14009.930909227352,351.1096421736497,0.8,42128.885999887614,0.0,0.0,0,0.0,7422.22691592569,55,14009.930909227352,0.2409,1.1629,0.6166784722222222
dynamic_rolling,2025-03-01,2157.1185065474733,2197.763862672239,34189.3454889343,14059.80974897744,82.44864089709988,0.8,41893.66593281258,0.0,0.0,0,0.0,6972.647118352917,47,14059.80974897744,0.2405,1.1576,0.6142222222222222
dynamic_rolling,2025-03-02,2197.763862672239,1270.9165125341615,74598.43106208727,48627.225321594255,335.1504041810564,0.8,71698.70219044466,1899.872595197129,11856.014853008055,14,0.0,591.982518440816,69,60483.24017460231,0.3093,1.3111,0.8122930555555556
dynamic_rolling,2025-03-03,1270.9165125341615,1258.5763070390392,76896.11342148879,50536.02676333155,1107.8153421357129,0.8,73119.91377819325,67.92534874023194,144.76362723588952,4,0.0,431.20099218763755,76,50680.79039056744,0.3264,1.3164,0.81185
dynamic_rolling,2025-03-04,1258.5763070390392,1563.1414026830344,77763.74972720965,51127.744188474375,889.3165343171124,0.8,73953.66389447052,0.0,0.0,0,0.0,4062.2389494996555,67,51127.744188474375,0.3381,1.3441,0.8006277777777778
dynamic_rolling,2025-03-05,1563.1414026830344,1645.3010678549801,76958.68281049274,49685.80029845419,991.0656723564707,0.8,73456.86248204263,0.0,0.0,0,0.0,6842.008962828059,72,49685.80029845419,0.3644,1.3305,0.7945006944444444
dynamic_rolling,2025-03-06,1645.3010678549801,1200.0000000000002,73763.02278575226,47554.06684864163,1082.703083775191,0.8,70664.66584073879,7.692614043000731,12.796663460531715,1,0.0,4023.1748215875973,87,47566.863512102165,0.3327,1.3434,0.7918569444444444
dynamic_rolling,2025-03-07,1200.0000000000002,1200.0000000000002,31467.3623206828,12508.655444953583,354.83455278449173,0.8,38276.459900236594,144.53816247203736,245.49248549133083,7,0.0,7218.340128835962,65,12754.147930444915,0.1545,1.1883,0.6085013888888889
dynamic_rolling,2025-03-08,1200.0000000000002,1424.770169503261,31268.859140646127,12454.645697305925,167.56437002004395,0.8,38142.63086511822,548.9279711103043,1721.4415358643669,4,0.0,8855.4877644737,70,14176.087233170292,0.21,1.1729,0.5972631944444444
dynamic_rolling,2025-03-09,1424.770169503261,1312.5874774829404,72385.1834541033,45695.445022537024,155.86479155238695,0.8,69007.71544333055,0.0,0.0,0,0.0,5039.8243900790885,76,45695.445022537024,0.3641,1.3356,0.7838090277777777
dynamic_rolling,2025-03-10,1312.5874774829404,1200.0000000000002,67119.91917255807,43140.66705069526,816.392184619555,0.8,67239.11170770983,4441.143698543429,27481.743364183712,17,0.0,0.0,73,70622.41041487898,0.3691,1.3308,0.802451388888889
dynamic_rolling,2025-03-11,1200.0000000000002,1359.1008056284668,70843.0935780005,44998.922600443344,975.8141330423448,0.8,68355.34090386961,17.43445171690508,38.65217945637856,1,0.0,2697.22162992278,77,45037.574779899725,0.3822,1.3372,0.7893930555555556
dynamic_rolling,2025-03-12,1359.1008056284668,1200.0000000000002,69950.36973784985,43710.608765728386,904.5169880768201,0.8,67761.38360594977,186.51078186559602,402.87604630327996,5,0.0,3656.844673727014,76,44113.48481203167,0.35,1.3485,0.7801680555555556
dynamic_rolling,2025-03-13,1200.0000000000002,1200.0,70049.49808334188,44604.20897251318,311.02295165692004,0.8,67878.40017349715,1595.2553960997975,9659.007147007731,14,0.0,59.89996413208678,72,54263.21611952091,0.3312,1.3317,0.7996374999999999
dynamic_rolling,2025-03-14,1200.0,1900.1580571945692,31439.249272989153,12061.247718848896,114.42848430531967,0.8,38404.985254637024,0.0,0.0,0,0.0,10998.1401074803,60,12061.247718848896,0.1602,1.1955,0.5913868055555556
dynamic_rolling,2025-03-15,1900.1580571945692,1474.583082705818,30423.43564931612,12398.163140492175,125.81073034312928,0.8,38261.98678300984,475.2727231299043,1475.3078824536042,4,0.0,7026.634600491303,58,13873.47102294578,0.2699,1.1777,0.6047722222222222
dynamic_rolling,2025-03-16,1474.583082705818,1920.5634149340349,72770.83617804362,45767.93765821912,227.59454666372318,0.8,68418.66830826929,0.0,0.0,0,0.0,4791.687096432355,68,45767.93765821912,0.3598,1.3095,0.784895138888889
dynamic_rolling,2025-03-17,1920.5634149340349,2268.840026737779,69542.88660933168,42611.25007127086,1059.7725358120847,0.8,67634.29051140223,0.0,0.0,0,0.0,7671.784909885915,48,42611.25007127086,0.367,1.3189,0.7601756944444445
dynamic_rolling,2025-03-18,2268.840026737779,2263.3046436069894,70031.42329518887,43270.48368455045,-7.193628619270374e-13,0.8,67995.45118231329,0.0,0.0,0,0.0,4802.451450733568,52,43270.48368455045,0.3707,1.3196,0.7760166666666666
dynamic_rolling,2025-03-19,2263.3046436069894,2492.989671097192,65444.00048442115,40227.45612872754,1398.384429361872,0.8,66566.23383128134,0.0,0.0,0,0.0,1297.4200904213153,62,40227.45612872754,0.3401,1.3494,0.7718381944444445
dynamic_rolling,2025-03-20,2492.989671097192,1511.6347287877616,63090.54946704432,39729.52002721059,800.7508151911504,0.8,65862.94476082877,2029.4189871889087,12955.951301760142,6,0.0,135.29894887764794,73,52685.47132897073,0.2794,1.3228,0.7786381944444444
dynamic_rolling,2025-03-21,1511.6347287877616,1962.0199811357804,31041.977335634765,12196.889401203603,92.27719724946616,0.8,38520.25434195007,26.681537626177835,68.96909091528906,2,0.0,15100.445838371306,51,12265.858492118892,0.1352,1.1788,0.5702902777777777
dynamic_rolling,2025-03-22,1962.0199811357804,2343.806439428834,30406.648093987027,11932.102249063239,221.28200562868204,0.8,38251.05296548635,0.0,0.0,0,0.0,10580.347013813616,53,11932.102249063239,0.1546,1.1642,0.5873881944444445
dynamic_rolling,2025-03-23,2343.806439428834,1951.1874714475678,65215.35023724151,39969.21794092811,935.7214909834063,0.8,65983.25084864844,0.0,0.0,0,0.0,2598.633697617002,70,39969.21794092811,0.3404,1.3289,0.7671784722222222
dynamic_rolling,2025-03-24,1951.1874714475678,2460.4241855239634,66720.04865395816,40835.50185022467,694.9326802812959,0.8,66199.32528491912,0.0,0.0,0,0.0,3804.187589869847,64,40835.50185022467,0.3336,1.3583,0.7674861111111111
dynamic_rolling,2025-03-25,2460.4241855239634,2050.0683545558877,67284.72244299744,41170.973180964276,200.43706003288594,0.8,66980.80550167967,0.0,0.0,0,0.0,2675.953914663511,64,41170.973180964276,0.3706,1.3143,0.7712756944444445
dynamic_rolling,2025-03-26,2050.0683545558877,2260.504692387097,65606.55214799238,40106.309706478365,481.091204573948,0.8,66430.49874968312,0.0,0.0,0,0.0,5953.667599612556,53,40106.309706478365,0.3654,1.3062,0.7566111111111112
dynamic_rolling,2025-03-27,2260.504692387097,2133.970270613384,63930.29190180134,39086.863248708396,399.7258965611177,0.8,65595.02959800026,0.0,0.0,0,0.0,1341.9261395233625,61,39086.863248708396,0.3125,1.3182,0.7664159722222222
dynamic_rolling,2025-03-28,2133.970270613384,1801.3688014992977,28968.392193036,11295.124826694184,386.650815317563,0.8,36898.17613591731,5.373327999598253,19.392340750550094,1,0.0,15083.320433831896,53,11314.517167444734,0.1269,1.1837,0.5747680555555555
dynamic_rolling,2025-03-29,1801.3688014992977,2108.991331067826,29032.632272882693,11635.449676334858,205.9122649309806,0.8,36720.1956025103,106.49495828803354,339.95632470057956,3,0.0,18017.16488333333,52,11975.406001035437,0.0913,1.1833,0.5630868055555556
dynamic_rolling,2025-03-30,2108.991331067826,2356.5588577012168,60196.12096485814,36387.60379825436,890.2385737921406,0.8,64254.787470605734,0.0,0.0,0,0.0,307.13311516559105,62,36387.60379825436,0.3471,1.3168,0.7520270833333333
dynamic_rolling,2025-03-31,2356.5588577012168,1457.3350496460291,59406.49281501985,36007.98404985672,864.037906184107,0.8,63931.15816299689,546.521172000961,3461.7705490859635,3,0.0,48.49992211728227,68,39469.75459894269,0.3473,1.3379,0.7607041666666667
dynamic_rolling,2025-04-01,1457.3350496460291,1397.4978500316925,60267.122618664536,37276.3235196594,320.6441090840922,0.8,63025.53958500936,3228.8882157882454,20419.91039688139,12,0.0,58.59746115465009,66,57696.23391654079,0.3582,1.3193,0.7731090277777778
dynamic_rolling,2025-04-02,1397.4978500316925,2045.6734899866126,63931.322125113074,38661.54850891934,989.5187944927213,0.8,64044.441121529075,1842.4994232536537,9972.170362248444,11,0.0,456.86700701426804,54,48633.71887116778,0.3693,1.3316,0.772320138888889
dynamic_rolling,2025-04-03,2045.6734899866126,1914.1532889578316,67050.81141247872,40910.82710557131,111.13019842553788,0.8,65064.76740708454,0.0,0.0,0,0.0,7458.006575896394,60,40910.82710557131,0.3202,1.3867,0.7644638888888888
dynamic_rolling,2025-04-04,1914.1532889578316,1503.3927848240949,27965.234014931833,10790.27184951297,296.06338705101024,0.8,35902.72433398242,0.0,0.0,0,0.0,19134.73804075601,53,10790.27184951297,0.0905,1.2001,0.5595027777777778
dynamic_rolling,2025-04-05,1503.3927848240949,1230.3216043115247,28398.198909833944,11088.275736328369,343.7751210967382,0.8,36367.72431710691,0.0,0.0,0,0.0,13684.657910293525,54,11088.275736328369,0.1482,1.1736,0.5755284722222221
dynamic_rolling,2025-04-06,1230.3216043115247,2106.138549435759,65072.20280355954,39147.321336188215,73.19109840394142,0.8,63378.79739287241,0.0,0.0,0,0.0,5913.753912136772,53,39147.321336188215,0.3579,1.3107,0.7556868055555556
dynamic_rolling,2025-04-07,2106.138549435759,1674.7788424034595,62495.17340553864,37158.26970647248,686.3292023830634,0.8,63082.960307191315,0.0,0.0,0,0.0,5747.949674375297,56,37158.26970647248,0.3671,1.3349,0.7517159722222222
dynamic_rolling,2025-04-08,1674.7788424034595,1200.0000000000002,63429.8663968392,37130.195422642566,152.30435824847206,0.8,62614.773241182134,719.4663909955648,3001.7451642280857,19,0.0,6100.991103779865,63,40131.94058687065,0.3246,1.3574,0.7519159722222222
dynamic_rolling,2025-04-09,1200.0000000000002,1200.0,60791.180067779576,36140.37993507749,1231.6927102592738,0.8,63021.8889532427,2445.014357565258,14819.589950027625,17,0.0,284.16485318379523,75,50959.96988510512,0.3756,1.321,0.7662708333333333
dynamic_rolling,2025-04-10,1200.0,1459.1510898642357,64204.86114173569,37817.06162578057,307.2073849140473,0.8,63597.86427857854,3.906734253292946,14.54477162500964,1,0.0,5406.934685934277,67,37831.60639740558,0.2828,1.3433,0.7580270833333334
dynamic_rolling,2025-04-11,1459.1510898642357,1224.6943931427104,27915.01967900576,10652.254131135836,132.93177424474652,0.8,35263.23980867144,0.0,0.0,0,0.0,19620.578103370193,57,10652.254131135836,0.1092,1.1471,0.5514784722222222
dynamic_rolling,2025-04-12,1224.6943931427104,1308.6771829791828,28554.77010750946,10369.25835751634,139.955148981781,0.8,35401.21017972663,0.0,0.0,0,0.0,16245.805879739417,54,10369.25835751634,0.214,1.1558,0.5638673611111111
dynamic_rolling,2025-04-13,1308.6771829791828,1258.8768720811047,61900.26841580895,36730.268182168,45.18761369718949,0.8,61226.630033498586,308.0363349807979,1683.4906989260924,8,0.0,3945.2464827722183,57,38413.758881094094,0.3493,1.3312,0.7562548611111111
dynamic_rolling,2025-04-14,1258.8768720811047,1210.0614691970206,57602.833182324306,33920.1927591602,1015.3487681415085,0.8,60561.62932706502,243.1753852379403,642.2953658131252,6,0.0,1137.172961574909,68,34562.48812497332,0.3437,1.3446,0.7465972222222221
dynamic_rolling,2025-04-15,1210.0614691970206,1420.7516198211383,62585.728581889314,36034.133345601935,17.790637724024304,0.8,61347.60373617041,0.0,0.0,0,0.0,8372.204545080931,57,36034.133345601935,0.3275,1.3283,0.738532638888889
dynamic_rolling,2025-04-16,1420.7516198211383,1200.0,56738.38684573455,33930.735131713525,911.3695868713563,0.8,60236.28302850541,2521.3946378720493,14875.661674625868,20,0.0,13.964584529879744,64,48806.39680633939,0.3669,1.364,0.7623541666666667
dynamic_rolling,2025-04-17,1200.0,1362.1336640202103,58906.79503224815,34535.21977249544,878.8260816407059,0.8,60334.27846304069,58.047680498605146,293.39770179378945,3,0.0,1895.4137347666883,68,34828.617474289225,0.3043,1.3148,0.7477673611111111
dynamic_rolling,2025-04-18,1362.1336640202103,1427.847805586162,26733.54037311849,10089.15705372261,185.64165276577438,0.8,34439.28174688319,0.0,0.0,0,0.0,17324.311703042273,53,10089.15705372261,0.1948,1.1711,0.5594201388888889
dynamic_rolling,2025-04-19,1427.847805586162,1200.0000000000002,26481.032751156,10005.597118134127,189.14707280005194,0.8,34315.89438230649,80.10110626516166,138.41074561170194,3,0.0,16995.200864173305,64,10144.007863745828,0.1113,1.1659,0.5579763888888889
dynamic_rolling,2025-04-20,1200.0000000000002,1211.345394093997,57279.946432550045,33738.00879122937,606.7055429058753,0.8,60012.595809882674,0.0,0.0,0,0.0,1197.3157878324714,69,33738.00879122937,0.3618,1.3046,0.7454388888888889
dynamic_rolling,2025-04-21,1211.345394093997,1220.9280451950972,55814.71168077791,32679.79940379957,508.0532941047119,0.8,60132.338860531156,366.2602851492957,1075.6289615522746,12,0.0,3808.3632199014387,60,33755.42836535184,0.2898,1.3263,0.7339520833333333
dynamic_rolling,2025-04-22,1220.9280451950972,1200.0,56231.22576683431,33534.26880356544,551.6374795802452,0.8,60065.71216052504,96.6936783684962,208.05065601650165,2,0.0,224.9780328391123,69,33742.319459581944,0.3534,1.3399,0.7509583333333334
dynamic_rolling,2025-04-23,1200.0,1590.0905506304139,56671.02942289645,33640.05497237985,984.2954531313362,0.8,60199.375343783555,107.71789953904977,260.72164615301887,5,0.0,872.5140640348119,65,33900.776618532866,0.3289,1.3932,0.7479125
dynamic_rolling,2025-04-24,1590.0905506304139,1200.0000000000002,55807.89549096524,32962.17873551592,695.8617449302271,0.8,59260.088215359356,158.14910001483963,814.298851769811,7,0.0,5327.549280743866,63,33776.47758728573,0.3044,1.349,0.7361847222222223
dynamic_rolling,2025-04-25,1200.0000000000002,1205.6704288100739,26057.79657863182,9381.751918863563,84.14674951332162,0.8,33431.192725423054,108.67834553448508,193.96458064800066,2,0.0,21030.56816541541,51,9575.716499511564,0.1126,1.1686,0.5406916666666667
dynamic_rolling,2025-04-26,1205.6704288100739,1200.0000000000002,26356.376706367944,9534.11043934468,57.76231143226365,0.8,33411.92222237019,327.0168641078171,870.7360391387296,10,0.0,23324.858860102926,61,10404.84647848341,0.0076,1.196,0.5378048611111111
dynamic_rolling,2025-04-27,1200.0000000000002,1233.5856869955564,53258.34908491357,31173.86229057615,386.2657907747989,0.8,57810.97153712923,760.2728537208825,4501.158852039236,7,0.0,1374.5477259338895,69,35675.021142615384,0.272,1.3177,0.7337826388888888
dynamic_rolling,2025-04-28,1233.5856869955564,1355.7226206847663,52879.49758467733,31497.02380189936,904.0414700192626,0.8,58459.12469815885,6764.868867151248,42542.8776126742,24,0.0,39.42417350775315,74,74039.90141457356,0.3592,1.3403,0.7660520833333333
dynamic_rolling,2025-04-29,1355.7226206847663,1486.6530597788521,60588.85512062644,34529.948979997745,1449.1207813930941,0.8,60579.55280664684,42.519672900887244,276.1389271864439,2,0.0,9311.557780483334,59,34806.08790718419,0.3089,1.3284,0.7303826388888888
dynamic_rolling,2025-04-30,1486.6530597788521,1393.1437604676503,56069.46523113659,32752.486007228377,1631.8436735739972,0.8,59702.83473503442,0.0,0.0,0,0.0,4050.7535365608937,58,32752.486007228377,0.3282,1.3318,0.7294423611111112
dynamic_rolling,2025-05-01,1393.1437604676503,1200.0,58252.97124869398,34397.95162964502,1261.4762751821988,0.8,58622.49694611247,3036.764695157945,15303.500095950694,32,0.0,6436.687302427039,56,49701.45172559571,0.2921,1.3606,0.7473263888888889
dynamic_rolling,2025-05-02,1200.0,1200.0,26569.994468362336,10310.058398308232,1235.8604341357004,0.8,33768.80460306767,2745.400818552614,11598.772707411212,20,0.0,11874.896733180936,57,21908.831105719444,0.2486,1.2187,0.5869513888888889
dynamic_rolling,2025-05-03,1200.0,1200.0000000000002,27617.58540801863,10696.807250438502,1067.0027470841349,0.8,34702.44768459714,1466.4319663986785,6135.721405477588,12,0.0,17096.125772369698,50,16832.52865591609,0.14,1.2238,0.5698243055555555
dynamic_rolling,2025-05-04,1200.0000000000002,1200.011786843122,62528.222945358946,38253.582136820725,806.9494418506683,0.8,61647.01966859041,404.05435427112855,988.9596862139966,13,0.0,7768.466550603633,55,39242.54182303472,0.3732,1.3892,0.7461284722222222
dynamic_rolling,2025-05-05,1200.011786843122,1423.9002265218753,61924.25785159707,37358.11122419419,3430.66520598015,0.8,62374.84499316366,23.44013749047439,119.3827430376838,2,0.0,2444.4932904295556,63,37477.49396723187,0.3375,1.3756,0.7604611111111113
dynamic_rolling,2025-05-06,1423.9002265218753,1313.9966362652447,61415.688269952785,37652.13164966999,2432.888121545576,0.8,62347.715930393235,0.0,0.0,0,0.0,4602.966206351037,77,37652.13164966999,0.3324,1.343,0.7532361111111112
dynamic_rolling,2025-05-07,1313.9966362652447,1677.9009192559931,67901.46249304603,41344.22882533977,915.1108542668219,0.8,64533.90330310033,0.0,0.0,0,0.0,8733.159120294464,55,41344.22882533977,0.347,1.3712,0.7587291666666667
dynamic_rolling,2025-05-08,1677.9009192559931,2446.129652368719,61446.36076544948,38636.78431039065,3195.6742403226826,0.8,64924.36558978721,82.43748333333338,572.7872274833337,2,0.0,1156.4792699656023,60,39209.571537873984,0.3201,1.4134,0.7616590277777777
dynamic_rolling,2025-05-09,2446.129652368719,3246.1031185351244,30025.109653962205,13137.27898702852,570.2751456517971,0.8,38182.42152494222,0.0,0.0,0,0.0,18045.430274808557,39,13137.27898702852,0.1705,1.1847,0.5667381944444444
dynamic_rolling,2025-05-10,3246.1031185351244,2611.007943052984,28620.285040053415,12567.57681243051,222.62968892237967,0.8,37600.78353493364,0.0,0.0,0,0.0,14223.379442358964,53,12567.57681243051,0.1241,1.1933,0.5753076388888889
dynamic_rolling,2025-05-11,2611.007943052984,1548.5192995558905,60054.86420055236,37272.37342222829,934.9255648653749,0.8,63287.337978731346,27.867591570497666,185.66350325180426,2,0.0,1925.0516431920387,68,37458.03692548009,0.3089,1.3772,0.7607819444444445
dynamic_rolling,2025-05-12,1548.5192995558905,3121.5088390307833,66494.72918103136,41099.41956800836,3110.317437690219,0.8,65511.65834308966,0.0,0.0,0,0.0,9638.501178750246,47,41099.41956800836,0.3229,1.3827,0.7517881944444444
dynamic_rolling,2025-05-13,3121.5088390307833,2809.027294902704,58073.59425795911,36001.930310471456,430.72235451808865,0.8,62401.35888152482,0.0,0.0,0,0.0,1472.25088867285,56,36001.930310471456,0.2841,1.3607,0.7564458333333334
dynamic_rolling,2025-05-14,2809.027294902704,2735.301573138494,61434.11077883181,37614.755491069736,2888.81954747253,0.8,62791.624049059355,0.0,0.0,0,0.0,4914.829735929522,55,37614.755491069736,0.2722,1.3983,0.747551388888889
dynamic_rolling,2025-05-15,2735.301573138494,2902.86322664752,56968.58694751773,36326.44828687782,2010.0460247425697,0.8,61996.97678153982,0.0,0.0,0,0.0,159.91874895543458,62,36326.44828687782,0.3356,1.3271,0.7527770833333334
dynamic_rolling,2025-05-16,2902.86322664752,2358.0578278029743,27460.169167425527,11846.310417326074,524.5764458637357,0.8,36409.62866167728,0.0,0.0,0,0.0,22486.42699392611,56,11846.310417326074,0.0992,1.2252,0.5453854166666666
dynamic_rolling,2025-05-17,2358.0578278029743,2139.5836701619155,27638.025191497924,11962.889616232627,426.7866589053333,0.8,36212.64193261902,0.0,0.0,0,0.0,14436.667021054463,58,11962.889616232627,0.2134,1.2422,0.5734159722222222
dynamic_rolling,2025-05-18,2139.5836701619155,1547.5965301182264,56318.13450615794,35586.207290417435,2296.594772979587,0.8,61164.528136176596,538.9564943241747,2895.8582058226293,4,0.0,14.582419751061252,56,38482.065496240066,0.377,1.3468,0.75068125
dynamic_rolling,2025-05-19,1547.5965301182264,2537.8615918353585,58478.80915187244,35641.11547583261,717.4855922727639,0.8,61338.05762908071,62.346811102022,435.08722127546054,1,0.0,6225.7704291219425,55,36076.20269710807,0.2653,1.3957,0.7317597222222223
dynamic_rolling,2025-05-20,2537.8615918353585,1295.3299089423133,54020.44580897469,33921.14984715273,740.1944018337881,0.8,60435.780388640145,2360.3651797146845,15630.254331757518,7,0.0,0.6503295793871757,69,49551.40417891025,0.3146,1.373,0.7565819444444445
dynamic_rolling,2025-05-21,1295.3299089423133,1738.2304524002825,58762.6343660568,36166.492585598644,1998.082235724177,0.8,60353.30174896623,0.0,0.0,0,0.0,3029.8441140057457,73,36166.492585598644,0.311,1.3612,0.7458243055555555
dynamic_rolling,2025-05-22,1738.2304524002825,2689.9233515697974,57360.17185028075,35592.69893062708,1745.3171043974762,0.8,59982.083574477845,0.0,0.0,0,0.0,1788.618451746826,58,35592.69893062708,0.3239,1.3576,0.7461930555555555
dynamic_rolling,2025-05-23,2689.9233515697974,2185.605892764574,25662.42538430899,10636.686490849668,529.6211442123754,0.8,34844.90855469192,662.7777842484475,1494.2685692180494,15,0.0,17465.651017090917,53,12130.955060067718,0.1593,1.188,0.5569743055555555
dynamic_rolling,2025-05-24,2185.605892764574,2096.3036637459545,26357.684507335773,11292.47530199344,589.9843284273957,0.8,34680.22840934964,165.96233395548956,318.0911350271779,6,0.0,20219.80749278818,55,11610.566437020618,0.1275,1.1755,0.553204861111111
dynamic_rolling,2025-05-25,2096.3036637459545,3032.824915780652,54703.03401294346,34527.08805134887,1282.0952554429266,0.8,60007.65238980713,0.0,0.0,0,0.0,1294.3921555098832,58,34527.08805134887,0.3608,1.4094,0.7379618055555556
dynamic_rolling,2025-05-26,3032.824915780652,1407.0924414022766,54474.45868505848,33681.038363727275,203.3270637985031,0.8,59035.04585666672,1895.3144777948594,12082.206908776718,6,0.0,136.53442467709272,60,45763.24527250399,0.3289,1.3799,0.7524722222222222
dynamic_rolling,2025-05-27,1407.0924414022766,2101.154487343453,60074.864754979004,36043.87814120066,1119.6739355193429,0.8,59499.93361600356,0.0,0.0,0,0.0,6009.016141542159,66,36043.87814120066,0.3312,1.3497,0.7429215277777778
dynamic_rolling,2025-05-28,2101.154487343453,1399.609467020713,54023.340393745595,33872.5869402676,1434.0497116604806,0.8,59156.90023588902,1354.9927580297763,8063.7441762210865,10,0.0,66.50490942389683,63,41936.33111648869,0.2285,1.3888,0.7512673611111111
dynamic_rolling,2025-05-29,1399.609467020713,2721.6259523504527,60684.491838396134,37497.1315158682,510.5932030952724,0.8,61510.03987613448,0.0,0.0,0,0.0,1540.936438960416,62,37497.1315158682,0.3164,1.3731,0.7595125
dynamic_rolling,2025-05-30,2721.6259523504527,1817.8461142863127,26658.82123982711,11148.520476239446,375.98316677407513,0.8,35293.46762958217,0.0,0.0,0,0.0,17900.87181013635,53,11148.520476239446,0.0389,1.2666,0.5609930555555556
dynamic_rolling,2025-05-31,1817.8461142863127,2360.588392414582,28800.286440295637,11295.258793131095,584.1543427670194,0.8,36031.66912801706,134.79382811397306,404.04748590716827,4,0.0,16326.640579396613,51,11699.306279038265,0.1409,1.2,0.5663548611111112
dynamic_rolling,2025-06-01,2360.588392414582,1200.0000000000002,59288.889185356034,39919.12106670911,1910.7816741451556,0.8,62254.3310261568,13120.518400928428,78736.49385526232,61,0.0,2.6065858848241987,65,118655.61492197143,0.3697,1.406,0.8191805555555556
dynamic_rolling,2025-06-02,1200.0000000000002,1200.0,67452.40291067846,44098.836962514295,5653.101325388305,0.8,65329.13175070214,6973.991770030545,41626.019503107826,40,0.0,1951.1910714011588,65,85724.85646562211,0.3546,1.3869,0.8099458333333333
dynamic_rolling,2025-06-03,1200.0,1200.0000000000002,74515.53389880309,50289.16671418788,1549.082289328599,0.8,70807.49574451399,632.7592372983233,1951.8987427770403,12,0.0,2952.964166525649,75,52241.06545696492,0.3586,1.4412,0.806282638888889
dynamic_rolling,2025-06-04,1200.0000000000002,1200.0000000000002,75109.7578190876,49862.24195583636,3800.168638731928,0.8,70825.16973656202,1519.077581657855,6148.39273705436,25,0.0,2842.5434548525263,73,56010.63469289072,0.3598,1.4185,0.8136590277777778
dynamic_rolling,2025-06-05,1200.0000000000002,1356.903769414947,77705.38320625287,53146.66982976689,5934.568634089757,0.8,72356.45324154364,135.64623521067108,745.6771244240811,6,0.0,2462.481214849996,66,53892.34695419097,0.3403,1.4022,0.8220694444444444
dynamic_rolling,2025-06-06,1356.903769414947,1561.1419046408134,36588.971746774034,18053.510976087993,1341.0819437358823,0.8,43568.38808429567,1314.1659920346667,7803.3522203309585,6,0.0,4047.1773282098347,58,25856.86319641895,0.2445,1.2673,0.6492826388888889
dynamic_rolling,2025-06-07,1561.1419046408134,2270.5936772217,38304.78499890967,18944.41752009345,875.5219462178859,0.8,45511.32808237014,0.0,0.0,0,0.0,3371.5518568184275,41,18944.41752009345,0.2901,1.2859,0.6502881944444445
dynamic_rolling,2025-06-08,2270.5936772217,3195.433139121277,87166.74147567613,59594.52697672469,1092.150386630697,0.8,84074.7029391639,0.0,0.0,0,0.0,18456.694293869703,35,59594.52697672469,0.3642,1.4164,0.7970791666666668
dynamic_rolling,2025-06-09,3195.433139121277,3105.44849995286,84833.05384425988,59850.52125119099,5275.897904425769,0.8,82678.65187371272,0.0,0.0,0,0.0,10417.753349339502,38,59850.52125119099,0.3522,1.4169,0.81925625
dynamic_rolling,2025-06-10,3105.44849995286,3075.719158557368,81193.64390847927,55970.698879012074,1857.6650789577293,0.8,78702.35890487875,0.0,0.0,0,0.0,5788.755966514961,48,55970.698879012074,0.377,1.4372,0.8168180555555556
dynamic_rolling,2025-06-11,3075.719158557368,1928.3413347458836,80174.24686473499,54972.2195144291,1559.5480386890881,0.8,78699.72501411929,776.8685328079195,4550.851501794681,10,0.0,1457.6888094834092,67,59523.07101622378,0.2889,1.442,0.8316965277777778
dynamic_rolling,2025-06-12,1928.3413347458836,2856.5658043221474,84947.74784838929,59278.87611929508,3552.9145940240583,0.8,80433.51341278749,0.0,0.0,0,0.0,7647.522311715848,55,59278.87611929508,0.3069,1.4394,0.8219833333333333
dynamic_rolling,2025-06-13,2856.5658043221474,3288.7345793777326,40348.13757449643,20302.65243438107,1702.8268860408193,0.8,47398.90851460761,0.0,0.0,0,0.0,8120.797455576148,42,20302.65243438107,0.2565,1.298,0.6400291666666666
dynamic_rolling,2025-06-14,3288.7345793777326,3587.6772928370897,42636.48610769907,22037.985340104744,789.2092752334006,0.8,51259.193570089716,0.0,0.0,0,0.0,12459.788325687012,37,22037.985340104744,0.2585,1.238,0.6368673611111111
dynamic_rolling,2025-06-15,3587.6772928370897,2684.239866490655,79812.83436269875,54929.50622764787,3777.089008540969,0.8,78044.45488471958,0.0,0.0,0,0.0,6337.009801150638,59,54929.50622764787,0.3571,1.4464,0.8178270833333333
dynamic_rolling,2025-06-16,2684.239866490655,3280.9889834076953,80224.78644324784,55869.80356550036,447.31909642753743,0.8,78107.60042917792,2.106648686613653,14.369450691391728,1,0.0,2951.6368590959373,60,55884.17301619175,0.3023,1.3988,0.8232416666666666
dynamic_rolling,2025-06-17,3280.9889834076953,2776.793775001093,80997.31322026096,56398.316822419816,5547.771491226626,0.8,78009.73037449719,0.0,0.0,0,0.0,2540.879570214228,68,56398.316822419816,0.3465,1.4509,0.8286263888888888
dynamic_rolling,2025-06-18,2776.793775001093,2399.4862269903,79117.7457116773,55026.93202719334,3152.762924956145,0.8,76537.83465278179,0.0,0.0,0,0.0,4714.844548599562,74,55026.93202719334,0.3499,1.4109,0.82005
dynamic_rolling,2025-06-19,2399.4862269903,1943.8392109625274,77387.09420276662,53221.76440274336,1680.0477886005137,0.8,74648.87601290952,16.54379624298781,116.22016860698938,1,0.0,5795.045904789663,69,53337.98457135035,0.3554,1.4236,0.8079104166666666
dynamic_rolling,2025-06-20,1943.8392109625274,2240.8743779120077,34335.34190222624,17098.915375093424,581.0925607870802,0.8,42617.06317737794,0.0,0.0,0,0.0,8780.16032080443,50,17098.915375093424,0.2668,1.2402,0.6213069444444445
dynamic_rolling,2025-06-21,2240.8743779120077,1468.7372782895147,31387.286358324207,15311.839827216478,160.797010188001,0.8,39063.58481381985,902.5686764042631,2206.232820039682,17,0.0,10864.814083311045,50,17518.07264725616,0.1828,1.2633,0.6095256944444445
dynamic_rolling,2025-06-22,1468.7372782895147,1297.519007206612,71780.13414083839,48243.080984713626,4169.490413809345,0.8,69775.8742397361,96.44585030831058,265.1778654227,1,0.0,102.92941558728694,74,48508.25885013633,0.3355,1.4122,0.8074916666666668
dynamic_rolling,2025-06-23,1297.519007206612,1289.2820655614692,71781.67852418238,48520.41074450641,1106.1030240241182,0.8,70203.43832088402,0.0,0.0,0,0.0,511.23075040940216,79,48520.41074450641,0.3539,1.4023,0.8048722222222222
dynamic_rolling,2025-06-24,1289.2820655614692,1403.4166396399107,72485.68056196158,49989.378233826064,4420.220476944305,0.8,69509.64260682205,7779.517732125449,48772.32475191419,27,0.0,232.06303958378555,71,98761.70298574025,0.3611,1.4158,0.8405347222222221
dynamic_rolling,2025-06-25,1403.4166396399107,1200.0,72843.62700843238,48720.51957824745,3299.1073132088286,0.8,70224.4776429665,2245.5457499517797,13356.57011480247,17,0.0,789.3553197143523,75,62077.089693049915,0.3384,1.4004,0.8163465277777777
dynamic_rolling,2025-06-26,1200.0,1200.0,74371.92069108272,49138.73032220437,4694.093688355455,0.8,70912.80638285365,356.86510080312553,1356.9614051945318,10,0.0,2620.2633200920855,75,50495.6917273989,0.3376,1.417,0.8059743055555556
dynamic_rolling,2025-06-27,1200.0,1352.6182888994758,32032.933271124326,15409.481118544401,451.53233149266333,0.8,39388.60604442035,245.54275911293644,729.3629402079591,5,0.0,9561.271853732229,51,16138.84405875236,0.1708,1.2437,0.6051201388888889
dynamic_rolling,2025-06-28,1352.6182888994758,1317.4752377305813,32537.48607867906,15671.99917743916,732.0169353339094,0.8,40392.49129498497,0.0,0.0,0,0.0,7890.135285895079,67,15671.99917743916,0.1995,1.2402,0.6229888888888888
dynamic_rolling,2025-06-29,1317.4752377305813,1646.0807940904574,73740.25684500337,50118.89422348088,1343.932321591928,0.8,71478.77184920078,175.22726452856762,1144.077188136336,5,0.0,266.68281566406176,70,51262.97141161721,0.3508,1.3938,0.8118270833333334
dynamic_rolling,2025-06-30,1646.0807940904574,2024.8797690255142,77013.42917929858,50864.964772823776,4395.314714360095,0.8,72470.79015970614,18.364572153338713,127.55113589101403,1,0.0,2255.4856344151017,76,50992.51590871479,0.3316,1.4347,0.8101881944444445
dynamic_rolling,2025-07-01,2024.8797690255142,1200.0,76889.30301498684,55875.60972234352,5061.041564631492,0.8,72539.92874308008,7197.561948636414,46296.766389382916,38,0.0,2027.98993318181,78,102172.37611172644,0.3868,1.7322,0.8907618055555555
dynamic_rolling,2025-07-02,1200.0,1200.0,80745.3032708919,59149.82488533086,3880.6635342813533,0.8,78384.0814953858,1562.956557896342,8772.460529633518,25,0.0,5555.8313423086665,73,67922.28541496438,0.4184,1.727,0.8753215277777778
dynamic_rolling,2025-07-03,1200.0,1430.1664387752576,78441.52196632289,59555.06198770232,2200.8556435194287,0.8,77144.25375599328,4926.912132787579,38073.82677349355,23,0.0,0.0,71,97628.88876119588,0.3737,1.7936,0.9014361111111112
dynamic_rolling,2025-07-04,1430.1664387752576,1473.0052163509565,42203.492049040826,24472.30287229939,1332.9109479807641,0.8,49127.32147653399,0.0,0.0,0,0.0,10270.665720753303,50,24472.30287229939,0.1337,1.5677,0.6903083333333333
dynamic_rolling,2025-07-05,1473.0052163509565,2664.892686221252,45351.42140074847,25833.878888291998,530.7484145250799,0.8,53101.12903626752,0.0,0.0,0,0.0,12327.482168224207,46,25833.878888291998,0.168,1.5334,0.68431875
dynamic_rolling,2025-07-06,2664.892686221252,1632.4627223392426,82153.1630390879,61901.64287975088,3781.179477447942,0.8,82246.3016854451,1271.3825912584455,10571.98561396389,8,0.0,564.0588287914154,79,72473.62849371477,0.4315,1.7731,0.8986708333333334
dynamic_rolling,2025-07-07,1632.4627223392426,4830.820029530442,94181.91764305106,70609.25129906293,1395.2353082013205,0.8,91538.61654339064,0.0,0.0,0,0.0,14397.412313977256,33,70609.25129906293,0.3983,1.7052,0.8773902777777778
dynamic_rolling,2025-07-08,4830.820029530442,5142.975701414273,91394.01687041791,70288.45995888422,3707.4056652068452,0.8,92165.08081332661,0.0,0.0,0,0.0,12022.903379292473,42,70288.45995888422,0.3935,1.7507,0.8836034722222222
dynamic_rolling,2025-07-09,5142.975701414273,4518.539541649506,89040.45798625355,67979.71511516337,3428.2604202454795,0.8,90739.59548042431,0.0,0.0,0,0.0,12298.136323837254,35,67979.71511516337,0.3976,1.7416,0.8791770833333333
dynamic_rolling,2025-07-10,4518.539541649506,3453.8786062357526,84575.58672614722,64357.92344203002,1773.8642400714077,0.8,85899.39331048477,0.0,0.0,0,0.0,9355.178930497003,49,64357.92344203002,0.4072,1.7648,0.8775076388888888
dynamic_rolling,2025-07-11,3453.8786062357526,4272.458292394062,48420.69010409358,29240.859994719678,1079.2571999577285,0.8,56826.20429460642,0.0,0.0,0,0.0,12577.035389549586,27,29240.859994719678,0.2855,1.5451,0.7069465277777778
dynamic_rolling,2025-07-12,4272.458292394062,3296.0881073211185,48690.30881553757,27812.541997854794,-2.8210820346430406e-13,0.8,56189.97612065231,0.0,0.0,0,0.0,15626.370778125687,31,27812.541997854794,0.2556,1.5783,0.6942819444444444
dynamic_rolling,2025-07-13,3296.0881073211185,2441.8320597292777,83802.6016208503,60976.891847169056,2586.5714750580496,0.8,83236.27967598097,5.786146838821082,47.411687197299955,1,0.0,12019.205439548467,45,61024.30353436636,0.3392,1.7345,0.8542875
dynamic_rolling,2025-07-14,2441.8320597292777,4024.9153623335587,90052.48298483016,66570.25748945924,1189.1190582229017,0.8,86062.09932353243,0.0,0.0,0,0.0,13138.82777080077,37,66570.25748945924,0.3522,1.7345,0.8722152777777779
dynamic_rolling,2025-07-15,4024.9153623335587,4509.331049312516,87543.87022112627,65056.724065012546,529.6575473969567,0.8,87309.98390198499,0.0,0.0,0,0.0,10813.983172543587,37,65056.724065012546,0.3419,1.7416,0.8721083333333334
dynamic_rolling,2025-07-16,4509.331049312516,3524.075330243148,84317.18013172259,64017.847062515175,2583.855246738643,0.8,85367.21986825402,0.0,0.0,0,0.0,9989.133778231164,39,64017.847062515175,0.3718,1.6813,0.8758020833333333
dynamic_rolling,2025-07-17,3524.075330243148,1908.0086470738954,79507.5724266026,59023.132139896064,733.3924746466222,0.8,80466.37110458431,0.0,0.0,0,0.0,4452.552306642148,54,59023.132139896064,0.3696,1.7092,0.8748208333333334
dynamic_rolling,2025-07-18,1908.0086470738954,1972.4911011166632,42595.33723840313,24209.023987994977,749.7733604524512,0.8,51230.42780556033,0.0,0.0,0,0.0,8553.14783543398,45,24209.023987994977,0.3031,1.5835,0.6942027777777777
dynamic_rolling,2025-07-19,1972.4911011166632,1200.0000000000002,40787.97016427691,22320.92511054952,860.4416749399285,0.8,48412.17771856599,1097.9336347856797,6800.75806617426,14,0.0,12383.283471670144,57,29121.68317672378,0.1583,1.5795,0.6802993055555555
dynamic_rolling,2025-07-20,1200.0000000000002,1215.501159624756,76906.30862024418,55979.080291156075,860.6926036814897,0.8,76104.43776547853,152.4058858619195,595.7600540111434,5,0.0,1067.0403377516843,66,56574.84034516722,0.3497,1.7018,0.8676124999999999
dynamic_rolling,2025-07-21,1215.501159624756,1329.243687064435,77304.79169377638,57326.17702833424,1431.3665086310423,0.8,75936.8644014723,793.2330150892424,5420.64931674012,12,0.0,68.99685641108158,68,62746.82634507436,0.3888,1.7317,0.8791791666666667
dynamic_rolling,2025-07-22,1329.243687064435,2190.7906701604447,81639.2904423149,59871.06150796016,637.5692896213629,0.8,79655.65900062498,40.731444912436025,253.13809166009543,3,0.0,3074.4392899939903,62,60124.19959962026,0.3953,1.7059,0.8751333333333333
dynamic_rolling,2025-07-23,2190.7906701604447,1432.2860316904407,78305.171891382,57640.78283981535,2177.6310790545836,0.8,78541.33994012114,28.522160080476056,244.19113386899454,2,0.0,705.8135234090479,67,57884.97397368435,0.4298,1.7196,0.8755840277777778
dynamic_rolling,2025-07-24,1432.2860316904407,1602.1286969485554,79301.91314552879,58947.099867198536,2035.723323797019,0.8,78072.92576045767,31.689429394504607,87.3360674112547,1,0.0,1516.9506498302926,76,59034.43593460979,0.4014,1.7129,0.8774458333333334
dynamic_rolling,2025-07-25,1602.1286969485554,1200.0,39369.052270516964,21892.755999695964,201.6833687502542,0.8,46877.5201835934,1149.561629801573,3986.5915408396245,25,0.0,11518.750951248634,56,25879.34754053559,0.192,1.5162,0.67696875
dynamic_rolling,2025-07-26,1200.0,1200.0000000000002,39197.18307271153,21270.44287965474,557.637655283471,0.8,45966.934472159905,1987.948054879219,7708.471885691276,27,0.0,9253.035477376385,48,28978.914765346017,0.2778,1.5779,0.6880090277777778
dynamic_rolling,2025-07-27,1200.0000000000002,1200.0,74261.08702619665,54385.14015776529,985.6323154530822,0.8,73301.10366183962,4426.626604018214,24565.994295801742,34,0.0,891.5905736553524,62,78951.13445356704,0.3756,1.6917,0.87713125
dynamic_rolling,2025-07-28,1200.0,1255.1386370329424,77627.25066129336,56410.762379878826,2294.4905410163956,0.8,76141.35566424517,4546.004263611547,35440.57712684403,21,0.0,302.7414606091652,75,91851.33950672286,0.3783,1.7444,0.8862368055555556
dynamic_rolling,2025-07-29,1255.1386370329424,2861.3185719512167,90419.16659298501,66558.55236422265,404.5594033368203,0.8,86366.83988546595,0.0,0.0,0,0.0,8876.229246392024,53,66558.55236422265,0.4164,1.7497,0.8846277777777778
dynamic_rolling,2025-07-30,2861.3185719512167,2818.6604943192133,84518.07847808678,63133.072994076574,832.4330018544897,0.8,82864.85065938279,0.0,0.0,0,0.0,6918.5641096039435,52,63133.072994076574,0.3727,1.6898,0.8796965277777778
dynamic_rolling,2025-07-31,2818.6604943192133,2459.2979370943526,83625.10640668187,61470.55356257404,2102.696764121975,0.8,80456.68169844331,0.0,0.0,0,0.0,5329.831999517883,60,61470.55356257404,0.381,1.7439,0.8814312499999999
dynamic_rolling,2025-08-01,2459.2979370943526,2894.5273964349253,42991.52797090172,24425.827139169316,432.8336625365813,0.8,51867.74904922917,0.0,0.0,0,0.0,18483.983333421493,34,24425.827139169316,0.1568,1.5892,0.6663972222222222
dynamic_rolling,2025-08-02,2894.5273964349253,2296.772970683137,40643.57443881658,22523.318200897014,1085.3922468424478,0.8,49558.48458629095,0.0,0.0,0,0.0,17187.212526018222,42,22523.318200897014,0.1219,1.5378,0.6621874999999999
dynamic_rolling,2025-08-03,2296.772970683137,1643.5390195872174,80698.44423739423,57100.82557119387,173.8454744239432,0.8,80312.27209077279,118.62607375286177,996.0948905706084,4,0.0,15070.64356105087,39,58096.92046176448,0.3408,1.692,0.83336875
dynamic_rolling,2025-08-04,1643.5390195872174,1462.612587477011,70909.22823775526,51823.70358537902,1454.5883138204567,0.8,74883.43709943046,0.0,0.0,0,0.0,1768.808803575299,69,51823.70358537902,0.374,1.6947,0.8447847222222222
dynamic_rolling,2025-08-05,1462.612587477011,1200.0000000000002,68520.2509506206,50129.53438610319,1646.9435698302163,0.8,72869.49624577642,534.1948401763354,3015.3096115647413,12,0.0,154.48011723279876,67,53144.84399766793,0.3346,1.7018,0.8445958333333334
dynamic_rolling,2025-08-06,1200.0000000000002,1200.0,69062.5420867705,51055.593560365225,2417.1434932584693,0.8,73489.7641683474,3051.5112191420185,22694.407752365994,20,0.0,208.06562549438365,61,73750.00131273121,0.3616,1.7116,0.8577486111111111
dynamic_rolling,2025-08-07,1200.0,1395.175574337348,70646.53840155678,51523.88886830323,1805.928225668967,0.8,74163.65621771115,71.59669025677657,279.6054537236745,3,0.0,3033.848200085462,53,51803.494322026905,0.3292,1.7422,0.8411048611111112
dynamic_rolling,2025-08-08,1395.175574337348,1798.1758207629694,39901.90032186566,21643.52595704195,1009.5192759343752,0.8,47622.778587757166,0.0,0.0,0,0.0,20807.81627677417,54,21643.52595704195,0.0665,1.5268,0.6379520833333333
dynamic_rolling,2025-08-09,1798.1758207629694,2372.7665364985946,41446.88723749996,22919.609476911835,769.3600851717379,0.8,48853.558664754266,0.0,0.0,0,0.0,18808.847683647557,48,22919.609476911835,0.1714,1.5586,0.6529750000000001
dynamic_rolling,2025-08-10,2372.7665364985946,1589.0451723155627,68603.64832416002,51364.61843682962,2029.5831976476861,0.8,74470.47332249909,0.0,0.0,0,0.0,239.58490278647275,60,51364.61843682962,0.3761,1.7523,0.8486909722222223
dynamic_rolling,2025-08-11,1589.0451723155627,1533.7792692506703,71337.21417145454,51284.62919571452,585.2957387543017,0.8,75471.81590577989,75.12989624887506,211.28267738367322,3,0.0,2702.2101454727454,57,51495.91187309819,0.3636,1.7686,0.8396298611111112
dynamic_rolling,2025-08-12,1533.7792692506703,1391.7655814351315,69802.30185931252,51288.441378557996,828.3572866526654,0.8,73921.41967075402,1451.5661344286373,11706.52196864572,8,0.0,93.06671850086286,69,62994.96334720372,0.3472,1.7091,0.8573708333333333
dynamic_rolling,2025-08-13,1391.7655814351315,2286.4399717574843,75253.05368875779,54932.37551273523,502.14366494285895,0.8,77168.95454618524,13.783689162805103,111.88220493448901,1,0.0,4757.517285515671,53,55044.257717669716,0.3789,1.7327,0.8531652777777778
dynamic_rolling,2025-08-14,2286.4399717574843,1429.3131335174812,70486.82352644688,51236.29912929448,2213.266159805734,0.8,74343.68400946865,534.6458398177517,3519.6245875042655,11,0.0,1829.8037455297415,65,54755.923716798745,0.3843,1.7384,0.8501201388888889
dynamic_rolling,2025-08-15,1429.3131335174812,1466.072206479529,39466.24126389996,21903.871479143454,445.68556954146635,0.8,47259.19335185386,0.0,0.0,0,0.0,19558.404271132244,48,21903.871479143454,0.1119,1.6114,0.6512152777777778
dynamic_rolling,2025-08-16,1466.072206479529,2128.606524478191,42048.492465031406,23225.379806073153,363.1902943964636,0.8,49342.93417064252,0.0,0.0,0,0.0,21306.30671390531,39,23225.379806073153,0.0685,1.5409,0.6473409722222221
dynamic_rolling,2025-08-17,2128.606524478191,2570.7807006268777,77239.83324475389,55794.951640771025,188.4410962688437,0.8,78981.14446606438,8.317535935027422,69.83779143409241,2,0.0,10149.154702411834,37,55864.789432205114,0.3386,1.7136,0.8399
dynamic_rolling,2025-08-18,2570.7807006268777,1949.997098479082,68183.99725874019,50776.2087391627,410.71420926527117,0.8,74192.37061925812,34.306085938343244,288.93666129425264,2,0.0,526.2528752492781,56,51065.14540045695,0.3325,1.7616,0.8475611111111111
dynamic_rolling,2025-08-19,1949.997098479082,2119.4284004733804,73766.6475383457,54435.519035776364,552.1334537472097,0.8,77402.45056214006,3.743880216448133,31.806134378835115,1,0.0,5840.100307146569,48,54467.3251701552,0.4324,1.7202,0.8429152777777777
dynamic_rolling,2025-08-20,2119.4284004733804,1388.1253290199331,70497.79751519345,51771.336352604725,3129.217396543615,0.8,74810.23922478297,3729.9880434116358,26347.87558412632,14,0.0,495.9879231490454,58,78119.21193673104,0.4085,1.7251,0.866348611111111
dynamic_rolling,2025-08-21,1388.1253290199331,1502.9965430940103,75115.59020904783,54309.656645764684,1073.0975768142696,0.8,76123.48373194943,0.0,0.0,0,0.0,5576.3043266009345,63,54309.656645764684,0.4163,1.7157,0.8472069444444443
dynamic_rolling,2025-08-22,1502.9965430940103,1344.0520146795402,40322.82758228825,22432.081983127682,650.6644071850235,0.8,48448.7119658086,284.46399957804476,1681.9002058966307,4,0.0,16730.323301398625,54,24113.98218902431,0.1444,1.5612,0.6604708333333333
dynamic_rolling,2025-08-23,1344.0520146795402,1787.895428683651,41539.90978566942,22772.819826682866,760.4356737285261,0.8,48931.155729056394,0.0,0.0,0,0.0,15660.667876762662,46,22772.819826682866,0.1405,1.5209,0.6591965277777778
dynamic_rolling,2025-08-24,1787.895428683651,1821.0587359043834,76727.40166181696,55226.793782943496,1087.3634942935673,0.8,76278.80936073604,0.0,0.0,0,0.0,9061.528347447746,63,55226.793782943496,0.3394,1.7075,0.8410215277777777
dynamic_rolling,2025-08-25,1821.0587359043834,2044.6945980394119,77696.69875488324,56474.990121193456,1355.9567835206908,0.8,78213.71272700273,0.0,0.0,0,0.0,2831.7960383170484,55,56474.990121193456,0.3974,1.7083,0.8601569444444443
dynamic_rolling,2025-08-26,2044.6945980394119,1888.2716660381282,74354.69142001336,53309.99169492486,2208.2731996585658,0.8,76259.3784428954,0.0,0.0,0,0.0,5013.477578471226,64,53309.99169492486,0.3224,1.6987,0.8444180555555555
dynamic_rolling,2025-08-27,1888.2716660381282,1209.1796826783166,73208.663625787,52642.049824487694,1574.2355822914708,0.8,75363.47835677394,0.0,0.0,0,0.0,1710.296805981075,65,52642.049824487694,0.3375,1.7058,0.8533875
dynamic_rolling,2025-08-28,1209.1796826783166,1310.573559504262,73289.29512751903,53136.064733067426,2541.0411159427517,0.8,76183.11796571588,1608.7404977349531,12245.346771593318,12,0.0,153.18767023779117,75,65381.41150466075,0.3748,1.7227,0.863504861111111
dynamic_rolling,2025-08-29,1310.573559504262,1517.205100043339,40832.41892039322,22433.592787436588,273.45109642574454,0.8,48165.39230475128,0.0,0.0,0,0.0,14961.615065702523,53,22433.592787436588,0.1616,1.5608,0.6645076388888889
dynamic_rolling,2025-08-30,1517.205100043339,1200.0000000000002,40802.735080975566,22352.42707733486,290.590590532859,0.8,47779.25584841698,382.78475099815836,890.2385591832056,9,0.0,19742.77338791149,54,23242.665636518068,0.115,1.5978,0.6546625
dynamic_rolling,2025-08-31,1200.0000000000002,2114.7209645776225,74502.51409388005,53179.01292930889,871.8514929226345,0.8,75251.95037594115,0.0,0.0,0,0.0,3023.2879353818744,55,53179.01292930889,0.4046,1.7034,0.846538888888889
dynamic_rolling,2025-09-01,2114.7209645776225,6158.3027866722305,73152.4316931545,47326.89483929812,37.856226049816904,0.8,75140.2361002719,0.0,0.0,0,0.0,12165.871631310496,29,47326.89483929812,0.3616,1.367,0.7517326388888889
dynamic_rolling,2025-09-02,6158.3027866722305,5052.3117091910535,63102.13093738029,41818.041869439396,1001.1171922401502,0.8,71052.77891975851,0.0,0.0,0,0.0,6492.727397422658,37,41818.041869439396,0.3185,1.3791,0.7539930555555555
dynamic_rolling,2025-09-03,5052.3117091910535,3807.64068849522,61191.8662699337,40879.92716579061,1414.4831661924056,0.8,68435.20237358808,0.0,0.0,0,0.0,3048.8981936126675,54,40879.92716579061,0.3744,1.3826,0.7609944444444445
dynamic_rolling,2025-09-04,3807.64068849522,3489.528270852771,61301.92991689268,40200.35679741964,1037.1141163486652,0.8,66865.42184887378,0.0,0.0,0,0.0,3718.272915761919,57,40200.35679741964,0.3556,1.3949,0.7569979166666667
dynamic_rolling,2025-09-05,3489.528270852771,2742.89373169516,30969.952874590148,14366.105824002216,258.18253479833976,0.8,40813.893250353925,0.0,0.0,0,0.0,21840.966969930123,39,14366.105824002216,0.1454,1.2232,0.5586402777777777
dynamic_rolling,2025-09-06,2742.89373169516,2442.2494284568925,29724.787939928865,13594.800146006077,342.40233055570144,0.8,38863.89648870106,1117.003785574017,3622.1356405306547,9,0.0,20455.931688174685,44,17216.93578653673,0.07,1.2147,0.5657111111111112
dynamic_rolling,2025-09-07,2442.2494284568925,1265.8155367892875,55072.5917382488,35490.156261290605,1482.277315625761,0.8,61534.5294687305,2749.0921078923866,15149.186955988002,17,0.0,47.548996637030996,62,50639.343217278605,0.3572,1.3878,0.7593138888888888
dynamic_rolling,2025-09-08,1265.8155367892875,1200.0000000000002,51953.11969238674,33317.72517078633,663.5384637759214,0.8,57887.602858365164,10719.096405398242,61048.208210894365,46,0.0,0.0,68,94365.93338168069,0.3635,1.358,0.7735236111111111
dynamic_rolling,2025-09-09,1200.0000000000002,1200.0000000000002,59096.29269596286,36866.516799246616,3047.5699234343574,0.8,60825.15288533243,2097.3786741775507,12551.991849962811,17,0.0,3863.881990813788,78,49418.50864920943,0.2568,1.377,0.7518833333333333
dynamic_rolling,2025-09-10,1200.0000000000002,1336.3782956578139,61989.077456398954,40011.06366545485,2494.19838201353,0.8,65604.17925846638,3909.369715225361,22860.24942012116,20,0.0,347.78172152957006,67,62871.31308557601,0.3604,1.3717,0.7818236111111112
dynamic_rolling,2025-09-11,1336.3782956578139,1337.6412219121378,66102.68876134847,41121.576511804786,1972.328820408177,0.8,63655.47295525657,0.0,0.0,0,0.0,8334.172064502593,64,41121.576511804786,0.301,1.368,0.7530638888888889
dynamic_rolling,2025-09-12,1337.6412219121378,1265.152372368539,31879.44131496442,13829.533104165734,1062.6315617306068,0.8,38089.310075361485,174.81859787558022,401.9485504248986,5,0.0,17220.522543776828,59,14231.481654590632,0.112,1.219,0.5750854166666666
dynamic_rolling,2025-09-13,1265.152372368539,1399.0313007015693,32757.468268590048,14241.104523927163,956.6246024730423,0.8,40229.95974139542,76.17076939466814,232.1154538059495,5,0.0,21433.544710222573,49,14473.219977733112,0.0376,1.2673,0.5665159722222222
dynamic_rolling,2025-09-14,1399.0313007015693,1200.0000000000002,61274.85102013699,39645.00255268369,2650.2062191075297,0.8,65921.7496105368,2429.9761803913902,15245.847581830229,13,0.0,29.587079366375292,67,54890.85013451392,0.3774,1.3811,0.7759062499999999
dynamic_rolling,2025-09-15,1200.0000000000002,1200.0000000000002,61375.985028310926,39329.57108614512,1747.5920950113582,0.8,63318.02983110704,1556.7717207651963,7294.232795928765,20,0.0,3666.7057951425295,69,46623.80388207389,0.3138,1.3666,0.761726388888889
dynamic_rolling,2025-09-16,1200.0000000000002,1200.0,66175.51788007816,42489.02981700783,1435.5874523208163,0.8,67507.31385415499,596.4999159621708,2209.377387120093,15,0.0,3369.162993500719,58,44698.40720412792,0.3741,1.3713,0.7779465277777776
dynamic_rolling,2025-09-17,1200.0,2229.121033200198,72024.47543225414,45964.63348692871,1576.3653203012668,0.8,70323.37273897875,0.0,0.0,0,0.0,7272.762890727688,52,45964.63348692871,0.3228,1.3545,0.778054861111111
dynamic_rolling,2025-09-18,2229.121033200198,2485.026479388849,69962.61685147235,45000.85655096088,895.6859242734505,0.8,71575.39958390057,0.0,0.0,0,0.0,6971.051178073995,48,45000.85655096088,0.355,1.4221,0.7698256944444445
dynamic_rolling,2025-09-19,2485.026479388849,3657.186290980177,37331.3988904194,16979.856927574612,768.3399250283758,0.8,45367.98759269164,0.0,0.0,0,0.0,16877.57188190708,42,16979.856927574612,0.2021,1.2857,0.5932520833333333
dynamic_rolling,2025-09-20,3657.186290980177,3154.637423766553,35206.370106240465,15597.02380472302,1075.6628587294465,0.8,44434.02876873946,0.0,0.0,0,0.0,16866.25614973773,40,15597.02380472302,0.0958,1.2367,0.5874611111111112
dynamic_rolling,2025-09-21,3154.637423766553,2462.030761669333,71135.62940362739,46382.65282154801,1414.1588528189939,0.8,73214.65070185976,0.0,0.0,0,0.0,10171.506965474437,36,46382.65282154801,0.36,1.3742,0.7738493055555556
dynamic_rolling,2025-09-22,2462.030761669333,1908.4565339996923,71699.57042312139,46690.975337188414,1656.6218071114265,0.8,71582.07800352683,0.0,0.0,0,0.0,7962.953894148801,57,46690.975337188414,0.381,1.3934,0.7821659722222223
dynamic_rolling,2025-09-23,1908.4565339996923,2498.625600890242,72394.13208802031,47642.94527087511,1121.5049133055143,0.8,74075.11862663232,0.0,0.0,0,0.0,6152.4487201130205,54,47642.94527087511,0.3271,1.3866,0.7817520833333333
dynamic_rolling,2025-09-24,2498.625600890242,3291.7659624667117,71289.27443601048,46811.45634944415,2341.1960838665786,0.8,75002.9628230533,0.0,0.0,0,0.0,5566.989822244329,36,46811.45634944415,0.3701,1.3677,0.7761097222222222
dynamic_rolling,2025-09-25,3291.7659624667117,2030.3678729749624,71635.91748632706,46808.94159647894,2347.7761149931357,0.8,73149.5625057263,0.0,0.0,0,0.0,8981.796236280614,51,46808.94159647894,0.3266,1.3825,0.7776076388888888
dynamic_rolling,2025-09-26,2030.3678729749624,2875.3031581214796,38199.517143983816,16716.18058953779,835.1194451513747,0.8,44674.64742988924,0.0,0.0,0,0.0,16606.19548313426,40,16716.18058953779,0.1786,1.1987,0.5928138888888889
dynamic_rolling,2025-09-27,2875.3031581214796,2231.1529039271463,36544.123433519984,16686.31120238603,927.3869023073792,0.8,45002.997707615454,0.0,0.0,0,0.0,16181.30946126077,48,16686.31120238603,0.208,1.2231,0.5996840277777777
dynamic_rolling,2025-09-28,2231.1529039271463,2486.99535899663,72516.39314788599,48050.13310726373,3386.3176755793734,0.8,73068.91308590751,5.868333333333339,40.07191416666671,1,0.0,5046.594325493693,50,48090.205021430396,0.3864,1.3665,0.7893881944444444
dynamic_rolling,2025-09-29,2486.99535899663,1200.0000000000002,66282.59621146636,43027.86444329593,1362.6543025004103,0.8,68441.62018330923,703.7846894486909,3550.766043205582,5,0.0,1147.2484512704832,70,46578.63048650151,0.3708,1.3651,0.7877583333333333
dynamic_rolling,2025-09-30,1200.0000000000002,1242.928109571342,76128.371202482,48881.06819247494,3214.8727630162452,0.8,72320.45707038946,281.50904944852584,1850.1351477898272,4,0.0,6486.731880022209,67,50731.203340264765,0.3589,1.3781,0.7938243055555556
dynamic_rolling,2025-10-01,1242.928109571342,3986.48513477037,77459.76402840365,47121.67281446553,1295.4811936771293,0.8,72208.88552480582,0.0,0.0,0,0.0,21276.079911804736,37,47121.67281446553,0.2329,1.3138,0.7381555555555556
dynamic_rolling,2025-10-02,3986.48513477037,2653.2216658716816,57576.29838363736,37148.66449591022,1399.6284301542623,0.8,64810.94076855857,0.0,0.0,0,0.0,3502.3981279609493,55,37148.66449591022,0.3234,1.3383,0.7419722222222223
dynamic_rolling,2025-10-03,2653.2216658716816,3585.3922501032316,33687.042140780286,13592.151097226357,533.7458887840753,0.8,40878.20150300537,0.0,0.0,0,0.0,21605.955825022855,40,13592.151097226357,0.0924,1.1747,0.5579645833333333
dynamic_rolling,2025-10-04,3585.3922501032316,2744.0107891692714,30667.024994199237,12935.952908465886,278.73111034437864,0.8,39303.26374557081,0.0,0.0,0,0.0,15149.737697183842,52,12935.952908465886,0.132,1.1845,0.5858305555555555
dynamic_rolling,2025-10-05,2744.0107891692714,2967.0579444316645,61922.08070606716,39330.569336620196,2259.799607980027,0.8,67565.68325184193,0.0,0.0,0,0.0,3017.117014308129,45,39330.569336620196,0.3247,1.303,0.752561111111111
dynamic_rolling,2025-10-06,2967.0579444316645,2670.7607344940984,64233.482322994234,41145.12454974258,3668.8171434434553,0.8,68575.51192982633,0.0,0.0,0,0.0,2592.143018227758,51,41145.12454974258,0.3294,1.3468,0.7684895833333333
dynamic_rolling,2025-10-07,2670.7607344940984,2910.5784065517487,66183.90256410615,41414.1717344614,951.2045676300174,0.8,68370.55997254715,0.0,0.0,0,0.0,3977.4125901677808,56,41414.1717344614,0.341,1.3141,0.7657534722222222
dynamic_rolling,2025-10-08,2910.5784065517487,1224.4230247278517,62781.722601328605,39090.56045537575,447.75462408592256,0.8,65644.65736491284,0.0,0.0,0,0.0,3935.1098964967396,58,39090.56045537575,0.37,1.3239,0.7606854166666666
dynamic_rolling,2025-10-09,1224.4230247278517,1200.0,61205.75267761521,37895.00109880683,2808.004365916383,0.8,63843.76139110701,827.2497224124087,4296.853122956206,13,0.0,2004.4744297912262,71,42191.85422176304,0.3337,1.3793,0.7578034722222222
dynamic_rolling,2025-10-10,1200.0,1200.0000000000002,30309.252343720844,11870.465879261694,689.7331981752243,0.8,37285.6765675193,915.5603160369099,2736.503247505419,17,0.0,18335.11246806067,63,14606.969126767113,0.039,1.1569,0.5595319444444445
dynamic_rolling,2025-10-11,1200.0000000000002,1506.2582395716022,32238.965642611267,12806.196449789484,131.24083404942616,0.8,39152.95267686981,0.0,0.0,0,0.0,14094.484105276993,57,12806.196449789484,0.155,1.184,0.5845513888888889
dynamic_rolling,2025-10-12,1506.2582395716022,1313.284428912295,64671.69217444543,39837.01853342912,562.2162080193305,0.8,67043.68098512643,5.427996943283152,27.26211464763963,1,0.0,2266.1953295541557,60,39864.28064807676,0.3076,1.3451,0.76634375
dynamic_rolling,2025-10-13,1313.284428912295,1884.3874168782052,67506.07150960316,42106.72027835106,68.68690379329172,0.8,68594.80054774095,0.0,0.0,0,0.0,6005.114517747426,49,42106.72027835106,0.3599,1.3254,0.764651388888889
dynamic_rolling,2025-10-14,1884.3874168782052,1817.9634868145458,67845.23560704773,42502.6029098663,197.1325684958554,0.8,68586.62369204254,0.0,0.0,0,0.0,3097.3811982317843,53,42502.6029098663,0.3194,1.3729,0.7730666666666666
dynamic_rolling,2025-10-15,1817.9634868145458,1323.2826264516705,64160.99289120377,40107.271837771186,1146.9886674315599,0.8,66714.11200661532,1804.790721761878,10891.105128810945,14,0.0,164.33360151150634,67,50998.37696658213,0.3279,1.3505,0.7760555555555556
dynamic_rolling,2025-10-16,1323.2826264516705,1200.0000000000002,67455.57571599315,42274.59253647644,561.035093179613,0.8,67374.51194239837,1393.7203915779965,8418.783719406198,14,0.0,1614.2223817884378,78,50693.37625588264,0.3224,1.3193,0.7822208333333331
dynamic_rolling,2025-10-17,1200.0000000000002,1217.5947084886254,32804.68076698264,13048.92953096643,226.1976231840253,0.8,39289.87793464421,285.0861969368272,678.9176573363123,10,0.0,13458.369072153166,51,13727.847188302743,0.1661,1.1647,0.58880625
dynamic_rolling,2025-10-18,1217.5947084886254,1733.2679801576392,33613.92750966113,13385.901274553738,238.57809936967323,0.8,39704.21924190332,0.0,0.0,0,0.0,13348.40443542191,62,13385.901274553738,0.1762,1.1522,0.5830680555555555
dynamic_rolling,2025-10-19,1733.2679801576392,1260.1245483734983,70273.50277035357,44514.48502540961,185.39502045073627,0.8,69656.54099079697,450.99606627506387,2748.243996157189,7,0.0,2892.6446003125584,72,47262.729021566796,0.3396,1.3441,0.7893604166666667
dynamic_rolling,2025-10-20,1260.1245483734983,1724.8491926630645,72749.27529228144,46534.150322082285,458.67848448998086,0.8,72206.61542010802,199.83171986504874,1047.9675694462023,3,0.0,3796.3986065634617,47,47582.11789152849,0.3284,1.3294,0.7871270833333333
dynamic_rolling,2025-10-21,1724.8491926630645,2053.4801791926993,73074.78900250618,47211.519380940605,92.67490618615956,0.8,72267.5583869504,0.0,0.0,0,0.0,2218.619701240853,61,47211.519380940605,0.3559,1.3281,0.79530625
dynamic_rolling,2025-10-22,2053.4801791926993,1200.0,72716.48630132951,46646.10994185745,240.89173723273726,0.8,71500.34951689575,399.26503333968594,1727.9497022580422,12,0.0,4245.941914779645,60,48374.05964411549,0.3376,1.3348,0.7929506944444444
dynamic_rolling,2025-10-23,1200.0,1564.6191819443593,71238.62784149018,45237.014750526156,1457.383996286259,0.8,71688.56238871404,0.0,0.0,0,0.0,3203.5063338974524,63,45237.014750526156,0.3637,1.3254,0.7813361111111112
dynamic_rolling,2025-10-24,1564.6191819443593,1257.1334925411613,32975.93820878356,13659.696872851793,255.75176299253576,0.8,40254.25002259604,150.55936582760637,512.7479972605538,4,0.0,11807.161105105173,55,14172.444870112347,0.1355,1.1463,0.5963583333333333
dynamic_rolling,2025-10-25,1257.1334925411613,1505.1244966345746,34870.12815274292,14393.857751263173,163.2805288702647,0.8,41203.87659765994,0.0,0.0,0,0.0,11815.452288436314,51,14393.857751263173,0.1778,1.172,0.5985090277777778
dynamic_rolling,2025-10-26,1505.1244966345746,1916.5789955880646,71083.32612250128,45879.01171420628,780.2728227600649,0.8,71576.22224428154,0.0,0.0,0,0.0,1891.0660771448902,68,45879.01171420628,0.3661,1.3094,0.7873305555555555
dynamic_rolling,2025-10-27,1916.5789955880646,1512.7797390791197,74351.6186095766,47413.98883931569,633.5427652955796,0.8,73346.14844977576,0.0,0.0,0,0.0,7108.057696077539,61,47413.98883931569,0.3474,1.3209,0.7828958333333333
dynamic_rolling,2025-10-28,1512.7797390791197,1829.656927395331,70962.05055322972,46016.17991904558,1024.7949325648651,0.8,70796.58106253284,0.0,0.0,0,0.0,379.98881042731887,57,46016.17991904558,0.3814,1.363,0.7930666666666668
dynamic_rolling,2025-10-29,1829.656927395331,1200.0000000000005,69839.76958388576,45643.87403821793,1280.838492407146,0.8,70827.45873786628,2943.4190481934684,17821.11690997181,17,0.0,257.52462073272557,65,63464.99094818974,0.3617,1.3399,0.8069569444444444
dynamic_rolling,2025-10-30,1200.0000000000005,1201.556911739394,72517.92596531996,47367.972095202116,1517.5084627487115,0.8,71821.41086677762,96.73025277808803,378.17742278756896,7,0.0,3619.6477986422688,66,47746.14951798969,0.3217,1.3188,0.7919604166666666
dynamic_rolling,2025-10-31,1201.556911739394,1462.2982089799245,34830.252746607155,14350.755208953853,144.0359772387875,0.8,41599.59185837915,0.0,0.0,0,0.0,7153.1542600318635,54,14350.755208953853,0.2016,1.1689,0.6177326388888889
dynamic_rolling,2025-11-01,1462.2982089799245,1529.9486206223705,34037.5149775553,13772.133919849266,242.60220886734055,0.8,40967.74926496707,0.0,0.0,0,0.0,7720.208354559538,66,13772.133919849266,0.2088,1.193,0.6046034722222222
dynamic_rolling,2025-11-02,1529.9486206223705,1338.7106934000565,73820.96803263799,48563.03099474303,904.993635936427,0.8,72471.56914797548,0.0,0.0,0,0.0,941.4822173158855,77,48563.03099474303,0.3823,1.3248,0.8022444444444444
dynamic_rolling,2025-11-03,1338.7106934000565,1971.1975347987852,78356.75944394284,52283.828794891786,101.63242182117654,0.8,75228.30648482442,0.0,0.0,0,0.0,4089.4717916110753,61,52283.828794891786,0.3421,1.3314,0.8054708333333334
dynamic_rolling,2025-11-04,1971.1975347987852,1378.5219445927287,75284.7502394323,49478.84445222305,528.7651496452809,0.8,73479.87838816195,38.572888838862454,178.64479076019649,2,0.0,4457.658193012513,69,49657.48924298325,0.3595,1.335,0.7975826388888889
dynamic_rolling,2025-11-05,1378.5219445927287,1952.2985117380967,77349.33998340448,51624.00272775671,887.1161491380251,0.8,74807.9962210173,0.0,0.0,0,0.0,2764.421943553487,69,51624.00272775671,0.3759,1.328,0.8089555555555555
dynamic_rolling,2025-11-06,1952.2985117380967,1531.521034245324,74478.04194384365,49981.68111785279,231.22337934176818,0.8,73679.90522245361,912.2222984892637,4920.255212201401,7,0.0,312.6448794135796,65,54901.936330054195,0.3771,1.3718,0.8150673611111112
dynamic_rolling,2025-11-07,1531.521034245324,1997.2519503327048,35154.732820741556,14721.03644875534,198.38700794008435,0.8,42133.14480331324,135.21262796368404,672.8725492195874,2,0.0,7798.2690216069295,62,15393.908997974928,0.2158,1.1963,0.6155340277777778
dynamic_rolling,2025-11-08,1997.2519503327048,2127.8992618212633,34092.0675885394,14260.530178758654,253.91871766190837,0.8,41536.901949338644,0.0,0.0,0,0.0,6516.4285104560295,60,14260.530178758654,0.242,1.2197,0.6173409722222222
dynamic_rolling,2025-11-09,2127.8992618212633,1302.841498554862,76062.16282314184,50884.8966655463,1347.3215681025472,0.8,73944.9273449117,524.267783192391,3186.2185954407996,8,0.0,1767.1253230424427,68,54071.1152609871,0.3516,1.3403,0.8103173611111111
dynamic_rolling,2025-11-10,1302.841498554862,1524.8009524817314,79735.74913875839,54095.29040293595,288.78890984697995,0.8,75819.7170328047,0.0,0.0,0,0.0,1053.0231754131419,80,54095.29040293595,0.2992,1.3367,0.8189729166666666
dynamic_rolling,2025-11-11,1524.8009524817314,1722.1041225816302,78609.44346781715,52851.94702109216,894.1907584186658,0.8,75887.18322273968,0.0,0.0,0,0.0,2678.147163933996,69,52851.94702109216,0.3475,1.3296,0.8138590277777777
dynamic_rolling,2025-11-12,1722.1041225816302,2129.1945986253927,79129.82146593105,53223.55355172845,1209.0996910497138,0.8,75838.10026741147,11.773333333331939,60.579686666659484,1,0.0,3463.741148755074,64,53284.13323839511,0.3489,1.3537,0.8123951388888888
dynamic_rolling,2025-11-13,2129.1945986253927,1712.6720039451736,76487.77777958277,52745.44865044195,741.0410551728953,0.8,75275.2604483441,0.0,0.0,0,0.0,533.1910811427277,68,52745.44865044195,0.3456,1.3222,0.8185361111111111
dynamic_rolling,2025-11-14,1712.6720039451736,2570.588525730926,36105.1489844058,15467.602062386635,62.03715146274503,0.8,42998.521921112726,0.0,0.0,0,0.0,4118.080117666045,52,15467.602062386635,0.2419,1.1899,0.6290784722222222
dynamic_rolling,2025-11-15,2570.588525730926,2149.6302603092217,34834.96492143182,15078.87782265061,160.1543228268106,0.8,42720.43251436189,245.69933932233164,1035.6577575199149,5,0.0,3567.6754105001596,63,16114.535580170525,0.2532,1.1995,0.6287680555555555
dynamic_rolling,2025-11-16,2149.6302603092217,1826.0667554889221,80119.52011606253,55155.94552838272,959.2325197494422,0.8,76861.46006475776,0.0,0.0,0,0.0,1668.2036265080415,72,55155.94552838272,0.3594,1.3416,0.8205798611111111
dynamic_rolling,2025-11-17,1826.0667554889221,2336.7120123687673,79384.66866214179,54282.77979088893,499.32564305004155,0.8,76892.68271272484,0.0,0.0,0,0.0,1961.1139694411452,63,54282.77979088893,0.3623,1.3437,0.815854861111111
dynamic_rolling,2025-11-18,2336.7120123687673,1683.506711310915,79279.94068818683,54918.797028840425,1199.422493443129,0.8,77007.34863220219,0.0,0.0,0,0.0,1040.2020066734954,72,54918.797028840425,0.3257,1.3419,0.8219124999999999
dynamic_rolling,2025-11-19,1683.506711310915,1200.0000000000002,79907.36480178825,55906.40191643797,275.9084496167061,0.8,76889.12259268654,40.51891057942829,147.5825779337331,3,0.0,841.1712390099467,76,56053.9844943717,0.3761,1.3453,0.8290138888888889
dynamic_rolling,2025-11-20,1200.0000000000002,1308.1050125009597,80217.74680161389,54770.539712006794,750.9503176684242,0.8,77075.33978038469,0.0,0.0,0,0.0,1035.0376396087336,74,54770.539712006794,0.3421,1.4244,0.8211791666666666
dynamic_rolling,2025-11-21,1308.1050125009597,2036.8943793168849,36333.892708422674,15602.760232008186,186.59302546952642,0.8,42829.459013978645,0.0,0.0,0,0.0,3082.1027222084253,65,15602.760232008186,0.2524,1.1626,0.6326340277777778
dynamic_rolling,2025-11-22,2036.8943793168849,1771.5095202553423,35864.21912674262,15370.739647675005,317.8908964355429,0.8,42852.68798529268,79.55745464904929,381.5866328731498,4,0.0,2037.2731743786971,69,15752.326280548155,0.2376,1.1753,0.636675
dynamic_rolling,2025-11-23,1771.5095202553423,1753.3910368243032,80262.58041708838,55605.48571829933,797.192637060993,0.8,77675.06515439937,239.338900563847,1200.9309063313844,3,0.0,934.4250636311841,69,56806.416624630714,0.3495,1.346,0.8264944444444444
dynamic_rolling,2025-11-24,1753.3910368243032,1440.6466853823263,80176.3290052761,55127.83158728782,610.390493939103,0.8,77205.45791383972,8.490168616414184,44.85356080051613,1,0.0,1988.9365036292643,71,55172.68514808834,0.3605,1.3475,0.8210506944444445
dynamic_rolling,2025-11-25,1440.6466853823263,1200.0,80118.75887254282,54807.3058941067,224.18945944444187,0.8,76545.0467361653,328.2960804071103,1813.405540713965,7,0.0,114.1304695894695,70,56620.71143482067,0.3452,1.3383,0.8241243055555556
dynamic_rolling,2025-11-26,1200.0,1277.0206649668824,81567.37126634031,56381.371772277416,321.68799768016925,0.8,78040.18107225996,218.6844129254732,1369.4724446009009,5,0.0,257.3500266668542,66,57750.844216878315,0.2983,1.3677,0.8299340277777778
dynamic_rolling,2025-11-27,1277.0206649668824,1721.3740575722934,81251.81982399726,56420.35659163339,174.64511188817647,0.8,77599.94418301496,0.0,0.0,0,0.0,685.7012030085045,68,56420.35659163339,0.3187,1.3841,0.8285638888888889
dynamic_rolling,2025-11-28,1721.3740575722934,1984.5685861344286,36233.78796155004,15218.776647569504,143.95702662059853,0.8,43147.03259629106,111.39629757370784,500.6589540225733,4,0.0,1356.46510524196,60,15719.435601592078,0.2408,1.184,0.6340243055555557
dynamic_rolling,2025-11-29,1984.5685861344286,1200.0000000000005,36715.09331754569,15177.54412275432,216.44831810449008,0.8,43447.40361263495,1422.0087513617439,7043.912868701149,10,0.0,88.57009403278755,70,22221.456991455467,0.2736,1.1734,0.6504381944444445
dynamic_rolling,2025-11-30,1200.0000000000005,1200.0000000000002,84864.57521222874,59559.634944282276,758.1675727903139,0.8,79974.57253684918,57.45320043086634,183.22359803497216,3,0.0,188.17915253643832,79,59742.85854231725,0.3651,1.3886,0.8395993055555555
dynamic_rolling,2025-12-01,1200.0000000000002,1200.0000000000002,85388.3633175455,62771.665708057466,670.7459670790124,0.8,80438.12199047617,5934.951743061533,39418.87484037303,23,0.0,588.9925766124138,82,102190.5405484305,0.361,1.5873,0.9076055555555556
dynamic_rolling,2025-12-02,1200.0000000000002,1329.4553239729546,88423.90580069248,66124.1638179879,166.02195844650427,0.8,83569.69410145123,4882.762357908161,33069.79131140472,22,0.0,60.76971039068883,88,99193.95512939262,0.378,1.584,0.9153138888888888
dynamic_rolling,2025-12-03,1329.4553239729546,2141.0533267411347,94251.71963206654,71164.94212029559,1211.4329842846569,0.8,88209.83491059442,0.0,0.0,0,0.0,1603.8534171716965,65,71164.94212029559,0.3713,1.584,0.9120326388888889
dynamic_rolling,2025-12-04,2141.0533267411347,2200.7800253283444,90926.01275485025,68112.95810901807,1789.403110444165,0.8,86819.5437012633,1905.6262906476459,12289.395120075651,10,0.0,1268.9812370051645,72,80402.35322909373,0.3853,1.5836,0.9050854166666666
dynamic_rolling,2025-12-05,2200.7800253283444,2446.715450712926,47899.78260308099,21789.423198350643,1274.232745810783,0.8,50778.67338325135,0.0,0.0,0,0.0,2106.814139936189,58,21789.423198350643,0.2354,1.4106,0.7171770833333333
dynamic_rolling,2025-12-06,2446.715450712926,1807.229201122207,47412.951956466284,22014.58704553778,1146.1660722606423,0.8,50200.19425402497,0.0,0.0,0,0.0,208.27829231797057,68,22014.58704553778,0.3005,1.4053,0.7271965277777777
dynamic_rolling,2025-12-07,1807.229201122207,2597.117484158225,96907.11410303082,73580.13073663294,2216.0034619869807,0.8,92106.85786517408,0.0,0.0,0,0.0,4159.647987492448,48,73580.13073663294,0.3908,1.6174,0.9101083333333333
dynamic_rolling,2025-12-08,2597.117484158225,3250.154672191586,99768.72196259933,76479.85180031092,2088.767955879145,0.8,95087.6734256959,0.0,0.0,0,0.0,6854.895921987357,44,76479.85180031092,0.3445,1.6698,0.9085152777777777
dynamic_rolling,2025-12-09,3250.154672191586,2865.333374113159,98017.00630484702,74235.77222753246,997.6050974822945,0.8,94127.20495069545,0.0,0.0,0,0.0,6557.865289718993,43,74235.77222753246,0.3418,1.5404,0.9057770833333332
dynamic_rolling,2025-12-10,2865.333374113159,2843.381908816799,97961.3741401384,75605.53786787634,1826.5649359095078,0.8,93831.57624559276,0.0,0.0,0,0.0,5540.41938084762,44,75605.53786787634,0.3834,1.6143,0.9161590277777777
dynamic_rolling,2025-12-11,2843.381908816799,2651.01742317834,96867.51467939097,72830.81494974026,1986.3731928850316,0.8,93598.70936569606,0.0,0.0,0,0.0,6869.238436202144,45,72830.81494974026,0.33,1.5835,0.8976340277777778
dynamic_rolling,2025-12-12,2651.01742317834,2492.669946792137,50477.38175947995,23806.17232209081,1084.4196644568601,0.8,52691.196326545265,0.0,0.0,0,0.0,3210.6559993543024,49,23806.17232209081,0.2681,1.456,0.7237798611111111
dynamic_rolling,2025-12-13,2492.669946792137,2359.341814831001,54180.098435033025,25801.45797664603,198.60463505874424,0.8,54957.385340834895,0.0,0.0,0,0.0,6906.775851947299,45,25801.45797664603,0.3133,1.4166,0.7296965277777777
dynamic_rolling,2025-12-14,2359.341814831001,2054.700017592787,100159.72646377148,77026.87608775325,303.7464236940416,0.8,96381.90539809936,0.0,0.0,0,0.0,7252.840162806006,42,77026.87608775325,0.3769,1.5687,0.9207375000000001
dynamic_rolling,2025-12-15,2054.700017592787,2068.478437774236,99074.21827812727,75881.62978653554,1198.2152672838224,0.8,94330.77010276742,0.0,0.0,0,0.0,5196.234418326824,46,75881.62978653554,0.3509,1.5558,0.9144402777777779
dynamic_rolling,2025-12-16,2068.478437774236,1784.9965195071206,97302.8750010546,74429.47376905201,1155.3260217989387,0.8,93087.42646234242,0.0,0.0,0,0.0,3714.2686940178687,50,74429.47376905201,0.3715,1.5512,0.9109138888888888
dynamic_rolling,2025-12-17,1784.9965195071206,1552.2839941002171,96929.39857195807,73633.88360803184,2290.6422179991523,0.8,92096.81292678561,0.0,0.0,0,0.0,4405.857284235716,71,73633.88360803184,0.3507,1.5634,0.9088097222222221
dynamic_rolling,2025-12-18,1552.2839941002171,1288.0517453773075,95133.58271196962,71328.16567739178,2063.973501508196,0.8,89710.70879047218,5.682833430162312,11.91974311976545,1,0.0,3466.3367059765424,73,71340.08542051155,0.3508,1.5699,0.9094777777777777
dynamic_rolling,2025-12-19,1288.0517453773075,1200.0000000000002,52594.56354127603,24026.71136622911,194.04660671363067,0.8,49754.06397797857,355.378141112621,1090.3253205422875,10,0.0,6249.446109874398,61,25117.036686771396,0.2621,1.394,0.7250944444444445
dynamic_rolling,2025-12-20,1200.0000000000002,1200.0000000000002,47502.52247161722,21114.87666528996,359.63039097126295,0.8,48396.23181038117,550.0416702480268,1627.349765843627,12,0.0,868.2944827385923,71,22742.22643113359,0.2632,1.3841,0.7189708333333333
dynamic_rolling,2025-12-21,1200.0000000000002,1200.0,90543.31004758584,67393.33316268031,1035.4021750779912,0.8,85436.35293597725,2866.7331461546783,19861.166363926524,15,0.0,19.19757789992127,80,87254.49952660684,0.3905,1.5659,0.9100763888888888
dynamic_rolling,2025-12-22,1200.0,1309.5939991804669,95873.89877679065,72978.48307569796,2343.3140259488014,0.8,90738.42956867207,223.42500691165844,1247.0669729777014,8,0.0,2454.6210916959703,60,74225.55004867566,0.3709,1.5876,0.9192854166666665
dynamic_rolling,2025-12-23,1309.5939991804669,1200.0000000000002,94197.03853142282,71524.7969539666,374.2675547941931,0.8,89395.04241294801,73.98103621352413,168.89870567547558,1,0.0,2860.954383061263,63,71693.69565964206,0.3848,1.5836,0.9126888888888889
dynamic_rolling,2025-12-24,1200.0000000000002,1200.0000000000002,92750.05959646149,69194.11662403081,1811.3864860759118,0.8,87700.04611919243,1038.0863726697687,6657.4088191653755,13,0.0,1130.324886569514,79,75851.52544319618,0.3591,1.547,0.9082652777777778
dynamic_rolling,2025-12-25,1200.0000000000002,1200.0000000000002,91176.45386555683,68751.35018186111,765.9984146710619,0.8,86671.5453009124,1163.662668427504,7274.0413353677395,13,0.0,136.2079698511219,70,76025.39151722885,0.2502,1.6252,0.9102520833333334
dynamic_rolling,2025-12-26,1200.0000000000002,1231.12056506281,47207.43899083501,21308.990706528686,1145.276656418018,0.8,47832.92906021788,340.79552162325115,819.073543919797,13,0.0,356.47388631658646,76,22128.064250448482,0.278,1.4434,0.7237750000000001
dynamic_rolling,2025-12-27,1231.12056506281,1213.5081948580053,47931.83602297108,20838.92642208438,1190.9330125715164,0.8,48265.89492856368,240.07199918841647,1161.8082047288958,3,0.0,262.84005440462386,79,22000.734626813275,0.2681,1.4076,0.7212277777777778
dynamic_rolling,2025-12-28,1213.5081948580053,1200.0000000000002,93115.85811566992,69618.08981357727,801.6939943632627,0.8,88001.76161560974,398.2255373899915,1837.2345518672444,10,0.0,2166.2245855018173,71,71455.32436544451,0.3477,1.5651,0.9058916666666667
dynamic_rolling,2025-12-29,1200.0000000000002,1476.9900571829849,96233.8533134924,72460.5230910264,522.0222245541681,0.8,91542.55605432605,0.0,0.0,0,0.0,4124.507983498688,59,72460.5230910264,0.3684,1.5396,0.90653125
dynamic_rolling,2025-12-30,1476.9900571829849,1802.472019802483,95309.545580189,71185.44333279051,320.779544192029,0.8,91091.60950954963,0.0,0.0,0,0.0,4525.580226558558,49,71185.44333279051,0.3684,1.5554,0.9004583333333334
dynamic_rolling,2025-12-31,1802.472019802483,1261.8064879584354,93833.50563735758,70554.38745150967,206.03409933321277,0.8,89472.51898304015,318.1862848371088,1836.9647163870234,10,0.0,1521.8933390553134,55,72391.3521678967,0.3518,1.5632,0.9102437499999999
