strategy,date,soc_start_kwh,soc_end_kwh,planned_purchase_kwh,planned_cost_yuan,expected_emergency_cost_yuan,safety_quantile,safety_scenario_positive_net_kwh,actual_emergency_kwh,actual_emergency_cost_yuan,actual_emergency_intervals,spill_kwh,protected_release_kwh,total_cost_yuan,day_price_min,day_price_max,day_price_mean
dynamic_reserve_aware,2025-02-01,2132.064113769961,2471.6196277134145,42880.46045689482,17852.000367045184,488.08395398214344,0.8,47553.91881453118,418.0922187821231,2010.0166323746507,2,4540.707370934919,0.0,19862.016999419837,0.2537,1.1766,0.6514930555555556
dynamic_reserve_aware,2025-02-02,2471.6196277134145,2370.218760504647,87744.02608473206,61597.40750568962,9192.390118532265,0.8,84713.00875854935,1604.3638694451645,9441.869975576114,8,7332.626167665896,862.3294039980896,71039.27748126573,0.3697,1.3998,0.8363881944444445
dynamic_reserve_aware,2025-02-03,2370.218760504647,2144.860235953675,85856.0521065448,61177.698958356224,3983.5069876803163,0.8,82692.76180332477,1774.5699943621846,10719.959019743528,9,3965.180567259983,0.0,71897.65797809976,0.3709,1.3447,0.8447902777777778
dynamic_reserve_aware,2025-02-04,2144.860235953675,2255.912532051272,85860.16229132729,61011.738674340806,1026.6898310782735,0.8,82383.05770033956,2261.643354776772,13521.278931431076,15,2739.9720377392096,1265.2376482224406,74533.01760577188,0.381,1.3987,0.8491895833333333
dynamic_reserve_aware,2025-02-05,2255.912532051272,1933.8118718204141,85337.34817889937,60640.97848196966,4191.57822007154,0.8,81698.03425805247,2163.0016786725228,13181.809286267044,14,2830.023213784611,877.5544537248309,73822.7877682367,0.3423,1.3848,0.8482541666666665
dynamic_reserve_aware,2025-02-06,1933.8118718204141,2044.8619050232994,85908.17357803133,61110.12130668812,3819.6847735326255,0.8,81806.03625655739,2053.605508065893,12344.6961031811,12,3706.8979840803413,0.0,73454.81740986923,0.3228,1.447,0.8439645833333334
dynamic_reserve_aware,2025-02-07,2044.8619050232994,1455.0606225463455,41321.99667168269,16960.544426153527,13.85029118150138,0.8,45813.85584915299,1258.2466241188126,3460.7947214441792,11,7364.326589289415,219.20898558129704,20421.339147597704,0.2631,1.2102,0.6440388888888888
dynamic_reserve_aware,2025-02-08,1455.0606225463455,1878.6706786031027,36639.75639071679,14885.131513139135,639.2815469004715,0.8,43008.051111069326,1170.7357421398763,5047.121315232753,22,1998.331870555197,95.8573731512829,19932.252828371886,0.2752,1.1675,0.642351388888889
dynamic_reserve_aware,2025-02-09,1878.6706786031027,1785.2189090087552,80521.28776268149,56136.70589892202,730.2658046173499,0.8,77483.94932172308,3382.9131777261327,18841.76597723018,33,495.9794103300276,69.12678605281269,74978.4718761522,0.3001,1.3378,0.8413840277777778
dynamic_reserve_aware,2025-02-10,1785.2189090087552,1518.2498419546694,82016.8683227375,55934.77375235909,971.9428123233205,0.8,78387.47227234556,1937.110436127473,8610.850280295399,13,6232.865577789724,339.1287411353798,64545.624032654494,0.3637,1.352,0.8180638888888889
dynamic_reserve_aware,2025-02-11,1518.2498419546694,1952.6030380965321,80953.04677009278,55437.23500114777,1422.984892223387,0.8,77240.60694329128,1176.0346037009608,7005.1304463790475,5,2424.571014753259,0.0,62442.36544752681,0.36,1.343,0.8284923611111111
dynamic_reserve_aware,2025-02-12,1952.6030380965321,1734.315843201629,81272.62394965827,55129.75712594062,401.6050086270642,0.8,77654.30195022537,1535.10123895121,8570.556279249362,15,3710.829849117877,37.56954437269462,63700.31340518998,0.3727,1.3314,0.8264243055555556
dynamic_reserve_aware,2025-02-13,1734.315843201629,1819.810581235773,79581.78787144517,53319.9526162274,608.536680290004,0.8,75926.46486621138,1704.8813436881137,8623.145222493802,25,5947.109294433974,0.0,61943.0978387212,0.3026,1.3496,0.8147909722222221
dynamic_reserve_aware,2025-02-14,1819.810581235773,1826.37477962096,35333.27971077924,14386.57729938925,61.814793356800045,0.8,42451.66201278616,1254.741090445129,4503.684186935262,17,2904.5894636425437,0.0,18890.26148632451,0.2247,1.1609,0.6311
dynamic_reserve_aware,2025-02-15,1826.37477962096,1676.6783076316294,34550.88199690639,14478.808699945908,123.43310509913707,0.8,41678.101146444256,1770.4097870107885,6817.090690234901,28,3633.650377626182,187.3105843151231,21295.89939018081,0.2846,1.1564,0.6378472222222222
dynamic_reserve_aware,2025-02-16,1676.6783076316294,2005.1166568555539,78538.37336592932,52877.94266580739,579.6723429874836,0.8,75059.10014476607,2395.828425834897,12290.207624941002,31,829.8094630620017,23.893920644007608,65168.150290748395,0.34,1.3733,0.8303222222222222
dynamic_reserve_aware,2025-02-17,2005.1166568555539,2045.9831426461926,81441.13648154713,55231.80191972817,39.6076934134584,0.8,77925.11838001429,1389.2652604006398,7359.917940469981,18,8038.95727792122,69.17381093348502,62591.71986019815,0.3597,1.3221,0.8173527777777777
dynamic_reserve_aware,2025-02-18,2045.9831426461926,2494.615116089468,79950.99443076874,53199.62913860199,28.080865551709984,0.8,76928.77923139592,1285.1416104331195,7165.998092239107,5,4797.8859271226165,0.0,60365.62723084109,0.3707,1.3605,0.8145215277777778
dynamic_reserve_aware,2025-02-19,2494.615116089468,2452.3195955997285,79602.59402830024,52667.1527067306,65.13171680182829,0.8,77004.523294394,2313.5007629520915,11601.335069902216,9,4939.324705293988,0.0,64268.48777663281,0.3736,1.3304,0.8164298611111112
dynamic_reserve_aware,2025-02-20,2452.3195955997285,2338.1597726148943,79490.16852419468,53716.55007548486,52.956036034593225,0.8,76569.6225544789,1045.9537040492073,5764.764956166487,8,5785.913903135497,0.0,59481.31503165135,0.3079,1.3465,0.8168069444444445
dynamic_reserve_aware,2025-02-21,2338.1597726148943,2446.6098538743445,35707.26655126696,14963.157270321453,200.70733715304263,0.8,43555.62574897047,609.4458757705881,2456.5382876148,5,6969.042339039555,0.0,17419.695557936255,0.2473,1.1504,0.62085
dynamic_reserve_aware,2025-02-22,2446.6098538743445,2511.2544267444678,34743.08056318685,14630.234711835965,216.44974766388114,0.8,42487.71442247231,1015.6944793872051,4314.400340089078,8,4222.303463997626,0.0,18944.63505192504,0.2472,1.2217,0.6352840277777778
dynamic_reserve_aware,2025-02-23,2511.2544267444678,2101.8659597296432,77677.73049604904,51836.841841124704,768.9906458506883,0.8,75040.40175963215,1302.7757416419713,5694.555234771705,9,3978.041444608283,61.66171246773786,57531.397075896406,0.3868,1.375,0.8153784722222223
dynamic_reserve_aware,2025-02-24,2101.8659597296432,2617.479863452483,79485.85156693937,52745.94928919384,173.4025140925018,0.8,76295.01439898006,948.858207838727,5035.479941595855,3,7888.356637299192,0.0,57781.4292307897,0.3649,1.3842,0.8082493055555555
dynamic_reserve_aware,2025-02-25,2617.479863452483,2483.0558350109404,75614.29313037389,50011.967630561514,500.5859070260006,0.8,74463.3916437393,1208.4668228784697,6106.500407556113,12,7864.155310286722,0.0,56118.46803811763,0.3725,1.3107,0.7940965277777778
dynamic_reserve_aware,2025-02-26,2483.0558350109404,3085.912350927598,74134.95825624598,48871.00452129777,1084.8765249993955,0.8,73625.98405277648,1672.7849398187436,9296.268759656406,10,2495.4376319065036,0.0,58167.27328095418,0.3378,1.3369,0.8055381944444444
dynamic_reserve_aware,2025-02-27,3085.912350927598,2699.9508648694687,71553.49073442523,46643.24451908401,484.40590896267184,0.8,72791.80370296696,1070.5730959312841,5852.6080621080955,3,2111.5774201120726,0.0,52495.852581192106,0.3235,1.3501,0.7979118055555556
dynamic_reserve_aware,2025-02-28,2699.9508648694687,2537.9980650954894,33566.65506117947,13859.106971994774,368.11231958599666,0.8,42128.885999887505,593.9010615752429,2623.248726047409,3,7671.719202597243,0.0,16482.35569804218,0.2409,1.1629,0.6166784722222222
dynamic_reserve_aware,2025-03-01,2537.9980650954894,2486.953071256249,33769.18490303444,13928.650132583414,81.85882139286949,0.8,41893.665932812604,351.1364532337187,1627.1372858337384,4,7086.646593183765,0.0,15555.787418417152,0.2405,1.1576,0.6142222222222222
dynamic_reserve_aware,2025-03-02,2486.953071256249,1999.272753251613,73943.88259377747,48328.46518424011,450.61411396309785,0.8,71698.70219044424,3292.2249009291822,17026.239055753802,20,1170.6614880729817,0.0,65354.70423999391,0.3093,1.3111,0.8122930555555556
dynamic_reserve_aware,2025-03-03,1999.272753251613,1813.6083398971584,75966.48732601102,50093.42921239448,1145.2562442909248,0.8,73119.91377819286,1388.3279211657002,5753.587871325494,10,1322.2847896335877,0.0,55847.01708371998,0.3264,1.3164,0.81185
dynamic_reserve_aware,2025-03-04,1813.6083398971584,1854.2137922172424,77237.62158481785,50879.148619849526,781.4562115789324,0.8,73953.6638944705,1821.7416369611465,7528.55443794437,13,5975.699472032964,63.88332660875051,58407.70305779389,0.3381,1.3441,0.8006277777777778
dynamic_reserve_aware,2025-03-05,1854.2137922172424,2385.6416978098614,76328.0087615859,49360.7530508642,1018.8335357426062,0.8,73456.86248204269,1075.2188756241737,6065.334401516329,6,7083.507385371011,0.0,55426.08745238053,0.3644,1.3305,0.7945006944444444
dynamic_reserve_aware,2025-03-06,2385.6416978098614,1593.615399145545,72515.78837836522,47027.3803437015,1082.5060554004147,0.8,70664.66584073886,1680.9457837151224,7962.545765270039,20,5342.034346018344,41.0127789014615,54989.926108971544,0.3327,1.3434,0.7918569444444444
dynamic_reserve_aware,2025-03-07,1593.615399145545,1766.1596088660044,30998.280530543845,12363.967659061587,352.90228076653165,0.8,38276.459900236965,1076.2173753236234,3797.9330535237245,19,7732.3425943165485,18.930313214947716,16161.900712585311,0.1545,1.1883,0.6085013888888889
dynamic_reserve_aware,2025-03-08,1766.1596088660044,1984.1561595849075,30607.645175954218,12235.671082762128,187.0457606820051,0.8,38142.630865118226,1646.0965479366344,5023.189972840786,18,9511.992647234338,0.0,17258.861055602916,0.21,1.1729,0.5972631944444444
dynamic_reserve_aware,2025-03-09,1984.1561595849075,1760.4047440564987,71734.75829376679,45428.04336170813,155.74937430146215,0.8,69007.71544333055,2443.484180594969,11285.47896126445,31,7569.6352622267,237.36148711986812,56713.52232297258,0.3641,1.3356,0.7838090277777777
dynamic_reserve_aware,2025-03-10,1760.4047440564987,2213.890874898636,66396.30297209337,42803.218646805704,839.4617346549443,0.8,67239.11170770979,5477.619635505041,33029.098123435906,33,0.0,813.938546201383,75832.31677024161,0.3691,1.3308,0.802451388888889
dynamic_reserve_aware,2025-03-11,2213.890874898636,2584.1398278492775,69337.09999108245,44335.45981831358,921.7957527863803,0.8,68355.34090386951,1429.5699685250895,7431.7820080443835,15,2776.736946933317,0.0,51767.24182635797,0.3822,1.3372,0.7893930555555556
dynamic_reserve_aware,2025-03-12,2584.1398278492775,1606.1946922480658,68473.3613892308,43074.02352058004,880.2948807809673,0.8,67761.38360594961,1859.1099988554029,8797.460023469872,19,5155.831942465031,247.73199245669065,51871.483544049916,0.35,1.3485,0.7801680555555556
dynamic_reserve_aware,2025-03-13,1606.1946922480658,1839.8692139195184,69589.44861157937,44398.84135639514,284.8720967262946,0.8,67878.40017349723,2180.7336185372114,11620.563712616504,24,65.22394955788354,178.7080471400085,56019.40506901164,0.3312,1.3317,0.7996374999999999
dynamic_reserve_aware,2025-03-14,1839.8692139195184,2385.010246341175,30678.28461042598,11830.066180749302,121.09232279585417,0.8,38404.98525463698,1018.0823800174054,3716.199174331885,8,11672.408433478633,0.0,15546.265355081186,0.1602,1.1955,0.5913868055555556
dynamic_reserve_aware,2025-03-15,2385.010246341175,1935.8834729808968,29879.239948652124,12226.67280642588,123.56202072746687,0.8,38261.98678300966,931.5416528508706,3565.028653516668,9,7082.05977780405,27.201529078187548,15791.70145994255,0.2699,1.1777,0.6047722222222222
dynamic_reserve_aware,2025-03-16,1935.8834729808968,2454.3364144912384,71847.56454142033,45384.256798176015,392.1816442418325,0.8,68418.66830826945,2814.4319977978134,14014.764435029916,21,7269.872958395721,0.0,59399.02123320593,0.3598,1.3095,0.784895138888889
dynamic_reserve_aware,2025-03-17,2454.3364144912384,2848.374381077934,68015.79608279845,42018.326565056144,1292.0500308575315,0.8,67634.29051140242,1279.4869407256178,6815.215877539265,7,7755.053301288673,0.0,48833.54244259541,0.367,1.3189,0.7601756944444445
dynamic_reserve_aware,2025-03-18,2848.374381077934,3026.848165403941,69360.01385786926,42975.36092835161,24.32485417609102,0.8,67995.45118231329,1959.1980841998634,10865.97937708349,8,6331.758808050478,0.0,53841.3403054351,0.3707,1.3196,0.7760166666666666
dynamic_reserve_aware,2025-03-19,3026.848165403941,3170.5943695559545,63497.002333765355,39435.14019604921,1443.4430532900446,0.8,66566.23383128116,992.6504753609329,5656.488710633192,6,881.8220388039928,0.0,45091.628906682396,0.3401,1.3494,0.7718381944444445
dynamic_reserve_aware,2025-03-20,3170.5943695559545,2593.2567174161322,62125.81326651246,39339.55521548292,671.1681156221146,0.8,65862.94476082856,3061.2697344089,18317.234188307502,19,62.85871910277058,0.0,57656.78940379042,0.2794,1.3228,0.7786381944444444
dynamic_reserve_aware,2025-03-21,2593.2567174161322,2456.7847959505916,29907.88652548732,11815.866861472703,98.49060788518787,0.8,38520.25434195,810.0978285129512,3135.785814735694,4,15491.57103608502,0.0,14951.652676208398,0.1352,1.1788,0.5702902777777777
dynamic_reserve_aware,2025-03-22,2456.7847959505916,2831.858291280602,29901.943226969317,11763.702842738168,219.87525214362827,0.8,38251.05296548611,858.6128954068795,3256.736375806041,4,11092.863727539265,0.0,15020.439218544208,0.1546,1.1642,0.5873881944444445
dynamic_reserve_aware,2025-03-23,2831.858291280602,2381.649339386105,63583.58300447581,39274.998381621146,1231.5326956058716,0.8,65983.2508486485,964.5515574855226,5539.958600223176,3,2306.5399258358934,16.4102828085081,44814.95698184432,0.3404,1.3289,0.7671784722222222
dynamic_reserve_aware,2025-03-24,2381.649339386105,2882.785640061713,65361.04450035127,40184.875915248005,999.2921838425343,0.8,66199.32528491912,1057.289499669576,5763.4316538380635,7,3925.0088537123856,0.0,45948.30756908607,0.3336,1.3583,0.7674861111111111
dynamic_reserve_aware,2025-03-25,2882.785640061713,2824.6354148839423,66035.6528676251,40584.727386535385,564.0615749362511,0.8,66980.80550167985,1397.6545969595252,7776.891988944657,2,2771.080991711943,0.0,48361.61937548004,0.3706,1.3143,0.7712756944444445
dynamic_reserve_aware,2025-03-26,2824.6354148839423,2508.0535320249633,64711.10356778348,39747.94412659622,345.1203934027921,0.8,66430.49874968301,886.7973986104638,4706.276290697946,2,6756.828417507775,0.0,44454.22041729417,0.3654,1.3062,0.7566111111111112
dynamic_reserve_aware,2025-03-27,2508.0535320249633,2524.925931210469,63532.3776329673,38918.08535981162,341.74545420902786,0.8,65595.02959800042,1302.2849249434312,6282.902208116637,11,2431.2987340227146,0.0,45200.987567928256,0.3125,1.3182,0.7664159722222222
dynamic_reserve_aware,2025-03-28,2524.925931210469,2036.1174969696153,28528.607625667017,11155.534250604684,386.1346517059295,0.8,36898.176135917325,759.1951447774603,2294.1942134755304,8,15739.330042023135,0.0,13449.728464080214,0.1269,1.1837,0.5747680555555555
dynamic_reserve_aware,2025-03-29,2036.1174969696153,2605.2120433541127,28771.800389026823,11551.670475240368,205.02002826783828,0.8,36720.19560251024,726.2040193905179,3136.131155865158,11,18230.88145128989,0.0,14687.801631105525,0.0913,1.1833,0.5630868055555556
dynamic_reserve_aware,2025-03-30,2605.2120433541127,3187.5300711422296,59519.71326136276,36121.97963946237,686.1247219126142,0.8,64254.78747060582,944.979446650888,5576.930199988527,10,531.2593545163365,0.0,41698.9098394509,0.3471,1.3168,0.7520270833333333
dynamic_reserve_aware,2025-03-31,3187.5300711422296,2716.167932122252,58087.324655149816,35453.27080301205,943.4563647825559,0.8,63931.15816299685,2103.3915901221235,10518.574384332791,16,217.0072055406211,0.0,45971.845187344836,0.3473,1.3379,0.7607041666666667
dynamic_reserve_aware,2025-04-01,2716.167932122252,2110.5877615769846,58875.47262366103,36671.87504308306,313.2388536509724,0.8,63025.53958500939,3887.4988290340098,20724.689666733182,35,58.59746115465509,0.0,57396.564709816244,0.3582,1.3193,0.7731090277777778
dynamic_reserve_aware,2025-04-02,2110.5877615769846,2780.160635204322,62773.7964916706,38167.91699009243,989.8941201374731,0.8,64044.44112152899,2749.916602688546,15897.895633650485,20,431.7304694737272,0.0,54065.81262374292,0.3693,1.3316,0.772320138888889
dynamic_reserve_aware,2025-04-03,2780.160635204322,2159.6678485979737,66225.69964095231,40554.880113237494,118.78078583327985,0.8,65064.76740708459,1640.431933354653,6985.4624345445045,9,9197.814572701025,0.0,47540.342547782,0.3202,1.3867,0.7644638888888888
dynamic_reserve_aware,2025-04-04,2159.6678485979737,1927.9424503040857,27693.147940136187,10708.219976864904,295.07852508888635,0.8,35902.724333982434,584.4220913883745,2171.8968461295194,9,19384.52494502323,0.0,12880.116822994423,0.0905,1.2001,0.5595027777777778
dynamic_reserve_aware,2025-04-05,1927.9424503040857,1765.936882102622,27982.612715698768,10942.133393834447,343.4931364736332,0.8,36367.72431710697,902.7057229098539,3365.2427501510374,10,14202.145952985189,70.84007350259805,14307.376143985484,0.1482,1.1736,0.5755284722222221
dynamic_reserve_aware,2025-04-06,1765.936882102622,2343.4988353693684,64477.07471712499,38884.96869450742,73.19109840395016,0.8,63378.79739287243,909.1724200396089,4808.931220579841,6,6763.507299171658,0.0,43693.89991508726,0.3579,1.3107,0.7556868055555556
dynamic_reserve_aware,2025-04-07,2343.4988353693684,2118.991525776516,60616.22016050239,36330.36206612939,1291.5758781493848,0.8,63082.960307191366,1225.5702159692805,6341.4267210942035,6,5182.679978198194,0.0,42671.788787223595,0.3671,1.3349,0.7517159722222222
dynamic_reserve_aware,2025-04-08,2118.991525776516,1684.353659838018,62936.296748646935,36925.613442858805,152.30435824847368,0.8,62614.773241182156,2458.742873207943,13563.645037451319,27,7710.07528693814,134.31408047514617,50489.25848031012,0.3246,1.3574,0.7519159722222222
dynamic_reserve_aware,2025-04-09,1684.353659838018,2133.603343301661,59902.60831770226,35796.98782938316,1197.2457672209116,0.8,63021.88895324268,3370.1646342639297,19992.399027797772,25,147.18224371553129,0.41213411749674833,55789.38685718093,0.3756,1.321,0.7662708333333333
dynamic_reserve_aware,2025-04-10,2133.603343301661,2328.60655764592,61264.59028330185,36565.02905241166,878.9882810687575,0.8,63597.86427857856,2165.3616368335806,10284.514648388345,16,5157.441251745053,4.361531134412644,46849.5437008,0.2828,1.3433,0.7580270833333334
dynamic_reserve_aware,2025-04-11,2328.60655764592,1871.1307145870082,27094.9312536888,10329.83978600819,142.36015320066969,0.8,35263.23980867149,1036.7282950931801,3736.8159839348255,10,20149.364396045097,32.21529457776796,14066.655769943016,0.1092,1.1471,0.5514784722222222
dynamic_reserve_aware,2025-04-12,1871.1307145870082,1804.684133441643,27975.042270798527,10155.775859056332,139.53666871718752,0.8,35401.21017972659,893.4734594009817,2866.406115420721,6,16797.740699473656,0.0,13022.181974477053,0.214,1.1558,0.5638673611111111
dynamic_reserve_aware,2025-04-13,1804.684133441643,1898.3196080467246,61349.14958196199,36489.75647603476,45.133733419021354,0.8,61226.630033498695,1401.8931304014618,7963.25274062276,22,4583.668363172341,0.0,44453.00921665752,0.3493,1.3312,0.7562548611111111
dynamic_reserve_aware,2025-04-14,1898.3196080467246,1788.94817775314,55767.8336068267,33146.372736043224,1226.2308555456825,0.8,60561.62932706499,1439.8892017826902,7528.862401159356,12,917.1363029635808,93.80897346423444,40675.23513720258,0.3437,1.3446,0.7465972222222221
dynamic_reserve_aware,2025-04-15,1788.94817775314,2062.5966538924204,61999.88603086946,35763.475314965704,20.031410329646054,0.8,61347.60373617039,931.0376948024355,5045.815091683238,10,8800.224129410028,35.13600222669538,40809.29040664894,0.3275,1.3283,0.738532638888889
dynamic_reserve_aware,2025-04-16,2062.5966538924204,1668.553535401442,55626.51734811302,33527.31384929273,907.1635271735374,0.8,60236.283028505364,3042.4953718836127,17801.483151241704,19,13.96458452987497,0.0,51328.79700053444,0.3669,1.364,0.7623541666666667
dynamic_reserve_aware,2025-04-17,1668.553535401442,1957.192135643644,57864.575613938185,34132.08701906704,913.0007020400546,0.8,60334.27846304122,1275.0443777438704,5901.781349739875,19,2280.2575558784765,117.74569814054803,40033.868368806914,0.3043,1.3148,0.7477673611111111
dynamic_reserve_aware,2025-04-18,1957.192135643644,1927.9471805035996,26197.987748657364,9880.452195970109,185.6416527657545,0.8,34439.281746883185,978.9842501221434,3478.853591071321,12,17977.268261926747,0.0,13359.30578704143,0.1948,1.1711,0.5594201388888889
dynamic_reserve_aware,2025-04-19,1927.9471805035996,1601.7108813993216,25951.386382676814,9828.425855566253,189.4781587085352,0.8,34315.894382306506,816.8735125478661,2921.7821867308458,16,17457.81546373039,207.85931884114075,12750.208042297098,0.1113,1.1659,0.5579763888888889
dynamic_reserve_aware,2025-04-20,1601.7108813993216,2120.4917069537155,56456.20739078116,33448.41498718744,664.0843082535757,0.8,60012.59580988272,1027.1572557456311,6106.854251073857,5,1261.559835631038,0.0,39555.269238261295,0.3618,1.3046,0.7454388888888889
dynamic_reserve_aware,2025-04-21,2120.4917069537155,1673.5381340269573,54562.74818053708,32174.45160170961,498.1543509126097,0.8,60132.338860531236,1762.2890650299246,7693.231928873817,25,4812.763128180897,189.60268088946077,39867.683530583425,0.2898,1.3263,0.7339520833333333
dynamic_reserve_aware,2025-04-22,1673.5381340269573,1829.1138446873817,55465.959874035216,33218.15100887708,568.0625845696029,0.8,60065.712160524876,825.2861660359313,3955.8215819163097,5,277.91231338856596,0.0,37173.97259079339,0.3534,1.3399,0.7509583333333334
dynamic_reserve_aware,2025-04-23,1829.1138446873817,2094.8701856861817,55675.487385407,33251.30740704651,990.0525711993727,0.8,60199.3753437835,792.8826272543802,3902.9114256112625,7,1037.0155979466203,0.0,37154.218832657774,0.3289,1.3932,0.7479125
dynamic_reserve_aware,2025-04-24,2094.8701856861817,1907.5587149967716,54801.781453739735,32575.812148790486,721.9574922618591,0.8,59260.088215359254,1182.7371627096982,6404.2470073635795,11,5476.723597015763,0.0,38980.059156154064,0.3044,1.349,0.7361847222222223
dynamic_reserve_aware,2025-04-25,1907.5587149967716,1550.4418799700409,25321.597545299774,9137.4678015723,87.98149633918588,0.8,33431.19272542305,709.7758756755558,2736.9266335533293,19,21386.519626488953,657.4086809963273,11874.394435125629,0.1126,1.1686,0.5406916666666667
dynamic_reserve_aware,2025-04-26,1550.4418799700409,1684.9603722318511,25927.358063421827,9403.958198243361,69.85781190453008,0.8,33411.92222237015,1108.009978783458,4043.275414035522,16,23706.091911130672,122.2891617218815,13447.233612278884,0.0076,1.196,0.5378048611111111
dynamic_reserve_aware,2025-04-27,1684.9603722318511,2080.331849880447,51637.61371736467,30684.756710760037,526.5047750005217,0.8,57810.97153712921,1638.2339857097445,8402.629675717231,21,615.1437044386585,0.0,39087.38638647727,0.272,1.3177,0.7337826388888888
dynamic_reserve_aware,2025-04-28,2080.331849880447,2054.8512663293623,51667.81658258742,31046.986644606724,925.1813214570655,0.8,58459.124698158834,7408.210985164023,43353.845835688764,33,35.28650749840676,0.0,74400.83248029549,0.3592,1.3403,0.7660520833333333
dynamic_reserve_aware,2025-04-29,2054.8512663293623,2420.6493290658577,59611.603434132274,34290.322865204245,1148.3731249188018,0.8,60579.552806646854,667.7883832324076,3947.1492298545118,5,8987.220538824147,1.4769993999099142,38237.47209505876,0.3089,1.3284,0.7303826388888888
dynamic_reserve_aware,2025-04-30,2420.6493290658577,2080.0962481586457,54249.05762148899,31957.00889943097,1691.3328074273813,0.8,59702.834735034485,619.5465158482862,3929.4737767677548,1,3380.728751421601,0.0,35886.48267619873,0.3282,1.3318,0.7294423611111112
dynamic_reserve_aware,2025-05-01,2080.0962481586457,1200.0,55065.92441183663,33175.60806876222,1937.9420403831111,0.8,58622.49694611253,3153.26729760105,15944.102229189553,35,4379.219428583011,486.7638815139419,49119.71029795178,0.2921,1.3606,0.7473263888888889
dynamic_reserve_aware,2025-05-02,1200.0,1376.1352268378766,26670.027261853633,10373.415441305522,1169.312351600673,0.8,33768.804603067656,2942.0367565477527,12106.810919533164,28,12041.477610633387,1325.701233705312,22480.226360838686,0.2486,1.2187,0.5869513888888889
dynamic_reserve_aware,2025-05-03,1376.1352268378766,1644.4201021479757,27391.952653170178,10631.86566547459,1067.6792124031306,0.8,34702.44768459712,1925.8384857728374,8256.168924720572,20,17161.960050922768,1127.2255479839068,18888.034590195162,0.14,1.2238,0.5698243055555555
dynamic_reserve_aware,2025-05-04,1644.4201021479757,1200.0117868431182,62001.142748184066,38030.56912605582,731.1531870585401,0.8,61647.01966859041,1132.0520282473724,3687.5916367374766,21,8667.229111068165,307.9235466954119,41718.1607627933,0.3732,1.3892,0.7461284722222222
dynamic_reserve_aware,2025-05-05,1200.0117868431182,2089.388224164769,59605.193360769845,36689.29028680745,3536.8206366466475,0.8,62374.84499316374,918.929068155908,5488.336059904413,9,608.3359562481202,302.3185929075645,42177.62634671186,0.3375,1.3756,0.7604611111111113
dynamic_reserve_aware,2025-05-06,2089.388224164769,1382.9643452365622,60440.58870785212,37400.44029728203,1971.57968972748,0.8,62347.71593039326,536.7371122310473,1648.7225172486753,3,5082.208516127131,56.23980478905048,39049.162814530704,0.3324,1.343,0.7532361111111112
dynamic_reserve_aware,2025-05-07,1382.9643452365622,2329.1199467657393,67632.13891305821,41271.225021655046,944.2858434758718,0.8,64533.9033031003,1094.376804182758,5913.281170183757,11,9231.750348024087,87.72032802577019,47184.5061918388,0.347,1.3712,0.7587291666666667
dynamic_reserve_aware,2025-05-08,2329.1199467657393,3056.861491709455,59813.58154490472,37947.96573329129,2917.0290925957215,0.8,64924.36558978693,904.1348969744591,5411.176527768306,5,697.7903724314631,0.0,43359.1422610596,0.3201,1.4134,0.7616590277777777
dynamic_reserve_aware,2025-05-09,3056.861491709455,3277.492069879652,29446.61452857592,12921.696590962321,571.7201545504126,0.8,38182.42152494228,28.250056209986724,157.19743778047112,1,18042.354120190284,0.0,13078.894028742792,0.1705,1.1847,0.5667381944444444
dynamic_reserve_aware,2025-05-10,3277.492069879652,3083.704620291963,28579.716996071646,12556.61056026083,222.00549199030758,0.8,37600.783534933784,580.3168020540113,2825.1067142110232,6,14413.018535283387,0.0,15381.717274471852,0.1241,1.1933,0.5753076388888889
dynamic_reserve_aware,2025-05-11,3083.704620291963,2053.072202269134,59276.56668468822,36953.72468538702,928.4403789304746,0.8,63287.3379787314,499.5802732204647,3306.7043348417105,8,1766.872372432007,44.97205651169918,40260.42902022873,0.3089,1.3772,0.7607819444444445
dynamic_reserve_aware,2025-05-12,2053.072202269134,3719.266574775871,64421.91417105454,40102.045385155805,3544.0692266103265,0.8,65511.65834308957,704.2716106731461,4261.836194612373,2,8470.969612167639,0.0,44363.881579768175,0.3229,1.3827,0.7517881944444444
dynamic_reserve_aware,2025-05-13,3719.266574775871,2828.7591030607564,57334.04988859121,35717.18919656337,412.0352222811177,0.8,62401.35888152475,459.7379140472628,1163.596660453622,1,1982.415020069514,0.0,36880.78585701699,0.2841,1.3607,0.7564458333333334
dynamic_reserve_aware,2025-05-14,2828.7591030607564,3153.8181124343278,60603.50894488882,37238.550462484156,2959.000175964594,0.8,62791.624049059275,367.6474256906815,2394.557127858545,2,4374.463465840045,0.0,39633.1075903427,0.2722,1.3983,0.747551388888889
dynamic_reserve_aware,2025-05-15,3153.8181124343278,4158.540519747752,56394.87334642587,36090.77327289227,1684.3738595462487,0.8,61996.97678153982,1873.0729925676028,8606.762345113877,17,1003.0208943219584,0.0,44697.53561800615,0.3356,1.3271,0.7527770833333334
dynamic_reserve_aware,2025-05-16,4158.540519747752,2468.807049316215,26220.898912538167,11441.702674598087,524.2908657116539,0.8,36409.628661677176,538.1605043166635,1363.211251163856,7,23030.166572237267,0.0,12804.913925761943,0.0992,1.2252,0.5453854166666666
dynamic_reserve_aware,2025-05-17,2468.807049316215,2800.255828461913,27518.582772391877,11921.433656038884,429.4325386934519,0.8,36212.64193261905,1082.2804548784325,3951.627132606919,10,15025.897794979426,0.0,15873.060788645802,0.2134,1.2422,0.5734159722222222
dynamic_reserve_aware,2025-05-18,2800.255828461913,3145.4064691062754,54953.55932675145,35047.119468988545,2288.8859577473704,0.8,61164.528136176974,2258.0322946295664,8914.445144624495,29,87.60030252326791,0.0,43961.56461361304,0.377,1.3468,0.75068125
dynamic_reserve_aware,2025-05-19,3145.4064691062754,3067.640539055815,56476.14728709706,34844.288033989986,681.4005607048557,0.8,61338.05762908058,746.3487827394307,4474.8544401378895,6,6451.269594810141,0.0,39319.142474127875,0.2653,1.3957,0.7317597222222223
dynamic_reserve_aware,2025-05-20,3067.640539055815,2573.539000212725,53175.68212774875,33644.796377978404,719.6357968939111,0.8,60435.78038864025,3506.7695898747247,17928.6222925048,35,0.6503295793828556,0.0,51573.4186704832,0.3146,1.373,0.7565819444444445
dynamic_reserve_aware,2025-05-21,2573.539000212725,2595.563351911361,54642.823992683334,34599.836771603485,2467.022398415572,0.8,60353.301748966056,1978.5783710657713,8197.340452874732,21,2171.8151675561576,0.0,42797.17722447822,0.311,1.3612,0.7458243055555555
dynamic_reserve_aware,2025-05-22,2595.563351911361,3051.8974872875096,55217.6400988514,34782.04750183934,1843.4448068596598,0.8,59982.08357447856,262.89086352066136,1718.3761367350517,2,900.1127714821513,0.0,36500.42363857439,0.3239,1.3576,0.7461930555555555
dynamic_reserve_aware,2025-05-23,3051.8974872875096,2462.3422793798936,25260.231900178536,10510.507523144097,524.052804315001,0.8,34844.908554692236,1191.9555556896134,3364.500140997315,17,17813.664491616444,60.27180905593599,13875.007664141413,0.1593,1.188,0.5569743055555555
dynamic_reserve_aware,2025-05-24,2462.3422793798936,2096.3036637459854,26101.551614261218,11194.492686270678,589.7294006765095,0.8,34680.228409349555,606.9904407755635,1160.2746549650776,9,20764.28663701039,0.0,12354.767341235756,0.1275,1.1755,0.553204861111111
dynamic_reserve_aware,2025-05-25,2096.3036637459854,3788.5225618271606,54351.39206947942,34471.30107242937,1075.5973902508042,0.8,60007.65238980701,855.76575720569,5190.602121937609,12,1454.9473888966265,0.0,39661.90319436698,0.3608,1.4094,0.7379618055555556
dynamic_reserve_aware,2025-05-26,3788.5225618271606,2533.7900445824434,53649.008873724975,33278.624861736374,249.7076699930504,0.8,59035.04585666655,2905.962643226815,13213.72133340906,26,131.26023073044766,163.39547015462233,46492.34619514544,0.3289,1.3799,0.7524722222222222
dynamic_reserve_aware,2025-05-27,2533.7900445824434,2331.4416720254053,57297.052311058156,35031.04855286856,1584.7273210130993,0.8,59499.933616003414,476.06809006233544,1344.38719192273,5,4866.871224894126,0.0,36375.43574479129,0.3312,1.3497,0.7429215277777778
dynamic_reserve_aware,2025-05-28,2331.4416720254053,2330.993180286395,53277.308597720395,33740.383985805354,1395.417406165037,0.8,59156.90023588878,2360.423793148268,11662.63205711088,25,50.24494117369022,140.72384837219101,45403.016042916235,0.2285,1.3888,0.7512673611111111
dynamic_reserve_aware,2025-05-29,2330.993180286395,2721.6259523505423,59649.62104587891,37061.65693275578,510.59320309527084,0.8,61510.03987613467,1150.983450569228,4059.8041765561375,17,2961.9036618855102,0.0,41121.46110931192,0.3164,1.3731,0.7595125
dynamic_reserve_aware,2025-05-30,2721.6259523505423,2605.7915766840842,26655.26306995264,11149.38340288151,374.3140782230491,0.8,35293.46762958229,1006.6494789259225,3572.7302616677025,17,18267.48325568045,0.0,14722.113664549213,0.0389,1.2666,0.5609930555555556
dynamic_reserve_aware,2025-05-31,2605.7915766840842,2452.0653768771613,27904.606972533744,11033.407080300625,583.4094573419018,0.8,36031.66912801709,1167.0216841124459,2514.296556401863,12,17479.055249127145,0.0,13547.703636702488,0.1409,1.2,0.5663548611111112
dynamic_reserve_aware,2025-06-01,2452.0653768771613,1200.0,59076.205454157316,39850.445274300946,1833.0580366653278,0.8,62254.33102615671,13126.66974343406,74283.2910823168,80,0.0,2006.2993816140363,114133.73635661775,0.3697,1.406,0.8191805555555556
dynamic_reserve_aware,2025-06-02,1200.0,1200.0,66173.34912184323,43566.08617600196,5650.772638973884,0.8,65329.13175070217,7320.167661472735,34661.58390006602,59,1311.4925712276454,817.1165045737941,78227.67007606798,0.3546,1.3869,0.8099458333333333
dynamic_reserve_aware,2025-06-03,1200.0,1200.0,74510.45803642337,50281.61106909151,1540.6956590930222,0.8,70807.49574451402,1883.9745973701274,8941.850813653167,19,4533.916213582975,605.9488785790894,59223.461882744676,0.3586,1.4412,0.806282638888889
dynamic_reserve_aware,2025-06-04,1200.0,1262.0378395738712,74518.7074099321,49717.29205801923,3606.5703727287582,0.8,70825.16973656189,2997.694059098242,14441.916010543457,31,4237.807449841185,561.6236635143187,64159.208068562686,0.3598,1.4185,0.8136590277777778
dynamic_reserve_aware,2025-06-05,1262.0378395738712,1919.0307038874766,78309.61129768645,53986.57642396014,4606.244911646434,0.8,72356.45324154352,1083.6463327705285,6649.90171052557,11,3746.2750818203494,270.46369232203017,60636.47813448571,0.3403,1.4022,0.8220694444444444
dynamic_reserve_aware,2025-06-06,1919.0307038874766,2526.4010729066326,36126.83860528094,17925.965001386954,1234.016899995232,0.8,43568.38808429561,2514.3681426434628,10750.161050540264,18,4636.926271309323,1.126293271076861,28676.12605192722,0.2445,1.2673,0.6492826388888889
dynamic_reserve_aware,2025-06-07,2526.4010729066326,3084.513613476727,37252.99519742512,18560.88908777849,885.8147293625568,0.8,45511.32808237051,901.4272363416819,4756.168675565561,7,3563.4064846644787,0.0,23317.05776334405,0.2901,1.2859,0.6502881944444445
dynamic_reserve_aware,2025-06-08,3084.513613476727,3904.2102065114395,86174.6541318462,59130.20356018744,1075.067342226119,0.8,84074.70293916225,957.5809802856395,5836.716788276424,2,18749.128215385826,0.0,64966.920348463864,0.3642,1.4164,0.7970791666666668
dynamic_reserve_aware,2025-06-09,3904.2102065114395,3303.115886670469,83792.32348619762,59481.89476524202,4880.051540812485,0.8,82678.65187371225,1060.9556583156063,5026.090386561133,5,11396.682300490458,0.0,64507.98515180315,0.3522,1.4169,0.81925625
dynamic_reserve_aware,2025-06-10,3303.115886670469,3102.5352130736605,80990.73578499115,55868.52654649007,1832.7584481298625,0.8,78702.35890487864,993.1761502473595,3706.7664012941996,3,6937.196368232217,0.0,59575.29294778427,0.377,1.4372,0.8168180555555556
dynamic_reserve_aware,2025-06-11,3102.5352130736605,3789.91790719267,80141.67077485542,54966.71667923179,1492.9238329107975,0.8,78699.72501411973,3340.50757919888,17965.053102987815,26,2547.9718286640764,0.0,72931.7697822196,0.2889,1.442,0.8316965277777778
dynamic_reserve_aware,2025-06-12,3789.91790719267,3588.5968550732746,82135.67092153429,58113.71508088891,3478.843482815765,0.8,80433.51341278767,634.4876709906514,4324.66796547228,1,6988.806506833739,0.0,62438.383046361196,0.3069,1.4394,0.8219833333333333
dynamic_reserve_aware,2025-06-13,3588.5968550732746,3584.1370383254457,38596.042401599414,19838.982012401302,1720.3837899488885,0.8,47398.90851460749,300.11969497617577,1628.3170018019935,3,8030.008427272107,0.0,21467.299014203294,0.2565,1.298,0.6400291666666666
dynamic_reserve_aware,2025-06-14,3584.1370383254457,3961.4606446944194,41784.91328932866,21837.573237538818,766.023976747764,0.8,51259.19357008981,916.9923352386289,3556.0489297888894,2,13100.432315829277,0.0,25393.622167327707,0.2585,1.238,0.6368673611111111
dynamic_reserve_aware,2025-06-15,3961.4606446944194,3249.5740163648843,79020.17849429944,54729.133226928156,3536.3577238685257,0.8,78044.45488471915,1105.078403951057,5918.139673858342,2,6969.719152403869,0.0,60647.2729007865,0.3571,1.4464,0.8178270833333333
dynamic_reserve_aware,2025-06-16,3249.5740163648843,4139.984711685105,79601.79948598413,55544.989339090316,435.66877958985685,0.8,78107.60042917787,1432.9738807431431,8559.312153365296,14,3760.783412815872,0.0,64104.30149245561,0.3023,1.3988,0.8232416666666666
dynamic_reserve_aware,2025-06-17,4139.984711685105,3541.5577597246793,79342.11818348714,55487.3697666235,5649.307243553328,0.8,78009.7303744972,1313.5144807505867,8370.188731963224,8,2644.2556572505237,0.0,63857.558498586724,0.3465,1.4509,0.8286263888888888
dynamic_reserve_aware,2025-06-18,3541.5577597246793,2348.12823037798,77911.75870463828,54577.07501626252,2958.535754375647,0.8,76537.83465278072,1186.560465154891,5137.873553128873,7,6250.1475181918095,0.0,59714.94856939139,0.3499,1.4109,0.82005
dynamic_reserve_aware,2025-06-19,2348.12823037798,2219.8399267516593,77363.43305745938,53245.72670647723,1666.6550241968403,0.8,74648.8760129093,1356.5430418007638,6182.628216212058,17,7079.2356706289565,0.0,59428.35492268929,0.3554,1.4236,0.8079104166666666
dynamic_reserve_aware,2025-06-20,2219.8399267516593,2786.07425689203,34073.09766081059,16992.016633401046,583.6601071644468,0.8,42617.06317737806,737.855668051152,3560.3894370233784,7,9076.6532601153,0.0,20552.406070424426,0.2668,1.2402,0.6213069444444445
dynamic_reserve_aware,2025-06-21,2786.07425689203,1890.3614283088725,30649.96754890127,15035.855750373586,221.5373862643367,0.8,39063.58481381976,1445.0520454788627,4699.861562032154,13,10864.81408331103,115.18415156462038,19735.71731240574,0.1828,1.2633,0.6095256944444445
dynamic_reserve_aware,2025-06-22,1890.3614283088725,2143.520128842725,70767.74371837286,47803.94555079979,4126.139236941203,0.8,69775.87423973586,1475.8909944405475,6333.1059450945595,10,469.1526554065216,0.0,54137.05149589435,0.3355,1.4122,0.8074916666666668
dynamic_reserve_aware,2025-06-23,2143.520128842725,1649.9202723851138,70816.90753082502,48087.94461922726,1088.506685762409,0.8,70203.43832088273,1865.7111084804324,6942.763244780507,16,2369.080853642173,14.090750870881834,55030.70786400777,0.3539,1.4023,0.8048722222222222
dynamic_reserve_aware,2025-06-24,1649.9202723851138,2112.519236396693,70245.29980516448,49350.50529288579,4704.620683249786,0.8,69509.64260682215,9548.562794584868,56476.44355776247,47,0.0,36.23746806581903,105826.94885064826,0.3611,1.4158,0.8405347222222221
dynamic_reserve_aware,2025-06-25,2112.519236396693,2049.531645912685,71332.77487368335,48080.71732449894,3347.0501919277317,0.8,70224.4776429662,3014.5024247056144,17095.361876375555,20,382.651259218159,0.0,65176.07920087449,0.3384,1.4004,0.8163465277777777
dynamic_reserve_aware,2025-06-26,2049.531645912685,1746.515043428029,72808.43254928938,48561.65863657984,4503.822612595582,0.8,70912.8063828548,2072.2866072053653,10101.36331375135,21,3760.554539423238,90.11746373192625,58663.0219503312,0.3376,1.417,0.8059743055555556
dynamic_reserve_aware,2025-06-27,1746.515043428029,2084.3464169281733,31370.24870024929,15183.058092449133,456.51838043692123,0.8,39388.60604442042,1357.4045019128175,5223.517494361595,19,10074.374592067205,0.0,20406.57558681073,0.1708,1.2437,0.6051201388888889
dynamic_reserve_aware,2025-06-28,2084.3464169281733,2406.26571588643,31851.817127783666,15378.502037645667,702.4804001830055,0.8,40392.491294984764,1460.3343383766057,5832.836763013641,12,8494.426513909712,0.0,21211.33880065931,0.1995,1.2402,0.6229888888888888
dynamic_reserve_aware,2025-06-29,2406.26571588643,3167.828295073269,72489.00724327218,49507.77261058914,1412.6707704579198,0.8,71478.77184920081,1712.025078247745,8699.7583451706,17,464.0898700828973,0.0,58207.53095575974,0.3508,1.3938,0.8118270833333334
dynamic_reserve_aware,2025-06-30,3167.828295073269,2550.313458420011,72945.91514535472,48958.83654039215,5112.293925773761,0.8,72470.79015970694,1667.0241224956478,8913.183147620523,17,1636.3567291641052,36.605604616198434,57872.019688012675,0.3316,1.4347,0.8101881944444445
dynamic_reserve_aware,2025-07-01,2550.313458420011,1200.0,74468.39468699833,54583.35311127009,5576.718420810212,0.8,72539.92874307977,7542.88811530026,40101.01306527811,59,879.4670512558669,713.5909975779722,94684.3661765482,0.3868,1.7322,0.8907618055555555
dynamic_reserve_aware,2025-07-02,1200.0,1200.0,79066.15687912091,58442.75067538716,4225.34172770077,0.8,78384.08149538594,3611.051082922317,19330.283006385514,32,6765.735247516959,334.94805608750926,77773.03368177268,0.4184,1.727,0.8753215277777778
dynamic_reserve_aware,2025-07-03,1200.0,2427.049516447845,77729.8130332448,59347.94667142081,2077.2936443286258,0.8,77144.25375599321,6073.731148797983,46241.10781660465,33,0.0,0.0,105589.05448802546,0.3737,1.7936,0.9014361111111112
dynamic_reserve_aware,2025-07-04,2427.049516447845,2348.692369910899,41062.9485471592,23971.601789162894,1362.7314831875005,0.8,49127.32147653411,1340.4959555666533,7346.7891261132445,4,10845.413485220884,0.0,31318.39091527614,0.1337,1.5677,0.6903083333333333
dynamic_reserve_aware,2025-07-05,2348.692369910899,2921.7938650432807,44423.67169511474,25402.92269133845,546.7377246484502,0.8,53101.12903626748,605.3091473099869,2701.6440674782075,4,12707.14912380873,0.0,28104.566758816654,0.168,1.5334,0.68431875
dynamic_reserve_aware,2025-07-06,2921.7938650432807,2399.0112962312082,80664.87501670202,61292.23499143324,3886.901250489687,0.8,82246.3016854448,2368.7652692823244,17242.47473356165,16,56.85205751458193,118.12874160832462,78534.70972499489,0.4315,1.7731,0.8986708333333334
dynamic_reserve_aware,2025-07-07,2399.0112962312082,5537.893401654524,91777.42256471311,69395.55021935157,1915.688178591484,0.8,91538.61654339056,645.5916779532955,5370.031577215512,1,12911.673392120341,0.0,74765.58179656709,0.3983,1.7052,0.8773902777777778
dynamic_reserve_aware,2025-07-08,5537.893401654524,5714.260174099418,89620.3299630419,69394.9087756702,3891.1672185648436,0.8,92165.08081332706,545.2936438547895,4578.830727448667,1,11267.016903583199,0.0,73973.73950311888,0.3935,1.7507,0.8836034722222222
dynamic_reserve_aware,2025-07-09,5714.260174099418,4513.489932643704,87788.40713086433,67415.22459331618,3362.813843686169,0.8,90739.59548042435,349.19335260061183,1514.0786281603641,2,12213.019454800997,0.0,68929.30322147654,0.3976,1.7416,0.8791770833333333
dynamic_reserve_aware,2025-07-10,4513.489932643704,4328.282807015754,84181.98386796453,64192.84638910576,1803.5893882027854,0.8,85899.39331048423,893.5309329299603,7028.094790339612,2,9321.0423936102,0.0,71220.94117944538,0.4072,1.7648,0.8775076388888888
dynamic_reserve_aware,2025-07-11,4328.282807015754,4231.514924681702,47413.099504069614,28837.10428714946,1104.5666388674722,0.8,56826.20429460627,413.96525806251316,999.7260982209693,1,13088.10360937967,0.0,29836.83038537043,0.2855,1.5451,0.7069465277777778
dynamic_reserve_aware,2025-07-12,4231.514924681702,3521.3916384844115,48537.97643898018,27691.45511077172,138.97709160488589,0.8,56189.976120652165,977.633484787295,4161.136664191195,2,16393.80703326955,0.0,31852.591774962915,0.2556,1.5783,0.6942819444444444
dynamic_reserve_aware,2025-07-13,3521.3916384844115,2672.71358264444,83279.08535837173,60792.693672913214,2364.851061125263,0.8,83236.27967598113,876.4252390661892,4806.313217997393,6,12704.204216886308,25.769982207986573,65599.0068909106,0.3392,1.7345,0.8542875
dynamic_reserve_aware,2025-07-14,2672.71358264444,4005.185123377618,88421.4785538512,65710.03799991394,1850.8867809755684,0.8,86062.09932353266,1139.9078525395535,4687.732718558551,2,13075.302329712864,0.0,70397.77071847249,0.3522,1.7345,0.8722152777777779
dynamic_reserve_aware,2025-07-15,4005.185123377618,4486.881352155774,87565.74148357305,65064.38704135467,532.304871090427,0.8,87309.98390198473,687.42625,2967.962834375,1,11682.667816501013,0.0,68032.34987572966,0.3419,1.7416,0.8721083333333334
dynamic_reserve_aware,2025-07-16,4486.881352155774,3865.595245548777,83606.97800389593,63719.88920106282,2639.865824348933,0.8,85367.21986825348,1087.003075135187,6439.219914628111,3,10359.020865770137,0.0,70159.10911569092,0.3718,1.6813,0.8758020833333333
dynamic_reserve_aware,2025-07-17,3865.595245548777,2415.537696970196,79006.92883240739,58804.441577599915,711.0655398383793,0.8,80466.37110458454,1158.3697983489951,7144.337240362744,3,5251.035073925615,83.91374870453069,65948.77881796265,0.3696,1.7092,0.8748208333333334
dynamic_reserve_aware,2025-07-18,2415.537696970196,2593.9633680317143,42139.260615031,23993.193111464207,746.0609198003647,0.8,51230.42780556059,1075.4993638697858,5317.896821372431,4,9197.30317035798,0.0,29311.089932836636,0.3031,1.5835,0.6942027777777777
dynamic_reserve_aware,2025-07-19,2593.9633680317143,2018.7459104199402,40117.5753598145,22019.24340923659,886.6703021436454,0.8,48412.17771856612,2845.6516357891705,13433.91811237789,19,13566.869572183768,143.34529336381104,35453.161521614486,0.1583,1.5795,0.6802993055555555
dynamic_reserve_aware,2025-07-20,2018.7459104199402,2125.212541844934,75585.3907660154,55355.46694977791,962.0897666242627,0.8,76104.43776547813,1423.293467614818,9859.877621049063,8,1327.0816880060902,16.922201399146502,65215.34457082697,0.3497,1.7018,0.8676124999999999
dynamic_reserve_aware,2025-07-21,2125.212541844934,2016.512983864213,75955.1408587307,56555.5520005314,1567.5417107934331,0.8,75936.8644014723,2494.5374522419925,15209.379113559327,26,1082.3905783184086,53.22971858306789,71764.93111409072,0.3888,1.7317,0.8791791666666667
dynamic_reserve_aware,2025-07-22,2016.512983864213,3015.737517772513,80892.59034487074,59335.86058216202,716.3978885756803,0.8,79655.65900062441,1470.129990039658,8863.962494406034,7,3775.4690576171242,0.0,68199.82307656805,0.3953,1.7059,0.8751333333333333
dynamic_reserve_aware,2025-07-23,3015.737517772513,2223.767624470566,77188.82334130116,57100.451645974725,1973.282183827921,0.8,78541.33994012143,1805.5962855076957,11666.480102218195,20,1937.1437019809957,54.119903758270425,68766.93174819292,0.4298,1.7196,0.8755840277777778
dynamic_reserve_aware,2025-07-24,2223.767624470566,2024.3995230924181,78214.32131671731,58464.60087580905,1990.5347881167866,0.8,78072.9257604577,2087.6316817755883,10494.308539679945,24,3549.7270762654925,0.0,68958.90941548899,0.4014,1.7129,0.8774458333333334
dynamic_reserve_aware,2025-07-25,2024.3995230924181,1367.0021966831061,38988.54756261485,21713.947124368948,199.29699846071017,0.8,46877.52018359379,1498.1348850287732,7215.073523867903,11,11763.935652163309,26.89674558328295,28929.020648236852,0.192,1.5162,0.67696875
dynamic_reserve_aware,2025-07-26,1367.0021966831061,1450.766129135223,38823.020150388744,21116.805279307497,635.488703286498,0.8,45966.93447215973,2779.2246234970153,11087.606910168477,19,9745.099686618836,628.529237868076,32204.412189475974,0.2778,1.5779,0.6880090277777778
dynamic_reserve_aware,2025-07-27,1450.766129135223,1309.5717239481291,72864.99942460911,53696.12780859071,1445.9859901089387,0.8,73301.1036618395,5439.748194623483,29473.856523146547,50,1115.7396873964512,35.36532304764614,83169.98433173726,0.3756,1.6917,0.87713125
dynamic_reserve_aware,2025-07-28,1309.5717239481291,1832.8386891159782,75480.15185633728,55456.01330765257,3094.053839872465,0.8,76141.35566424516,6426.833383522742,44837.687637015435,47,114.12024333384807,204.13550649173965,100293.700944668,0.3783,1.7444,0.8862368055555556
dynamic_reserve_aware,2025-07-29,1832.8386891159782,3474.297917757156,89846.61150840996,66233.70582675953,404.5594033368033,0.8,86366.83988546589,1793.5057569613814,9464.421959845975,4,10409.345722609303,1058.0202924242315,75698.1277866055,0.4164,1.7497,0.8846277777777778
dynamic_reserve_aware,2025-07-30,3474.297917757156,3670.44753067592,83683.66351565716,62680.77468675626,914.5437390856239,0.8,82864.85065938273,1396.0877361119833,9108.823804349335,8,7531.404571378196,0.0,71789.5984911056,0.3727,1.6898,0.8796965277777778
dynamic_reserve_aware,2025-07-31,3670.44753067592,3090.4148994376187,80474.91276116167,59596.03847626066,3215.8573007607115,0.8,80456.68169844334,557.0375479127435,4558.046157310517,3,2996.2293296061384,0.0,64154.08463357118,0.381,1.7439,0.8814312499999999
dynamic_reserve_aware,2025-08-01,3090.4148994376187,3541.0763894611828,42423.522704792755,24157.455933863705,432.0408205488382,0.8,51867.749049229154,667.3164390719671,4358.735382785826,6,18589.443019036706,0.0,28516.19131664953,0.1568,1.5892,0.6663972222222222
dynamic_reserve_aware,2025-08-02,3541.0763894611828,2863.907074141594,39922.305289544216,22239.99865718495,1097.8064216982693,0.8,49558.48458629064,1097.6383460376103,4789.01844588755,4,17878.21627429907,67.42002917600337,27029.017103072503,0.1219,1.5378,0.6621874999999999
dynamic_reserve_aware,2025-08-03,2863.907074141594,2757.1061961504374,80068.29523355153,56794.49439432447,172.98512564627737,0.8,80312.27209077282,1872.8149298071369,12695.147035120573,9,15999.011952590881,0.0,69489.64142944505,0.3408,1.692,0.83336875
dynamic_reserve_aware,2025-08-04,2757.1061961504374,2374.4453080391786,69235.14664724885,51095.2612838964,1442.123554081726,0.8,74883.43709943064,912.2571928375665,6708.574397004189,6,1825.7321243351098,0.0,57803.835680900585,0.374,1.6947,0.8447847222222222
dynamic_reserve_aware,2025-08-05,2374.4453080391786,2320.1814999258754,66919.70017059625,49529.95082637042,1635.9396633220163,0.8,72869.49624577627,1688.327468304289,11040.395264021228,16,70.99458925091676,0.0,60570.34609039165,0.3346,1.7018,0.8445958333333334
dynamic_reserve_aware,2025-08-06,2320.1814999258754,1754.6270824181145,66229.88729778389,49844.10813454694,2775.053675386035,0.8,73489.7641683473,4518.205298892913,25017.434218249982,33,112.65062549173228,0.0,74861.54235279693,0.3616,1.7116,0.8577486111111111
dynamic_reserve_aware,2025-08-07,1754.6270824181145,2086.8640246676914,69643.23043720628,51139.31609306431,1591.2274951823615,0.8,74163.6562177111,1537.2652086663068,8788.565098043631,7,3985.191458531508,16.37729227631064,59927.88119110795,0.3292,1.7422,0.8411048611111112
dynamic_reserve_aware,2025-08-08,2086.8640246676914,2572.0897785335605,39277.513157400936,21347.93352453094,1004.0706336025216,0.8,47622.77858775745,1300.9667277214685,5982.100879690093,4,21552.34955140508,0.0,27330.034404221034,0.0665,1.5268,0.6379520833333333
dynamic_reserve_aware,2025-08-09,2572.0897785335605,2640.0770842445313,40142.73342397202,22372.13206292659,971.8068774078638,0.8,48853.55866475409,778.1612130311727,3119.0238324272477,5,18859.900702083003,0.0,25491.155895353837,0.1714,1.5586,0.6529750000000001
dynamic_reserve_aware,2025-08-10,2640.0770842445313,2279.981656847752,67747.2654236888,51059.33883177803,2067.7410853924966,0.8,74470.47332249921,637.294250471626,4874.161861889468,5,129.01397075301702,0.0,55933.500693667505,0.3761,1.7523,0.8486909722222223
dynamic_reserve_aware,2025-08-11,2279.981656847752,2164.965644187762,70473.81676577547,50899.51648430928,552.6869245870828,0.8,75471.81590577998,1445.888431352947,7623.358204926358,8,3685.7851860449414,0.0,58522.874689235636,0.3636,1.7686,0.8396298611111112
dynamic_reserve_aware,2025-08-12,2164.965644187762,2256.0664673584984,68856.29401088008,50866.5239143878,825.6764233700893,0.8,73921.41967075429,2312.480941991644,15759.67679780522,21,44.989666807247886,334.8885476611391,66626.20071219302,0.3472,1.7091,0.8573708333333333
dynamic_reserve_aware,2025-08-13,2256.0664673584984,2748.476407905325,74257.97494634529,54451.8332454032,484.4744144213847,0.8,77168.95454618536,1303.0760496437747,7392.056734293955,10,5852.473832970848,0.0,61843.88997969715,0.3789,1.7327,0.8531652777777778
dynamic_reserve_aware,2025-08-14,2748.476407905325,2401.5208037222433,69558.76860559276,50867.00842928872,2094.0376390578367,0.8,74343.6840094689,1478.7213560768464,10178.524921882286,18,1615.0772951375516,0.0,61045.533351171005,0.3843,1.7384,0.8501201388888889
dynamic_reserve_aware,2025-08-15,2401.5208037222433,1978.3390106554566,38565.229769736354,21508.913987357264,444.8646363981369,0.8,47259.193351854075,1070.8032713484768,4768.150666341517,10,20314.593033327525,42.61749388114049,26277.06465369878,0.1119,1.6114,0.6512152777777778
dynamic_reserve_aware,2025-08-16,1978.3390106554566,2809.7477657172467,41581.488262792904,22998.650242210588,360.38976285446813,0.8,49342.9341706422,1218.1802671152623,5757.961544300576,7,22059.631506747304,0.0,28756.611786511163,0.0685,1.5409,0.6473409722222221
dynamic_reserve_aware,2025-08-17,2809.7477657172467,3281.9690857160167,76483.00964337714,55438.03363036181,186.96651524095424,0.8,78981.1444660644,1352.70402327474,8662.300086597228,6,11018.681789769224,0.0,64100.33371695904,0.3386,1.7136,0.8399
dynamic_reserve_aware,2025-08-18,3281.9690857160167,2428.5718453986774,67245.53929098485,50275.09673919129,404.749826805246,0.8,74192.37061925825,1315.2949595320565,7324.120256046895,13,1449.2901761500957,40.530674533955676,57599.21699523819,0.3325,1.7616,0.8475611111111111
dynamic_reserve_aware,2025-08-19,2428.5718453986774,2702.6857737318796,73213.78619914316,54156.566814092745,556.2544751914489,0.8,77402.45056213975,1281.5051761871355,7520.145172764439,9,6762.609810706061,312.75295595289003,61676.71198685718,0.4324,1.7202,0.8429152777777777
dynamic_reserve_aware,2025-08-20,2702.6857737318796,2381.2516538902146,67840.9291636445,50546.869014196345,3746.722922231267,0.8,74810.23922478301,5945.911429916063,42712.00286088776,37,338.06764134339767,848.0463335988336,93258.8718750841,0.4085,1.7251,0.866348611111111
dynamic_reserve_aware,2025-08-21,2381.2516538902146,2353.2135054012792,73606.12887761077,53588.05009958576,1092.6808486212228,0.8,76123.48373194922,1483.2703095933214,9209.66033045965,11,6117.450317527298,0.0,62797.71043004541,0.4163,1.7157,0.8472069444444443
dynamic_reserve_aware,2025-08-22,2353.2135054012792,2288.3610919714497,39419.851389213,22055.191300754217,647.0630358005876,0.8,48448.71196580878,1524.3405369954592,7650.632290879577,17,17203.21646763829,0.0,29705.823591633794,0.1444,1.5612,0.6604708333333333
dynamic_reserve_aware,2025-08-23,2288.3610919714497,2498.1450566524563,40588.593806587014,22374.79440183213,758.9419582942708,0.8,48931.15572905613,1162.9990212844523,5415.173022382474,3,16307.891733233308,0.0,27789.967424214603,0.1405,1.5209,0.6591965277777778
dynamic_reserve_aware,2025-08-24,2498.1450566524563,2943.8828556653293,74236.37512315027,53732.24672467826,1984.150323205291,0.8,76278.80936073605,1117.0481169831087,8463.599788447518,12,7529.182800034725,0.0,62195.84651312578,0.3394,1.7075,0.8410215277777777
dynamic_reserve_aware,2025-08-25,2943.8828556653293,2779.2801185484022,76326.28681927122,55854.839232266604,1261.9966418095628,0.8,78213.71272700278,1400.742550086492,8802.637045131076,3,3756.352552589133,0.0,64657.47627739768,0.3974,1.7083,0.8601569444444443
dynamic_reserve_aware,2025-08-26,2779.2801185484022,2810.0196921389684,73287.43698999082,52877.83521208307,1983.3033467099208,0.8,76259.37844289561,1189.2080308922739,8076.599512938734,10,5400.0641925706805,1.7072631196375596,60954.4347250218,0.3224,1.6987,0.8444180555555555
dynamic_reserve_aware,2025-08-27,2810.0196921389684,2166.6554470390843,70873.42616733615,51588.63335766609,1892.3341692161462,0.8,75363.4783567739,1212.750752579163,8388.58671756233,12,858.3090119542313,0.0,59977.22007522842,0.3375,1.7058,0.8533875
dynamic_reserve_aware,2025-08-28,2166.6554470390843,2210.1485386354493,71473.49719925533,52249.43614772429,2521.5374349113895,0.8,76183.11796571569,2879.517184917322,19485.178345380635,18,102.42890861360866,1.7906663381447743,71734.61449310492,0.3748,1.7227,0.863504861111111
dynamic_reserve_aware,2025-08-29,2210.1485386354493,2073.152450688588,39841.683334964866,22066.89676386367,269.7726705269539,0.8,48165.39230475128,519.7634791675682,3290.8097227933677,2,14987.043403720803,0.0,25357.70648665704,0.1616,1.5608,0.6645076388888889
dynamic_reserve_aware,2025-08-30,2073.152450688588,1848.760667223665,40264.091380704864,22122.393315726644,289.49946968346916,0.8,47779.255848416935,1276.492957853558,6165.043261343015,13,20117.92431692867,130.96774651437318,28287.43657706966,0.115,1.5978,0.6546625
dynamic_reserve_aware,2025-08-31,1848.760667223665,2807.718735955219,73745.29505435337,52805.55161714956,835.7382009311029,0.8,75251.95037594106,1512.1927378776386,9418.938281678138,16,4065.8845489036385,0.0,62224.4898988277,0.4046,1.7034,0.846538888888889
dynamic_reserve_aware,2025-09-01,2807.718735955219,6299.66318882384,72380.19677737786,47005.57872052997,37.83289807581273,0.8,75140.23610027177,829.1497373033615,4069.8690071975416,2,13033.137572938183,0.0,51075.447727727515,0.3616,1.367,0.7517326388888889
dynamic_reserve_aware,2025-09-02,6299.66318882384,5564.898874489169,60346.25021482208,40822.870218555996,1570.6347104197282,0.8,71052.77891975868,520.5480176135122,3392.500845048258,2,4121.723077305086,0.0,44215.37106360425,0.3185,1.3791,0.7539930555555555
dynamic_reserve_aware,2025-09-03,5564.898874489169,4255.984690104475,59061.88437457882,40062.81274728014,1608.5858227448864,0.8,68435.20237358814,1735.0893155433732,7139.077261772103,9,3294.581763249304,0.0,47201.890009052244,0.3744,1.3826,0.7609944444444445
dynamic_reserve_aware,2025-09-04,4255.984690104475,3971.3443294325143,60688.34829575507,40068.60590730529,897.9058587851896,0.8,66865.4218488741,1546.041689792496,7814.775860607199,16,5104.926069253296,0.0,47883.38176791249,0.3556,1.3949,0.7569979166666667
dynamic_reserve_aware,2025-09-05,3971.3443294325143,3015.286089416091,30434.601698390914,14197.476738596353,259.08583925429446,0.8,40813.893250354406,537.7395368537714,2104.5746001196553,4,22202.184766109567,0.0,16302.051338716008,0.1454,1.2232,0.5586402777777777
dynamic_reserve_aware,2025-09-06,3015.286089416091,3106.1973141356875,29465.75286419916,13501.288644762073,340.6804691081117,0.8,38863.8964887011,1720.286191466389,6985.901778380213,17,20464.784689658725,0.0,20487.190423142285,0.07,1.2147,0.5657111111111112
dynamic_reserve_aware,2025-09-07,3106.1973141356875,2263.862543773168,54096.736217760255,35125.86511943874,1459.7722783735626,0.8,61534.529468729714,3750.997672865083,18378.79740037302,22,36.33550666765666,0.0,53504.66251981176,0.3572,1.3878,0.7593138888888888
dynamic_reserve_aware,2025-09-08,2263.862543773168,1304.2838521237518,50468.49897142501,32781.07218689748,628.8098800431451,0.8,57887.602858364786,10839.653365539954,52493.87630882679,63,0.0,3478.1188334098024,85274.94849572427,0.3635,1.358,0.7735236111111111
dynamic_reserve_aware,2025-09-09,1304.2838521237518,1217.1419749272152,56844.2434548872,36254.056368339385,3181.0672094422926,0.8,60825.15288533254,4316.905033908428,21706.404383228848,32,4667.32585733402,788.6112274278803,57960.46075156823,0.2568,1.377,0.7518833333333333
dynamic_reserve_aware,2025-09-10,1217.1419749272152,2073.441178589054,59405.32493755177,38927.45470355048,3180.031568127283,0.8,65604.17925846601,6241.199159911963,37673.47634752253,36,80.24103134928248,11.796447043492549,76600.93105107301,0.3604,1.3717,0.7818236111111112
dynamic_reserve_aware,2025-09-11,2073.441178589054,1818.0838130355235,61196.84548984262,39125.55540671918,3103.1189433505765,0.8,63655.472955257224,1459.028508770218,6387.054264047494,15,5624.706584703675,130.02718190118878,45512.60967076667,0.301,1.368,0.7530638888888889
dynamic_reserve_aware,2025-09-12,1818.0838130355235,1656.0884418205978,31353.51015729004,13649.81989156138,1072.6442488669243,0.8,38089.310075362104,1100.3360974046097,3638.1008693564386,16,17892.096979502247,87.4613814743434,17287.92076091782,0.112,1.219,0.5750854166666666
dynamic_reserve_aware,2025-09-13,1656.0884418205978,2299.813418312564,32274.506100678787,14102.263994452576,955.2002186176109,0.8,40229.95974139542,1053.6374772942797,4853.00911144565,9,21632.194499516256,0.0,18955.273105898224,0.0376,1.2673,0.5665159722222222
dynamic_reserve_aware,2025-09-14,2299.813418312564,1982.2421322631992,59153.77706967011,38875.28362397592,2625.9969541692285,0.8,65921.74961053675,3846.5568791495994,24766.402314621508,19,18.53750259487117,27.86734804587479,63641.685938597424,0.3774,1.3811,0.7759062499999999
dynamic_reserve_aware,2025-09-15,1982.2421322631992,1200.0,58752.91939153537,38402.99843166832,1840.66066524272,0.8,63318.02983110723,3352.292518893145,16546.634075209622,28,4470.896361945962,1047.1175388771485,54949.63250687794,0.3138,1.3666,0.761726388888889
dynamic_reserve_aware,2025-09-16,1200.0,1657.706367188799,66002.13621697492,42546.268099274785,1272.6014498455004,0.8,67507.31385415472,1932.4230084798805,10043.404173914176,21,4492.3422640176,145.82803496209442,52589.67227318896,0.3741,1.3713,0.7779465277777776
dynamic_reserve_aware,2025-09-17,1657.706367188799,2917.036527347649,69348.54485072022,44631.39413906117,2584.128716708819,0.8,70323.37273897776,704.2770700020202,4484.1582870138955,10,5218.235062888239,0.0,49115.55242607507,0.3228,1.3545,0.778054861111111
dynamic_reserve_aware,2025-09-18,2917.036527347649,3261.8729952598146,65672.70255005937,43266.7697996117,1854.6710964011145,0.8,71575.39958390084,763.0469601418018,4941.283489880018,5,3656.4242908370406,0.0,48208.05328949172,0.355,1.4221,0.7698256944444445
dynamic_reserve_aware,2025-09-19,3261.8729952598146,4227.520352881747,36109.10400838806,16614.796890040354,857.6506311093008,0.8,45367.98759269131,735.463628573599,3633.6033182354026,8,16845.940905934964,0.0,20248.400208275758,0.2021,1.2857,0.5932520833333333
dynamic_reserve_aware,2025-09-20,4227.520352881747,3413.4175915528085,34514.97905273742,15382.75698416518,1090.2664725262648,0.8,44434.028768739416,788.7459396709095,2767.197305281403,2,17398.467720349923,0.0,18149.954289446585,0.0958,1.2367,0.5874611111111112
dynamic_reserve_aware,2025-09-21,3413.4175915528085,3203.756851330064,70423.80017956009,46102.96098613927,1403.6217563395292,0.8,73214.65070186021,1241.0252148911882,7270.838631017094,2,10467.678250319199,0.0,53373.79961715636,0.36,1.3742,0.7738493055555556
dynamic_reserve_aware,2025-09-22,3203.756851330064,3056.37232905418,69664.63596390604,45700.73485549218,1981.3716927823546,0.8,71582.07800352681,1567.993202583973,8806.25511022824,10,7458.996957452451,0.0,54506.989965720415,0.381,1.3934,0.7821659722222223
dynamic_reserve_aware,2025-09-23,3056.37232905418,3348.452572628385,68997.46994933905,46309.569206003245,1316.5952703221717,0.8,74075.11862663255,1175.6427832750067,6976.285613493326,12,4618.456743024184,0.0,53285.85481949657,0.3271,1.3866,0.7817520833333333
dynamic_reserve_aware,2025-09-24,3348.452572628385,4006.454907958489,69490.90268483847,46183.825758264284,2175.8150795272604,0.8,75002.96282305289,685.1858461061437,4464.903429008235,4,5008.764641002072,0.0,50648.72918727252,0.3701,1.3677,0.7761097222222222
dynamic_reserve_aware,2025-09-25,4006.454907958489,2824.990568664259,70102.32921099885,46275.227888060515,2332.9070716665656,0.8,73149.56250572702,1515.4287364775837,8642.72672653218,7,9358.703185216005,81.31199163354006,54917.954614592694,0.3266,1.3825,0.7776076388888888
dynamic_reserve_aware,2025-09-26,2824.990568664259,2875.303158121381,37316.60303766252,16435.62580684827,828.5233667236847,0.8,44674.64742988961,48.38379439008139,96.9611239577231,1,16665.928562628436,0.0,16532.586930805996,0.1786,1.1987,0.5928138888888889
dynamic_reserve_aware,2025-09-27,2875.303158121381,2415.953170111121,36403.96560972774,16675.527041083897,933.1010956663798,0.8,45002.99770761542,267.3893634220175,1296.6429773781294,6,16246.669521381493,34.81560507316544,17972.170018462028,0.208,1.2231,0.5996840277777777
dynamic_reserve_aware,2025-09-28,2415.953170111121,2729.027315762068,68958.85624164192,46539.91026494737,4372.937334860935,0.8,73068.91308590726,591.3896015874362,3223.851792479373,3,2404.263874417339,0.0,49763.76205742674,0.3864,1.3665,0.7893881944444444
dynamic_reserve_aware,2025-09-29,2729.027315762068,1700.5417928538782,65621.51642145345,42837.59807197102,1162.1811139978179,0.8,68441.62018330966,2076.4502406907914,12157.633301197493,19,2025.5074977297859,103.97301810123838,54995.23137316851,0.3708,1.3651,0.7877583333333333
dynamic_reserve_aware,2025-09-30,1700.5417928538782,1714.7217045100977,74232.012734585,47978.668427537006,3435.7226833176696,0.8,72320.45707039017,2097.818192643799,9839.976989632942,12,6924.580778417605,146.93498515322653,57818.645417169944,0.3589,1.3781,0.7938243055555556
dynamic_reserve_aware,2025-10-01,1714.7217045100977,4010.4983484673526,74230.38162264487,45803.711286992795,1985.6067655491092,0.8,72208.88552480654,702.137671554017,3606.5301499372085,1,19524.02600791803,0.0,49410.24143693,0.2329,1.3138,0.7381555555555556
dynamic_reserve_aware,2025-10-02,4010.4983484673526,3313.2957700810634,57182.14611530634,37131.10622691174,1276.441913143242,0.8,64810.94076855814,2372.1354100623494,11286.430660742533,20,5461.374153015335,0.0,48417.53688765427,0.3234,1.3383,0.7419722222222223
dynamic_reserve_aware,2025-10-03,3313.2957700810634,4065.9644723256133,32078.209086267656,13125.90605629303,771.8233938099247,0.8,40878.20150300578,783.1039289721476,3059.6647577414806,2,21153.1984133722,0.0,16185.57081403451,0.0924,1.1747,0.5579645833333333
dynamic_reserve_aware,2025-10-04,4065.9644723256133,2744.0107891692855,30064.997440609113,12763.819960289837,281.85360722006834,0.8,39303.26374557089,377.3483012864048,726.3539657939391,3,15593.621545668746,0.0,13490.173926083775,0.132,1.1845,0.5858305555555555
dynamic_reserve_aware,2025-10-05,2744.0107891692855,3093.066197497763,61475.69954285302,39650.09587856005,1484.601149997799,0.8,67565.68325184178,1007.84796930309,4552.760049258259,8,3947.0321748656775,0.0,44202.85592781831,0.3247,1.303,0.752561111111111
dynamic_reserve_aware,2025-10-06,3093.066197497763,3327.2049656536774,63343.58960209759,41016.61559521609,3176.790588490964,0.8,68575.51192982716,1111.289425787053,5780.417486372656,6,2865.1368023267714,0.0,46797.03308158875,0.3294,1.3468,0.7684895833333333
dynamic_reserve_aware,2025-10-07,3327.2049656536774,3584.6503205674876,63494.448738349005,40372.60586234796,1371.2010940170267,0.8,68370.5599725479,2119.0367756768155,9763.716720341601,10,4058.7394686788057,0.0,50136.322582689565,0.341,1.3141,0.7657534722222222
dynamic_reserve_aware,2025-10-08,3584.6503205674876,1728.045790794655,61986.3896384458,38775.72859852589,444.0482685229896,0.8,65644.65736491267,1276.3076586092834,6500.935184286469,15,4952.907181790676,160.7839234812174,45276.663782812364,0.37,1.3239,0.7606854166666666
dynamic_reserve_aware,2025-10-09,1728.045790794655,1979.1004136717074,58809.740217248574,37113.34822324406,2466.3239361283195,0.8,63843.76139110705,3118.538777875245,15824.814394657857,31,2280.2653134241295,0.0,52938.162617901915,0.3337,1.3793,0.7578034722222222
dynamic_reserve_aware,2025-10-10,1979.1004136717074,1545.7471463021718,29256.373353541036,11557.48474531973,716.7716355383441,0.8,37285.67656751987,1820.3605361284003,5620.7480810731395,29,18959.695858580468,167.3859323411956,17178.232826392872,0.039,1.1569,0.5595319444444445
dynamic_reserve_aware,2025-10-11,1545.7471463021718,2016.2962934122793,31836.07111685251,12677.999615293695,132.94229771634957,0.8,39152.95267686987,633.0184106683246,2850.3351853989425,10,14299.443217755866,0.0,15528.334800692637,0.155,1.184,0.5845513888888889
dynamic_reserve_aware,2025-10-12,2016.2962934122793,2178.8137179682312,63144.97278668724,39203.29980694536,913.6089763059742,0.8,67043.68098512648,806.4381735002823,5201.700413137001,6,1402.1713900835189,107.97569581734103,44405.000220082366,0.3076,1.3451,0.76634375
dynamic_reserve_aware,2025-10-13,2178.8137179682312,2556.4414643696614,65335.92631703261,41195.45120822931,438.04954882376006,0.8,68594.80054774175,1394.222693527346,7705.935123470602,5,5769.403295236456,0.0,48901.38633169991,0.3599,1.3254,0.764651388888889
dynamic_reserve_aware,2025-10-14,2556.4414643696614,2066.5776444410044,67116.50915427867,42192.43703862456,190.40339751281144,0.8,68586.62369204254,977.8567701452457,4987.539217736921,6,4046.3740924056206,90.56964006847181,47179.97625636148,0.3194,1.3729,0.7730666666666666
dynamic_reserve_aware,2025-10-15,2066.5776444410044,1729.6149567461318,63224.43922499013,39831.38638866817,1020.9071501293114,0.8,66714.11200661527,3219.1323612086653,15249.561088794699,24,892.1404241132142,324.0262910816514,55080.94747746287,0.3279,1.3505,0.7760555555555556
dynamic_reserve_aware,2025-10-16,1729.6149567461318,2068.3314549180586,66503.15559592543,41902.01805859189,682.3341735560861,0.8,67374.51194239827,3226.155295653086,17047.637525844722,33,2524.0979192030213,0.0,58949.655584436616,0.3224,1.3193,0.7822208333333331
dynamic_reserve_aware,2025-10-17,2068.3314549180586,1389.5243476486298,31839.868039295878,12744.919854471927,226.23843835757765,0.8,39289.87793464422,967.919881286389,3034.1289510212937,10,14110.340688332839,88.790491031702,15779.048805493221,0.1661,1.1647,0.58880625
dynamic_reserve_aware,2025-10-18,1389.5243476486298,2045.6549417491342,33404.69638888657,13320.093562635666,241.70335884465084,0.8,39704.2192419033,360.91852511384667,1603.5422769009886,2,13428.688049123286,0.0,14923.635839536655,0.1762,1.1522,0.5830680555555555
dynamic_reserve_aware,2025-10-19,2045.6549417491342,2170.7852968095444,69775.72508115994,44302.0848597754,212.7870194683006,0.8,69656.54099079702,2160.0479530074194,11900.000190329216,26,3837.6821105217314,0.0,56202.085050104615,0.3396,1.3441,0.7893604166666667
dynamic_reserve_aware,2025-10-20,2170.7852968095444,2453.936969822909,70518.43263451009,45402.17001949674,1046.5612595325624,0.8,72206.61542010799,1394.3474114337905,7711.837234501543,5,3251.126450856754,0.0,53114.00725399829,0.3284,1.3294,0.7871270833333333
dynamic_reserve_aware,2025-10-21,2453.936969822909,2643.5143161012707,72262.51539952557,46857.68420463805,99.37063772969228,0.8,72267.55838695042,1508.4325664991584,7920.357290896417,7,3416.0558628527033,1079.9870345530235,54778.04149553447,0.3559,1.3281,0.79530625
dynamic_reserve_aware,2025-10-22,2643.5143161012707,1895.464441356492,72059.99329509928,46337.783777942925,241.6354689452608,0.8,71500.3495168956,1950.7497875197885,10880.087689708249,15,5374.610140268415,0.0,57217.87146765117,0.3376,1.3348,0.7929506944444444
dynamic_reserve_aware,2025-10-23,1895.464441356492,2120.219457968087,70069.34053182046,44757.079869426714,1213.4902350304797,0.8,71688.56238871379,548.8576280972788,3490.9459129485413,4,2948.3056014579256,64.11441324882594,48248.025782375254,0.3637,1.3254,0.7813361111111112
dynamic_reserve_aware,2025-10-24,2120.219457968087,1745.9911252735888,32474.435170309807,13459.71589180462,253.64528931124315,0.8,40254.25002259595,590.5312352868505,3106.970232173054,10,11807.438431227272,0.0,16566.686123977674,0.1355,1.1463,0.5963583333333333
dynamic_reserve_aware,2025-10-25,1745.9911252735888,1746.1700631752535,34329.978736100995,14207.794766783823,162.14562872616176,0.8,41203.87659765998,221.32952184694733,937.5919826706345,3,11818.05681596385,80.53971291067722,15145.386749454457,0.1778,1.172,0.5985090277777778
dynamic_reserve_aware,2025-10-26,1746.1700631752535,2855.6161416418704,70304.40003371364,45548.738504674235,853.2136925262561,0.8,71576.22224428155,1663.7053134979842,9515.978734197233,11,2451.5383047645323,0.0,55064.71723887147,0.3661,1.3094,0.7873305555555555
dynamic_reserve_aware,2025-10-27,2855.6161416418704,2473.8433211798283,70356.0601714654,45703.47605605111,1542.964882463095,0.8,73346.14844977579,1212.6093583074985,6682.804621804602,16,4677.950557933349,0.0,52386.28067785571,0.3474,1.3209,0.7828958333333333
dynamic_reserve_aware,2025-10-28,2473.8433211798283,2553.140509268209,68458.59154435173,44724.23504036839,1748.3391436796403,0.8,70796.5810625329,1754.8408933154806,10316.991254833703,12,370.9866290133248,0.0,55041.22629520209,0.3814,1.363,0.7930666666666668
dynamic_reserve_aware,2025-10-29,2553.140509268209,1414.5190081456083,68989.560446077,45295.81430662803,986.2711268431847,0.8,70827.45873786623,3279.9667044596454,18665.89280549922,27,443.43538759173816,432.5966141885599,63961.70711212725,0.3617,1.3399,0.8069569444444444
dynamic_reserve_aware,2025-10-30,1414.5190081456083,2146.9048216783085,71737.70977772928,47083.27551746811,1335.453999942081,0.8,71821.41086677762,1751.75425762607,9763.380206237438,17,4212.906147503104,0.0,56846.655723705546,0.3217,1.3188,0.7919604166666666
dynamic_reserve_aware,2025-10-31,2146.9048216783085,1697.4933015379481,33824.95221847575,14010.24189518105,147.22335588352843,0.8,41599.591858379084,340.7136835366489,1463.8596117604577,6,7290.867976790575,121.5753983309263,15474.101506941508,0.2016,1.1689,0.6177326388888889
dynamic_reserve_aware,2025-11-01,1697.4933015379481,1949.775928145862,33706.77080488205,13671.03264156156,258.89000614899123,0.8,40967.74926496706,924.4314099784374,2926.030295206796,6,8341.997662377742,244.17016871555444,16597.062936768358,0.2088,1.193,0.6046034722222222
dynamic_reserve_aware,2025-11-02,1949.775928145862,2114.057541733578,72638.76320802321,48093.24318544743,945.0769911540572,0.8,72471.56914797559,1836.406669911882,9725.329919538402,19,1760.507197527463,162.93206014306634,57818.57310498583,0.3823,1.3248,0.8022444444444444
dynamic_reserve_aware,2025-11-03,2114.057541733578,2777.3280491136193,77392.11265819077,51903.87503167681,101.849168087965,0.8,75228.3064848244,2019.8315258981365,11007.730987857238,16,5708.347951990146,718.8435802658995,62911.606019534054,0.3421,1.3314,0.8054708333333334
dynamic_reserve_aware,2025-11-04,2777.3280491136193,2069.098475752361,74338.65527644234,49154.603663830225,448.28086422316164,0.8,73479.87838816192,1483.3527902351793,8206.532007876911,15,5466.948707355078,20.36289213147097,57361.13567170713,0.3595,1.335,0.7975826388888889
dynamic_reserve_aware,2025-11-05,2069.098475752361,2258.1587252342933,75309.11787490359,50620.544817282265,1344.4291692351537,0.8,74807.99622101724,956.5227714709106,5006.566005216676,7,2424.0287580903137,788.3467681572636,55627.110822498944,0.3759,1.328,0.8089555555555555
dynamic_reserve_aware,2025-11-06,2258.1587252342933,1657.9737425823732,74136.37525522787,49821.311997371544,202.45806490248123,0.8,73679.90522245338,1165.533920848083,5730.405710146724,20,469.4286255943261,8.933462770324013,55551.71770751827,0.3771,1.3718,0.8150673611111112
dynamic_reserve_aware,2025-11-07,1657.9737425823732,2407.0598061792994,34983.029151651695,14671.449945409795,200.6909709678654,0.8,42133.144803313306,719.7412858581273,3073.0020793151652,7,8047.601628732509,0.0,17744.45202472496,0.2158,1.1963,0.6155340277777778
dynamic_reserve_aware,2025-11-08,2407.0598061792994,2383.8740639156913,33623.6372980566,14110.33113048619,255.87397203031023,0.8,41536.901949338666,771.6133369463564,2411.189982512835,10,7184.016024024806,0.0,16521.521112999028,0.242,1.2197,0.6173409722222222
dynamic_reserve_aware,2025-11-09,2383.8740639156913,2611.9369366987685,74852.66584493603,50236.676884852604,1687.859235195861,0.8,73944.9273449116,2331.697258163366,13199.281277259515,16,1716.8556332378243,0.0,63435.95816211212,0.3516,1.3403,0.8103173611111111
dynamic_reserve_aware,2025-11-10,2611.9369366987685,2214.815629404978,76884.23961656193,52591.29950197248,1037.8101664999285,0.8,75819.71703280465,1793.8062953881836,8835.211052526023,13,1092.963758433968,0.0,61426.5105544985,0.2992,1.3367,0.8189729166666666
dynamic_reserve_aware,2025-11-11,2214.815629404978,2333.077558083324,77827.82447379173,52502.251310972526,724.6697301308052,0.8,75887.18322273981,1274.911130031633,7095.032325507577,9,3571.736033152793,38.61881998669435,59597.283636480104,0.3475,1.3296,0.8138590277777777
dynamic_reserve_aware,2025-11-12,2333.077558083324,2628.7926268016677,78301.34636437459,52955.211831950975,1047.8902999429756,0.8,75838.10026741156,1367.120799837523,7608.012050039024,6,4511.263104896207,562.009338322572,60563.22388199,0.3489,1.3537,0.8123951388888888
dynamic_reserve_aware,2025-11-13,2628.7926268016677,2117.0718734670722,75911.71232686218,52484.631408164765,618.0830419829344,0.8,75275.26044834415,1545.8673503460425,8061.7467533367435,17,1995.8944562015395,22.575080741110582,60546.37816150151,0.3456,1.3222,0.8185361111111111
dynamic_reserve_aware,2025-11-14,2117.0718734670722,3070.479266471622,35655.87653284913,15318.952468677064,62.30239695042205,0.8,42998.521921112646,798.4506654754216,3606.350322215401,10,4546.850442427459,0.0,18925.302790892463,0.2419,1.1899,0.6290784722222222
dynamic_reserve_aware,2025-11-15,3070.479266471622,2629.550630679577,34280.91311424597,14897.160669712095,159.32404436480383,0.8,42720.432514361906,1267.228845941519,4274.228624647411,15,4294.253765001738,0.0,19171.389294359506,0.2532,1.1995,0.6287680555555555
dynamic_reserve_aware,2025-11-16,2629.550630679577,2272.817912663746,79200.12986935259,54729.08910770118,1007.3722166480844,0.8,76861.46006475788,1266.1358510958794,6676.712443777918,9,2363.3816869235297,0.0,61405.8015514791,0.3594,1.3416,0.8205798611111111
dynamic_reserve_aware,2025-11-17,2272.817912663746,2491.6170505844384,78742.12621654036,54008.18663335264,468.4733192019447,0.8,76892.68271272483,756.168374576219,3748.9203768741227,4,2586.0818951176957,0.0,57757.10701022676,0.3623,1.3437,0.815854861111111
dynamic_reserve_aware,2025-11-18,2491.6170505844384,2310.6972867553845,78779.14337543266,54628.10084806544,1208.9869139306097,0.8,77007.34863220225,1452.4291151419102,7339.08789643329,13,1862.6871431974002,608.4814418042203,61967.18874449873,0.3257,1.3419,0.8219124999999999
dynamic_reserve_aware,2025-11-19,2310.6972867553845,2642.396316719661,78984.58847317092,55331.9450492768,484.33848191493496,0.8,76889.12259268656,1816.5164827907643,9657.33197154726,16,1152.9179931815777,0.0,64989.27702082406,0.3761,1.3453,0.8290138888888889
dynamic_reserve_aware,2025-11-20,2642.396316719661,2739.632158893562,78538.31205335657,54043.2430826333,659.8862049350959,0.8,77075.33978038465,2212.0593400014886,12401.70270113531,24,2093.5321761844334,0.0,66444.9457837686,0.3421,1.4244,0.8211791666666666
dynamic_reserve_aware,2025-11-21,2739.632158893562,2117.7044976904526,34762.92880292924,15077.936577535496,179.46371348171888,0.8,42829.45901397857,596.1695300212589,1829.0826631976001,7,3747.21192450756,0.0,16907.019240733098,0.2524,1.1626,0.6326340277777778
dynamic_reserve_aware,2025-11-22,2117.7044976904526,1921.5945838510372,35764.18298105743,15343.816219722186,301.51049234783625,0.8,42852.6879852926,878.3742522729623,2594.900488935936,18,2867.38112494443,83.55974324929423,17938.71670865812,0.2376,1.1753,0.636675
dynamic_reserve_aware,2025-11-23,1921.5945838510372,2188.8494825556327,80061.51808636058,55503.91394881272,670.7641477009855,0.8,77675.06515439932,1472.1928814840371,7926.767534915172,17,1951.4724318662982,43.15932104833303,63430.681483727894,0.3495,1.346,0.8264944444444444
dynamic_reserve_aware,2025-11-24,2188.8494825556327,1684.02489547995,79436.19865005539,54809.74580982853,562.7535276185905,0.8,77205.45791383975,883.9878590946583,4680.972525333329,11,2572.102604218658,85.44348857927662,59490.71833516186,0.3605,1.3475,0.8210506944444445
dynamic_reserve_aware,2025-11-25,1684.02489547995,2166.1686121001085,79804.30067561043,54664.38820334112,233.49571428516884,0.8,76545.04673616524,1363.656765426203,7310.678387843243,14,280.7473457906002,0.0,61975.06659118437,0.3452,1.3383,0.8241243055555556
dynamic_reserve_aware,2025-11-26,2166.1686121001085,2408.0158589224143,80450.86088027703,55940.12490269737,295.1157031707152,0.8,78040.18107225999,1227.6674964978401,6881.932611984896,5,228.58064058157413,0.0,62822.05751468227,0.2983,1.3677,0.8299340277777778
dynamic_reserve_aware,2025-11-27,2408.0158589224143,2263.44492843672,79947.89620897266,55826.4269665783,230.45729084685883,0.8,77599.94418301496,1001.278674937239,5917.672876670884,3,1253.995377905031,0.0,61744.09984324918,0.3187,1.3841,0.8285638888888889
dynamic_reserve_aware,2025-11-28,2263.44492843672,1987.5105588029744,35551.257937049406,15016.57843627566,152.9895400971912,0.8,43147.03259629114,514.8925113722105,1624.0487947550264,7,1823.922787555493,0.0,16640.62723103069,0.2408,1.184,0.6340243055555557
dynamic_reserve_aware,2025-11-29,1987.5105588029744,1771.9806246616572,36689.05362711213,15174.579971241299,217.651532280092,0.8,43447.4036126349,1940.924018070039,7681.599931337009,16,88.57009403278118,23.515492672942855,22856.179902578308,0.2736,1.1734,0.6504381944444445
dynamic_reserve_aware,2025-11-30,1771.9806246616572,2195.5415003522626,83905.39113706892,58861.52589209851,1057.3543437039373,0.8,79974.5725368491,1624.892170631671,9527.768633568863,9,617.4287386465883,272.5450796255153,68389.29452566737,0.3651,1.3886,0.8395993055555555
dynamic_reserve_aware,2025-12-01,2195.5415003522626,1762.6069427352204,84195.51859691596,62257.91157626829,537.7708516037742,0.8,80438.12199047621,6380.741308028007,35540.37115148892,56,494.59029809841314,57.77137963814846,97798.2827277572,0.361,1.5873,0.9076055555555556
dynamic_reserve_aware,2025-12-02,1762.6069427352204,2299.3779149099128,87720.3462551146,65680.03099519713,285.1430793193708,0.8,83569.69410145137,5796.046262469797,33713.55148463621,53,51.16720857021153,0.0,99393.58247983333,0.378,1.584,0.9153138888888888
dynamic_reserve_aware,2025-12-03,2299.3779149099128,2656.5925146371414,91787.035086994,70184.48221275685,1641.401722175499,0.8,88209.8349105944,2719.2924029531905,16796.221288834065,20,3117.6297983996587,0.0,86980.7035015909,0.3713,1.584,0.9120326388888889
dynamic_reserve_aware,2025-12-04,2656.5925146371414,2658.175043971113,90037.27476310892,67697.72955639062,1772.5991187061732,0.8,86819.54370126317,4087.2737136833853,23896.944437740152,30,3265.5442091166033,0.0,91594.67399413078,0.3853,1.5836,0.9050854166666666
dynamic_reserve_aware,2025-12-05,2658.175043971113,2479.2570236274705,47273.21181551245,21558.555686269814,1025.8608265872483,0.8,50778.673383251415,962.4966410528973,3009.1961294963494,4,3151.648990912599,0.0,24567.75181576616,0.2354,1.4106,0.7171770833333333
dynamic_reserve_aware,2025-12-06,2479.2570236274705,3015.9264374072663,47022.56510516025,21831.949316480768,1103.3937290409958,0.8,50200.19425402554,1809.354162795082,6347.963989485408,19,778.6051996868418,0.0,28179.913305966176,0.3005,1.4053,0.7271965277777777
dynamic_reserve_aware,2025-12-07,3015.9264374072663,2836.66535148523,94639.17860274293,72422.40495118982,2641.952793254714,0.8,92106.8578651739,228.27385221244577,1714.9328501103832,2,3415.6489019749197,0.0,74137.33780130021,0.3908,1.6174,0.9101083333333333
dynamic_reserve_aware,2025-12-08,2836.66535148523,3328.6581833071746,98628.98813035263,75768.43565057902,2457.7670283844427,0.8,95087.67342569566,659.3276508605484,4598.931539286795,4,6845.2404141606585,0.0,80367.36718986582,0.3445,1.6698,0.9085152777777777
dynamic_reserve_aware,2025-12-09,3328.6581833071746,3230.0663984294083,97233.62191114528,73807.49022458057,1216.4326307151082,0.8,94127.2049506963,403.76575186002685,3017.724396144034,4,6022.880058006535,0.0,76825.21462072461,0.3418,1.5404,0.9057770833333332
dynamic_reserve_aware,2025-12-10,3230.0663984294083,3082.2524070424156,96503.53146901258,74488.49624172202,2710.7554707703603,0.8,93831.57624559273,238.11534173167047,1743.1778383809497,3,4594.512361222393,0.0,76231.67408010297,0.3834,1.6143,0.9161590277777777
dynamic_reserve_aware,2025-12-11,3082.2524070424156,2840.7281949317835,96239.87883855758,72511.97695210594,1978.6760380197436,0.8,93598.7093656965,153.28179634134676,1146.0879912442497,1,6654.107355401413,0.0,73658.06494335018,0.33,1.5835,0.8976340277777778
dynamic_reserve_aware,2025-12-12,2840.7281949317835,2497.6593181842477,49787.19208209646,23276.855014512188,1289.3526512428573,0.8,52691.19632654544,371.31183814577736,1586.162197196238,2,3263.40623814538,0.0,24863.017211708426,0.2681,1.456,0.7237798611111111
dynamic_reserve_aware,2025-12-13,2497.6593181842477,2785.1723811392694,54161.16320021951,25762.58299851713,230.15448540291396,0.8,54957.38534083485,976.4963739424111,4734.619035101842,4,7660.972908611362,0.0,30497.20203361897,0.3133,1.4166,0.7296965277777777
dynamic_reserve_aware,2025-12-14,2785.1723811392694,2551.915604581639,99656.49172447495,76813.84513256306,303.0425544446447,0.8,96381.9053980994,2322.5074790360445,13300.461315899403,5,9561.625669021,0.0,90114.30644846246,0.3769,1.5687,0.9207375000000001
dynamic_reserve_aware,2025-12-15,2551.915604581639,2383.9873749208964,98007.44616929437,75453.26465765349,1261.9667480191322,0.8,94330.77010276678,864.2503586235812,6080.832743674855,6,5433.329385260916,9.042945626436563,81534.09740132834,0.3509,1.5558,0.9144402777777779
dynamic_reserve_aware,2025-12-16,2383.9873749208964,2111.225978865333,96634.2993197955,74184.1783915547,1139.2536559154294,0.8,93087.42646234237,630.8990537756165,3723.4573118789476,7,3997.4146071342907,19.505813656162218,77907.63570343364,0.3715,1.5512,0.9109138888888888
dynamic_reserve_aware,2025-12-17,2111.225978865333,2359.41988711275,95813.28117070388,72983.35558053637,2523.07745431929,0.8,92096.81292678522,1530.1919527590508,10717.336585494002,10,4841.20736844711,0.0,83700.69216603038,0.3507,1.5634,0.9088097222222221
dynamic_reserve_aware,2025-12-18,2359.41988711275,1583.6211916886457,93456.27762666836,70413.0873849558,2382.2847615677056,0.8,89710.7087904713,1152.311074682666,7043.361181101063,16,3862.1808785984945,33.41811549433487,77456.44856605686,0.3508,1.5699,0.9094777777777777
dynamic_reserve_aware,2025-12-19,1583.6211916886457,1390.9441959782766,49979.915427573185,23055.14772642271,1044.8605237723373,0.8,49754.06397797781,937.9684965358263,4133.514114016941,10,4411.342240920531,427.9233168039383,27188.66184043965,0.2621,1.394,0.7250944444444445
dynamic_reserve_aware,2025-12-20,1390.9441959782766,1719.4823141900536,46460.7715752487,20694.81383654515,677.6463248743714,0.8,48396.23181038152,1521.3891225681973,5894.449749593841,19,624.6222979246452,120.08483192528519,26589.26358613899,0.2632,1.3841,0.7189708333333333
dynamic_reserve_aware,2025-12-21,1719.4823141900536,1974.0345719711952,89826.79856667397,67078.8951130822,1024.063615089853,0.8,85436.35293597664,3778.911683704502,24545.388322342187,39,192.98219233115344,29.446615236191178,91624.28343542438,0.3905,1.5659,0.9100763888888888
dynamic_reserve_aware,2025-12-22,1974.0345719711952,2120.5982180523474,94656.7979921577,72368.25794612835,2381.187950962189,0.8,90738.42956867123,1844.8196212041157,12559.768171282185,20,3375.5714492585435,55.32467878831608,84928.02611741053,0.3709,1.5876,0.9192854166666665
dynamic_reserve_aware,2025-12-23,2120.5982180523474,1677.1434351172506,93338.2594368163,71052.42008019991,374.9047835466506,0.8,89395.0424129481,525.1400356119872,3770.5360797080975,13,2903.220735203759,36.10118057949592,74822.956159908,0.3848,1.5836,0.9126888888888889
dynamic_reserve_aware,2025-12-24,1677.1434351172506,1805.7805681263123,91864.1216658214,68628.19511988318,1902.5250710099067,0.8,87700.04611919241,2740.1603083446585,18805.860120249694,27,2390.4822219772163,42.9336025158741,87434.05524013288,0.3591,1.547,0.9082652777777778
dynamic_reserve_aware,2025-12-25,1805.7805681263123,1656.4673628591509,90476.08496011849,68376.74696088665,661.2766059677843,0.8,86671.54530091217,1972.9113207441155,12242.656566267495,23,630.352561256329,37.461409625031365,80619.40352715415,0.2502,1.6252,0.9102520833333334
dynamic_reserve_aware,2025-12-26,1656.4673628591509,1410.7604778332163,46596.62716972435,21112.444669728946,1112.8896825001843,0.8,47832.929060218456,1661.5773746009804,6046.692320429065,17,1735.1885571899463,0.0,27159.13699015801,0.278,1.4434,0.7237750000000001
dynamic_reserve_aware,2025-12-27,1410.7604778332163,1978.9122298250936,47305.63673867483,20614.308172710305,1242.2535971963023,0.8,48265.89492856394,1796.133516840866,6926.003948704607,16,1148.937025072819,0.0,27540.312121414914,0.2681,1.4076,0.7212277777777778
dynamic_reserve_aware,2025-12-28,1978.9122298250936,1865.8112533477843,92084.88186726067,69150.01165894547,844.5950338597971,0.8,88001.76161560947,2037.5498433980179,13149.343021056222,24,3287.744278937265,52.73218605675822,82299.35468000169,0.3477,1.5651,0.9058916666666667
dynamic_reserve_aware,2025-12-29,1865.8112533477843,2147.2682626362634,95358.05386218242,71983.76855011152,574.1724627348473,0.8,91542.55605432604,1515.4458357907502,10282.267870104182,13,5104.39483087403,0.0,82266.0364202157,0.3684,1.5396,0.90653125
dynamic_reserve_aware,2025-12-30,2147.2682626362634,2204.158885803046,94537.39968456962,70764.35049889877,360.31399585855377,0.8,91091.60950954966,1426.56415220597,8969.307118163313,8,5819.2275779200045,0.0,79733.65761706208,0.3684,1.5554,0.9004583333333334
dynamic_reserve_aware,2025-12-31,2204.158885803046,1717.942934481624,93392.82071017704,70299.9102073292,228.38047436662896,0.8,89472.51898304021,856.9165534926864,6345.329067161503,12,1667.8425699690556,199.66571789686225,76645.23927449071,0.3518,1.5632,0.9102437499999999
